Order_ID,Date,Product,Category,Quantity,Unit_Price,Discount,Customer_Age,Payment_Method,Store_Location
ORD-105398,5/8/2023,Socks,Clothing,5,293.67,0.15,46,Credit Card,Chicago
ORD-103078,1/21/2023,Cookware Set,Home & Kitchen,6,153.37,0,36,Apple Pay,New York
ORD-106051,7/7/2023,Socks,Clothing,5,104.13,0.1,41,Debit Card,New York
ORD-106503,6/24/2023,Data Science 101,Books,3,120.21,0.05,61,Debit Card,Phoenix
ORD-103602,12/12/2023,Biography,Books,6,406.91,0.15,67,CREDIT CARD,Houston
ORD-109820,11/9/2023,Moisturizer,Beauty,9,50000,0.05,50,PayPal,New York
ORD-100933,11/6/2023,Data Science 101,Books,5,375.97,0,66,Cash,Los Angeles
ORD-100034,5/17/2023,Wireless Mouse,Electronics,6,257.82,0.2,50,Apple Pay,Chicago
ORD-100305,Invalid_Date,Air Fryer,Home & Kitchen,1,165.19,0.1,28,Credit Card,Houston
ORD-108928,5/1/2023,Shampoo,Beauty,8,124.53,0.15,43,,Online
ORD-101124,7/6/2023,Mug,Home & Kitchen,7,,0,36,Credit Card,Online
ORD-107856,8/15/2023,Socks,Clothing,1,175.73,0.2,34,Credit Card,Houston
ORD-109901,4/24/2023,Socks,Clothing,8,50.8,0.05,72,Debit Card,Online
ORD-105707,4/24/2023,Sunscreen,Beauty,5,178.6,0,55,Credit Card,Chicago
ORD-102037,Invalid_Date,Air Fryer,Home & Kitchen,3,263.45,0.05,23,Cash,Chicago
ORD-101489,8/30/2023,Fiction Novel,Books,1,246.51,0.2,47,Debit Card,Phoenix
ORD-100736,6/30/2023,USB-C Cable,Electronics,5,198.95,0,74,Debit Card,Phoenix
ORD-101497,5/11/2023,Blender,Home & Kitchen,2,9999.99,0.05,73,PayPal,Chicago
ORD-105437,1/5/2023,Monitor,Electronics,2,186.93,0.1,45,Apple Pay,Los Angeles
ORD-101579,2/22/2023,Cookware Set,Home & Kitchen,7,57.37,0.05,55,PayPal,Houston
ORD-108956,4/17/2023,Lip Balm,Beauty,9,239.67,0.2,48,Debit Card,Los Angeles
ORD-100040,5/20/2023,Lip Balm,Beauty,3,341.95,0.15,43,Credit Card,Phoenix
ORD-109594,5/8/2023,Biography,Books,8,9999.99,0,28,Debit Card,Los Angeles
ORD-100319,12/10/2023,Socks,Clothing,6,166.33,0.1,0,Credit Card,Houston
ORD-106856,3/28/2023,Wireless Mouse,Electronics,7,124.17,0.15,22,Cash,Houston
ORD-104344,4/12/2023,Python Guide,Books,5,415.86,0.1,55,,Online
ORD-105928,3/21/2023,Moisturizer,Beauty,5,50000,0.05,49,Cash,Houston
ORD-104380,3/17/2023,History Book,Books,6,183.4,0.15,Unknown,Apple Pay,Online
ORD-104231,6/20/2023,Socks,Clothing,7,465.59,0.15,24,PayPal,New York
ORD-100674,1/13/2023,Headphones,Electronics,9,30.92,0.05,54,PayPal,Online
ORD-103474,9/18/2023,History Book,Books,6,405.54,0.2,32,PayPal,Online
ORD-100566,7/22/2023,T-Shirt,Clothing,4,154.13,0.2,52,Apple Pay,Online
ORD-106399,4/16/2023,Headphones,Electronics,9,453.38,0.1,200,Cash,Los Angeles
ORD-108776,4/13/2023,USB-C Cable,Electronics,1,9999.99,0.2,26,PayPal,Phoenix
ORD-107013,4/20/2023,Jeans,Clothing,8,177.75,0.15,23,Cash,Online
ORD-101454,7/7/2023,Cookware Set,Home & Kitchen,5,,0.1,26,PayPal,New York
ORD-109239,5/20/2023,Sunscreen,Beauty,8,196.68,0.2,18,Apple Pay,New York
ORD-107984,8/31/2023,Biography,Books,3,153.3,0.15,-5,Cash,Online
ORD-101083,1/4/2023,Mechanical Keyboard,Electronics,5,339.43,0,21,PayPal,Online
ORD-106682,11/7/2023,Fiction Novel,Books,8,486.92,0,44,Debit Card,Chicago
ORD-100252,2023-13-45,Moisturizer,Beauty,9,126.97,0.05,54,PayPal,Chicago
ORD-108359,10/6/2023,Hoodie,Clothing,7,76.4,0.1,37,Debit Card,Online
ORD-103208,8/19/2023,Air Fryer,Home & Kitchen,9,406.28,0.2,58,Credit Card,Phoenix
ORD-105352,Invalid_Date,Mechanical Keyboard,Electronics,3,227.72,0.1,44,Apple Pay,Phoenix
ORD-104265,5/24/2023,Wireless Mouse,Electronics,3,409.64,0.2,29,Debit Card,Los Angeles
ORD-100322,9/24/2023,Jacket,Clothing,6,454.37,0.1,41,,Online
ORD-104706,7/7/2023,Hoodie,Clothing,8,309.84,0,70,Debit Card,Houston
ORD-109546,3/12/2023,Wireless Mouse,Electronics,7,249.97,0,34,Debit Card,Houston
ORD-105614,1/21/2023,Wireless Mouse,Electronics,5,456.87,0.1,25,Cash,Chicago
ORD-108918,4/26/2023,Mechanical Keyboard,Electronics,6,81.22,0.05,42,Apple Pay,Online
ORD-105262,4/22/2023,Cookware Set,Home & Kitchen,4,89.45,0.1,33,Credit Card,Houston
ORD-101955,3/28/2023,Data Science 101,Books,5,21.61,0.15,56,Debit Card,Los Angeles
ORD-104013,11/17/2023,USB-C Cable,Electronics,4,153.04,0.2,57,Credit Card,Houston
ORD-104699,7/22/2023,USB-C Cable,Electronics,4,411.85,0.05,39,PayPal,Los Angeles
ORD-105769,5/11/2023,Monitor,Electronics,6,423.91,0,38,PayPal,HOUSTON
ORD-100484,2023-13-45,Python Guide,Books,6,417.18,0,51,Debit Card,Phoenix
ORD-108537,6/13/2023,Mug,Home & Kitchen,4,179.55,0.2,49,Debit Card,Phoenix
ORD-102068,7/23/2023,Blender,Home & Kitchen,4,120.64,0.05,55,Debit Card,Online
ORD-102233,4/21/2023,Jeans,Clothing,8,9999.99,0.05,18,Apple Pay,New York
ORD-101796,7/11/2023,USB-C Cable,Electronics,1,9.45,0.15,32,Debit Card,Online
ORD-102214,2/2/2023,USB-C Cable,Electronics,3,423.39,0.15,45,Cash,Houston
ORD-104112,5/4/2023,Socks,Clothing,9,298.63,0,55,Credit Card,Houston
ORD-107335,4/2/2023,Mechanical Keyboard,Electronics,6,389.47,0,72,Cash,Online
ORD-102013,3/8/2023,Monitor,ELECTRONICS,3,160.48,0,67,Cash,Houston
ORD-106080,8/12/2023,Coffee Maker,Home & Kitchen,8,166.11,0,45,Cash,New York
ORD-100501,4/17/2023,Coffee Maker,Home & Kitchen,2,86.82,0,47,Apple Pay,Phoenix
ORD-105107,1/2/2023,Perfume,BEAUTY,1,265.14,0.2,19,Apple Pay,Online
ORD-106754,1/14/2023,Moisturizer,Beauty,6,305.64,0.05,61,Debit Card,Los Angeles
ORD-102359,1/17/2023,Wireless Mouse,Electronics,2,367.23,0.1,0,Cash,Chicago
ORD-107860,11/20/2023,Mechanical Keyboard,Electronics,6,9999.99,0.2,54,Credit Card,Online
ORD-102274,5/5/2023,USB-C Cable,Electronics,Unknown,280.62,0,38,Debit Card,Los Angeles
ORD-108202,2/14/2023,Hoodie,Clothing,N/A,466.52,0.15,24,Apple Pay,New York
ORD-102153,6/4/2023,Mechanical Keyboard,Electronics,5,221.2,0.1,23,CREDIT CARD,Chicago
ORD-108122,7/18/2023,Jacket,Clothing,2,231.9,0.1,45,Cash,New York
ORD-101200,12/28/2023,Air Fryer,Home & Kitchen,2,31.65,0,30,PayPal,Phoenix
ORD-101114,11/15/2023,Cookware Set,Home & Kitchen,2,337.83,0,N/A,Credit Card,New York
ORD-107677,9/1/2023,History Book,Books,5,281.58,0.1,23,Credit Card,New York
ORD-108720,7/31/2023,Moisturizer,Beauty,7,432.74,0.15,49,Debit Card,Chicago
ORD-100120,5/23/2023,Lip Balm,Beauty,9,112.32,0,70,PayPal,Chicago
ORD-102031,7/13/2023,USB-C Cable,Electronics,2,282.13,0.05,20,Debit Card,Houston
ORD-108608,5/25/2023,Mechanical Keyboard,Electronics,7,376.25,0,73,PayPal,Online
ORD-102413,9/26/2023,T-Shirt,Clothing,6,200.77,0.15,64,Debit Card,Los Angeles
ORD-104345,10/15/2023,Mug,Home & Kitchen,8,222.94,0.15,33,Credit Card,Houston
ORD-108807,6/28/2023,Mechanical Keyboard,Electronics,8,387.59,0.05,22,PayPal,Los Angeles
ORD-105266,11/1/2023,Biography,Books,1,454.39,0.05,65,Cash,Los Angeles
ORD-104722,11/7/2023,Moisturizer,Beauty,5,230.18,0,29,Apple Pay,chicago
ORD-107673,5/16/2023,Headphones,Electronics,2,396.02,0.2,42,Cash,Los Angeles
ORD-105020,9/5/2023,Jacket,Clothing,2,182.62,0.2,47,Apple Pay,Phoenix
ORD-107696,7/16/2023,Blender,Home & Kitchen,5,9999.99,0,48,Cash,Phoenix
ORD-100533,7/16/2023,Cookware Set,Home & Kitchen,9,201.7,0.1,28,PayPal,Los Angeles
ORD-101003,5/10/2023,Lip Balm,Beauty,4,487.03,,44,PayPal,New York
ORD-104011,2/23/2023,Data Science 101,Books,8,397.33,0.2,61,Debit Card,Online
ORD-103920,5/24/2023,Python Guide,Books,9,414.92,0.05,N/A,PayPal,Phoenix
ORD-100374,3/23/2023,History Book,Books,4,335.46,0.2,58,Apple Pay,Houston
ORD-100097,7/11/2023,Blender,Home & Kitchen,4,92.83,0.1,66,Cash,Phoenix
ORD-109099,11/17/2023,Sunscreen,Beauty,1,111.36,,53,Cash,Houston
ORD-105854,2/24/2023,Jacket,Clothing,7,135.66,0.15,36,Cash,Chicago
ORD-107466,11/29/2023,Hoodie,Clothing,4,16.41,0.15,24,Credit Card,Los Angeles
ORD-100519,6/10/2023,Moisturizer,Beauty,9,95.59,0.05,70,Apple Pay,PHOENIX
ORD-109150,2/27/2023,Python Guide,Books,3,229.4,0.2,53,Credit Card,Chicago
ORD-101433,5/5/2023,Fiction Novel,Books,4,174.93,0.1,23,Cash,Chicago
ORD-107900,3/22/2023,Sunscreen,BEAUTY,1,452.78,0,47,Debit Card,Houston
ORD-102361,8/23/2023,Monitor,Electronics,4,303.07,0,25,Debit Card,Los Angeles
ORD-106011,2/17/2023,Lip Balm,Beauty,5,206.77,0.1,35,PayPal,Phoenix
ORD-108412,1/25/2023,Monitor,Electronics,3,142.54,0,64,Cash,Online
ORD-106019,6/22/2023,Blender,Home & Kitchen,N/A,186.74,0.1,45,Apple Pay,Chicago
ORD-103972,11/3/2023,Perfume,Beauty,7,0,0.15,26,PayPal,Phoenix
ORD-106038,8/5/2023,Perfume,Beauty,7,,0.05,66,Credit Card,Chicago
ORD-104721,9/17/2023,Coffee Maker,Home & Kitchen,7,294.1,0,64,Credit Card,Phoenix
ORD-103439,11/12/2023,History Book,Books,7,75.14,0.2,36,Credit Card,Los Angeles
ORD-107012,9/23/2023,Fiction Novel,Books,3,275.96,0,35,PayPal,Los Angeles
ORD-104487,7/31/2023,T-Shirt,Clothing,9,13.77,0.05,49,Debit Card,Chicago
ORD-106144,5/20/2023,Perfume,Beauty,3,418.24,0,45,Apple Pay,Phoenix
ORD-104217,10/24/2023,Wireless Mouse,Electronics,8,300.88,0,73,Debit Card,Phoenix
ORD-108179,9/9/2023,Perfume,Beauty,7,265.52,0.05,69,,New York
ORD-108193,3/21/2023,Jeans,Clothing,4,372.35,0.2,32,PayPal,New York
ORD-100577,12/14/2023,Blender,Home & Kitchen,3,122.53,,21,Cash,Chicago
ORD-101624,12/28/2023,Wireless Mouse,Electronics,8,223.1,0.2,999,Apple Pay,Online
ORD-109327,12/2/2023,Cookware Set,Home & Kitchen,7,268.09,0.15,40,Credit Card,Online
ORD-108387,3/11/2023,USB-C Cable,Electronics,7,401.77,0.2,200,Cash,Online
ORD-108508,4/26/2023,Blender,Home & Kitchen,9,89.45,0.1,28,Apple Pay,Online
ORD-108315,11/23/2023,Shampoo,Beauty,3,340.77,0.05,25,Cash,Houston
ORD-102958,8/21/2023,T-Shirt,Clothing,1,499.38,0.15,61,Cash,Houston
ORD-106052,2/14/2023,Wireless Mouse,Electronics,1,373.89,0.1,64,PayPal,New York
ORD-107465,6/28/2023,History Book,Books,3,212.43,0.15,65,Debit Card,Online
ORD-108158,10/8/2023,Mechanical Keyboard,Electronics,7,48.24,0,,Cash,Houston
ORD-105279,11/23/2023,USB-C Cable,Electronics,2,459.74,0,57,PayPal,Chicago
ORD-107659,7/23/2023,Lip Balm,Beauty,3,14.17,0.1,74,PayPal,Chicago
ORD-102593,6/22/2023,Perfume,Beauty,5,482.69,,46,PayPal,Chicago
ORD-107953,11/2/2023,T-Shirt,Clothing,6,396.91,0,41,Debit Card,Chicago
ORD-103551,4/7/2023,USB-C Cable,Electronics,2,246.04,0.2,74,Debit Card,Phoenix
ORD-104717,1/19/2023,Wireless Mouse,Electronics,8,360.99,0.15,45,Debit Card,Phoenix
ORD-102426,2/24/2023,Mechanical Keyboard,Electronics,2,436.54,0.05,18,PayPal,Chicago
ORD-107808,8/22/2023,Biography,Books,4,253.4,0.05,21,Cash,Los Angeles
ORD-107303,2/8/2023,Wireless Mouse,Electronics,2,123.64,0.05,61,PayPal,Chicago
ORD-105383,2/4/2023,History Book,Books,2,316.3,0.2,74,Cash,Phoenix
ORD-104618,8/15/2023,Socks,Clothing,9,184.74,0.15,34,Apple Pay,Houston
ORD-101191,4/23/2023,Coffee Maker,Home & Kitchen,2,326.13,0.1,34,Debit Card,Houston
ORD-105906,7/28/2023,Sunscreen,Beauty,4,346.68,0.2,49,Credit Card,Houston
ORD-104624,2/26/2023,T-Shirt,clothing,2,185.4,0.15,54,Apple Pay,Phoenix
ORD-107863,2/25/2023,Socks,Clothing,9,250.57,0.1,,Credit Card,Phoenix
ORD-109967,5/20/2023,Lip Balm,Beauty,8,15.06,0.1,53,Cash,Chicago
ORD-107681,9/5/2023,USB-C Cable,Electronics,9,32.48,0.15,39,Credit Card,Los Angeles
ORD-102957,2/19/2023,Perfume,Beauty,2,382.24,0.2,48,Credit Card,New York
ORD-105313,5/4/2023,Fiction Novel,Books,5,79.73,0.1,49,PayPal,Online
ORD-109778,4/29/2023,Blender,Home & Kitchen,5,,0.1,68,Apple Pay,Online
ORD-107929,9/1/2023,Mechanical Keyboard,Electronics,7,408.38,0,64,Apple Pay,Phoenix
ORD-104515,3/19/2023,Lip Balm,Beauty,1,232.02,0.05,62,Debit Card,Online
ORD-107237,11/8/2023,Sunscreen,Beauty,1,452.21,0.15,41,Credit Card,Los Angeles
ORD-109373,6/4/2023,Mug,Home & Kitchen,4,418.91,0.1,28,Cash,Online
ORD-107718,1/15/2023,Socks,Clothing,7,42.79,0.1,40,Cash,Chicago
ORD-106425,1/20/2023,Headphones,Electronics,9,303.56,0,34,Debit Card,Online
ORD-107140,8/16/2023,Biography,Books,1,357.28,0.05,27,Credit Card,New York
ORD-107964,1/13/2023,Moisturizer,Beauty,4,15.57,0,150,Credit Card,Phoenix
ORD-102523,9/26/2023,Headphones,Electronics,8,419.33,0.15,32,Cash,Los Angeles
ORD-100108,9/10/2023,USB-C Cable,Electronics,0,381.95,0.2,57,Credit Card,Houston
ORD-102474,Invalid_Date,Socks,Clothing,9,5.96,0,32,Cash,Los Angeles
ORD-103317,1/15/2023,Python Guide,Books,4,139.56,0.05,19,Debit Card,Houston
ORD-109025,4/6/2023,Mug,Home & Kitchen,N/A,180.44,0.05,41,Cash,New York
ORD-105099,12/23/2023,Blender,Home & Kitchen,3,29.67,0.05,71,Apple Pay,Phoenix
ORD-101671,3/18/2023,Mechanical Keyboard,Electronics,1,147.06,0.1,74,Apple Pay,Chicago
ORD-105943,9/4/2023,Blender,Home & Kitchen,8,341.42,0.1,35,Credit Card,Houston
ORD-108934,1/15/2023,Perfume,Beauty,4,170.81,0.2,67,Cash,Los Angeles
ORD-100851,6/15/2023,Lip Balm,Beauty,9,135.71,,47,PayPal,Online
ORD-107881,11/28/2023,T-Shirt,Clothing,7,434.92,0.1,40,PayPal,Chicago
ORD-104589,12/23/2023,Socks,Clothing,1,22.57,0,68,PayPal,Houston
ORD-100731,2/15/2023,T-Shirt,Clothing,3,298.93,0.15,63,PayPal,houston
ORD-104951,3/18/2023,Coffee Maker,Home & Kitchen,8,310.76,0.1,66,PayPal,Houston
ORD-104640,11/9/2023,Sunscreen,Beauty,1,278.93,0.2,73,PayPal,New York
ORD-102841,4/1/2023,Blender,Home & Kitchen,5,458.16,0,46,Apple Pay,Online
ORD-105035,11/27/2023,Blender,Home & Kitchen,3,245.38,0,20,Credit Card,Los Angeles
ORD-100081,4/28/2023,Blender,Home & Kitchen,2,123.69,0,57,Debit Card,Los Angeles
ORD-108345,11/4/2023,Sunscreen,Beauty,8,338.86,0.05,70,Debit Card,New York
ORD-105895,9/4/2023,Data Science 101,Books,9,212.19,0.15,48,Debit Card,Phoenix
ORD-108792,9/25/2023,Data Science 101,Books,6,238.5,0,20,Apple Pay,Phoenix
ORD-101077,8/26/2023,Jeans,Clothing,1,57.64,0.15,46,Apple Pay,Los Angeles
ORD-102237,6/4/2023,Coffee Maker,Home & Kitchen,7,203.97,0.15,50,Apple Pay,Chicago
ORD-100915,12/15/2023,Jacket,Clothing,1,366.08,0.2,69,Cash,Phoenix
ORD-106119,8/28/2023,Sunscreen,Beauty,4,208.16,0.1,42,Credit Card,Phoenix
ORD-107257,10/13/2023,Jacket,clothing,2,252.9,0.15,31,Debit Card,Online
ORD-101374,11/14/2023,Data Science 101,Books,1,124.59,0,48,PayPal,Online
ORD-109921,1/5/2023,Mechanical Keyboard,Electronics,1,283.58,0.1,60,Apple Pay,New York
ORD-108693,1/7/2023,T-Shirt,clothing,4,55.65,0,68,Cash,Phoenix
ORD-103111,6/7/2023,Data Science 101,Books,1,389.19,0,65,PayPal,Houston
ORD-108022,11/17/2023,Monitor,Electronics,3,442.32,0.05,30,Cash,Houston
ORD-108936,3/21/2023,Air Fryer,Home & Kitchen,2,113.58,0,51,Apple Pay,New York
ORD-105432,8/7/2023,Coffee Maker,Home & Kitchen,4,20.99,0.1,66,Credit Card,Online
ORD-102272,5/13/2023,Shampoo,Beauty,2,324.23,0.05,59,Credit Card,New York
ORD-106081,5/4/2023,Jacket,Clothing,5,337.06,0,57,Debit Card,Online
ORD-100766,2/28/2023,USB-C Cable,Electronics,5,38.83,0,67,Cash,Chicago
ORD-109415,8/16/2023,Mechanical Keyboard,Electronics,1,86.82,0,41,Credit Card,New York
ORD-109819,3/25/2023,T-Shirt,Clothing,5,255.37,0.2,60,Credit Card,Houston
ORD-107612,3/14/2023,Headphones,Electronics,5,335.35,0.05,38,Debit Card,Phoenix
ORD-103026,9/25/2023,Jacket,Clothing,5,498.9,0.05,55,debit card,Los Angeles
ORD-101731,8/3/2023,Perfume,Beauty,3,356.34,0.15,150,Credit Card,Los Angeles
ORD-105051,10/3/2023,Air Fryer,Home & Kitchen,6,88.01,0.1,52,PayPal,Los Angeles
ORD-109592,2/5/2023,USB-C Cable,Electronics,4,366.09,0.1,31,Debit Card,New York
ORD-100036,4/23/2023,Socks,Clothing,8,352.99,0,69,Credit Card,Online
ORD-108146,4/30/2023,History Book,Books,2,294.15,0.1,47,Credit Card,Houston
ORD-104849,8/16/2023,Monitor,Electronics,6,27.35,0.1,31,Credit Card,Online
ORD-103667,3/23/2023,Data Science 101,Books,4,101.54,0.2,39,Cash,Houston
ORD-106040,9/28/2023,Data Science 101,Books,7,93.89,0.1,36,,New York
ORD-102524,7/1/2023,Wireless Mouse,Electronics,8,168.79,0.05,45,Debit Card,Los Angeles
ORD-102311,5/1/2023,Lip Balm,Beauty,1,219.24,0.2,72,,New York
ORD-101544,9/14/2023,Cookware Set,Home & Kitchen,7,172.67,0.2,23,PayPal,Houston
ORD-102456,1/14/2023,History Book,Books,8,483.77,0.1,30,Cash,Houston
ORD-101924,10/10/2023,Moisturizer,Beauty,9,339.62,0,61,Apple Pay,Phoenix
ORD-102532,6/11/2023,Monitor,Electronics,4,237.7,0.2,150,PayPal,Online
ORD-108338,1/23/2023,Mug,Home & Kitchen,3,408.21,0.05,34,Cash,Online
ORD-105697,12/19/2023,Socks,Clothing,2,87.73,0.1,62,Apple Pay,Houston
ORD-100032,8/13/2023,USB-C Cable,Electronics,9,162.41,0,74,Cash,Phoenix
ORD-103544,8/2/2023,Cookware Set,Home & Kitchen,5,18.36,0.05,21,Credit Card,Online
ORD-100312,11/16/2023,Headphones,Electronics,2,110.49,0,200,Apple Pay,Chicago
ORD-106667,8/20/2023,Wireless Mouse,Electronics,5,352.81,0.2,54,Apple Pay,Chicago
ORD-107585,11/5/2023,Monitor,Electronics,6,Unknown,0.1,21,Cash,Online
ORD-103101,3/2/2023,Data Science 101,Books,8,,0.05,64,Apple Pay,New York
ORD-104105,7/20/2023,Python Guide,Books,6,143.81,0.15,54,Apple Pay,Phoenix
ORD-105490,6/3/2023,USB-C Cable,Electronics,9,9999.99,0,56,Apple Pay,Chicago
ORD-106201,3/28/2023,Data Science 101,Books,3,172.97,0.05,28,Credit Card,Chicago
ORD-106465,12/9/2023,USB-C Cable,Electronics,2,,0.05,33,Cash,Online
ORD-101732,12/16/2023,Shampoo,Beauty,2,487.75,0.05,19,Cash,Phoenix
ORD-108862,4/30/2023,Fiction Novel,Books,2,491.83,0.2,54,Credit Card,New York
ORD-103126,5/6/2023,Mug,Home & Kitchen,6,429.31,0.2,33,,Online
ORD-109420,10/27/2023,Fiction Novel,Books,8,323.5,0.2,43,DEBIT CARD,Los Angeles
ORD-104460,9/30/2023,Shampoo,Beauty,6,436.64,0,61,PayPal,Los Angeles
ORD-108525,5/22/2023,USB-C Cable,Electronics,4,395.62,0,24,Debit Card,Phoenix
ORD-109170,9/30/2023,Sunscreen,Beauty,4,464.21,0.15,26,Credit Card,Los Angeles
ORD-105564,10/3/2023,Mechanical Keyboard,Electronics,6,230.03,0,74,PayPal,Online
ORD-104454,4/10/2023,T-Shirt,Clothing,3,393.06,0.1,41,Apple Pay,New York
ORD-108212,1/11/2023,Mechanical Keyboard,Electronics,4,418.5,0.2,20,Debit Card,New York
ORD-102895,3/19/2023,Fiction Novel,Books,4,54.25,0,18,Credit Card,Online
ORD-102518,5/20/2023,Jacket,Clothing,8,263.33,0.1,52,Cash,Houston
ORD-103108,1/14/2023,Jacket,Clothing,7,31.22,0,58,Credit Card,Houston
ORD-108021,4/2/2023,Moisturizer,Beauty,9,61.59,0.1,30,Debit Card,Phoenix
ORD-101703,5/30/2023,Wireless Mouse,Electronics,4,251.61,0.05,29,PayPal,Los Angeles
ORD-107400,5/20/2023,Mechanical Keyboard,Electronics,5,358.1,0.2,45,Apple Pay,Phoenix
ORD-104752,2/21/2023,Lip Balm,Beauty,4,313.35,0,53,Credit Card,los angeles
ORD-104140,9/9/2023,Headphones,Electronics,2,50000,0.15,43,Credit Card,New York
ORD-102795,9/4/2023,Python Guide,Books,7,438.11,0.15,46,Debit Card,New York
ORD-106561,10/25/2023,Shampoo,Beauty,4,288.61,0.2,64,Credit Card,Houston
ORD-104090,8/21/2023,Biography,Books,4,278.77,0,62,Cash,Los Angeles
ORD-100714,4/11/2023,Jacket,Clothing,5,9.47,0.15,45,Apple Pay,Houston
ORD-108875,12/14/2023,Mug,Home & Kitchen,6,327.47,0.1,53,Debit Card,Phoenix
ORD-108295,5/2/2023,Sunscreen,Beauty,3,280.82,0,22,PayPal,Chicago
ORD-103025,8/17/2023,Biography,Books,5,362.32,0.05,35,Credit Card,New York
ORD-108041,9/10/2023,Data Science 101,Books,5,92.77,0.2,22,Credit Card,Houston
ORD-105222,1/15/2023,T-Shirt,Clothing,1,465.83,0.1,28,PayPal,Houston
ORD-100170,4/28/2023,Jeans,Clothing,4,7.62,0,47,Cash,Online
ORD-105522,5/14/2023,Coffee Maker,Home & Kitchen,5,20.66,0.2,50,Apple Pay,New York
ORD-107489,1/26/2023,Sunscreen,Beauty,1,162.48,0,49,PayPal,Chicago
ORD-104285,10/28/2023,Moisturizer,Beauty,9,135.26,0.2,52,Debit Card,Online
ORD-104514,2/15/2023,Cookware Set,Home & Kitchen,2,136.66,0.05,59,Debit Card,Phoenix
ORD-101340,2/18/2023,Mug,Home & Kitchen,5,384.1,0,150,Apple Pay,Chicago
ORD-106192,1/24/2023,Monitor,Electronics,9,348.99,0.05,57,PayPal,Chicago
ORD-100440,5/4/2023,Sunscreen,Beauty,4,91.01,0.05,54,Apple Pay,New York
ORD-103442,2/20/2023,USB-C Cable,electronics,3,308.07,0.1,33,Cash,Los Angeles
ORD-103321,2023-13-45,Jacket,Clothing,2,86.24,0.2,20,Debit Card,Chicago
ORD-104672,5/25/2023,Jeans,Clothing,4,224.84,0,50,Credit Card,Chicago
ORD-103534,1/15/2023,Wireless Mouse,Electronics,9,39.75,0,56,PayPal,Phoenix
ORD-107145,12/19/2023,History Book,Books,2,108.79,0.15,0,Cash,Chicago
ORD-105270,8/7/2023,Python Guide,Books,4,433.38,0.2,32,Debit Card,Houston
ORD-103965,2/18/2023,Monitor,Electronics,2,210.8,0.1,56,Cash,Online
ORD-103657,12/27/2023,Perfume,Beauty,5,316,0.2,43,Cash,New York
ORD-107595,1/31/2023,Sunscreen,Beauty,3,134.28,0,150,Debit Card,Houston
ORD-100347,11/21/2023,Python Guide,Books,2,94.58,0.2,58,Credit Card,Online
ORD-106907,7/6/2023,Python Guide,Books,5,363.54,0.05,61,Credit Card,Chicago
ORD-100316,6/30/2023,Python Guide,Books,7,314.98,0.15,20,Credit Card,Los Angeles
ORD-108787,8/5/2023,Air Fryer,Home & Kitchen,7,463.6,,52,Debit Card,New York
ORD-108551,4/18/2023,Air Fryer,Home & Kitchen,1,415.29,0.1,-5,Credit Card,Los Angeles
ORD-103799,1/28/2023,Shampoo,Beauty,1,241.64,0.1,50,Cash,Phoenix
ORD-105360,8/20/2023,USB-C Cable,Electronics,4,434.45,0.2,21,Apple Pay,Chicago
ORD-104694,2023-13-45,Mechanical Keyboard,Electronics,5,494.83,0.15,51,Debit Card,Chicago
ORD-108983,12/24/2023,Socks,Clothing,6,331.43,0.05,62,Cash,New York
ORD-105480,10/20/2023,Mechanical Keyboard,Electronics,1,251.08,0.2,55,Cash,New York
ORD-103468,7/5/2023,Jacket,Clothing,6,281.47,0.15,62,Cash,Online
ORD-100534,1/8/2023,Wireless Mouse,Electronics,-1,97.43,0.15,45,Debit Card,Houston
ORD-101806,8/6/2023,USB-C Cable,Electronics,N/A,440.33,0,33,Credit Card,Los Angeles
ORD-109689,5/21/2023,Shampoo,Beauty,3,450.66,0,19,Apple Pay,Los Angeles
ORD-106573,11/4/2023,Jeans,Clothing,6,105.59,0.15,50,Debit Card,New York
ORD-106122,10/15/2023,History Book,Books,6,355.24,0.05,40,,Online
ORD-108192,5/29/2023,Lip Balm,Beauty,6,318.27,0.2,66,Credit Card,Chicago
ORD-109451,Invalid_Date,Monitor,Electronics,9,124.15,0.1,37,Apple Pay,New York
ORD-102424,5/29/2023,Mechanical Keyboard,Electronics,1,346.9,0.1,61,Debit Card,Houston
ORD-101733,7/23/2023,Headphones,Electronics,2,261.21,0,-5,Apple Pay,New York
ORD-101892,9/24/2023,Python Guide,Books,3,340.1,0,46,Credit Card,Houston
ORD-106555,8/12/2023,Coffee Maker,Home & Kitchen,3,418.99,0.2,18,Debit Card,Phoenix
ORD-104033,11/10/2023,Blender,Home & Kitchen,4,314.77,0.2,49,Debit Card,Houston
ORD-108687,6/26/2023,Sunscreen,Beauty,2,31.92,0.15,58,APPLE PAY,New York
ORD-106274,5/5/2023,Blender,Home & Kitchen,7,491.84,0.05,Unknown,Credit Card,Online
ORD-104814,9/4/2023,Jacket,Clothing,6,5.3,0.05,54,Debit Card,Online
ORD-100304,1/7/2023,Blender,Home & Kitchen,4,325.55,0.2,28,DEBIT CARD,Houston
ORD-105246,8/14/2023,USB-C Cable,Electronics,6,50000,0.2,60,Debit Card,Phoenix
ORD-102725,12/18/2023,Wireless Mouse,Electronics,4,-1,0.2,57,PayPal,Phoenix
ORD-103721,6/28/2023,History Book,Books,4,477.34,0.1,24,Apple Pay,Online
ORD-104004,2023-13-45,Jacket,Clothing,9,82.81,0.1,19,PayPal,Los Angeles
ORD-109391,12/20/2023,Biography,Books,3,356.82,0.1,41,Debit Card,Houston
ORD-107136,12/28/2023,Jeans,Clothing,4,446.8,0.05,66,PayPal,Houston
ORD-101079,9/1/2023,History Book,Books,-1,223.81,0.05,55,Cash,Houston
ORD-101922,7/11/2023,Biography,Books,1,374.43,0.15,44,PAYPAL,Houston
ORD-107692,4/13/2023,Biography,Books,2,15.89,0.1,22,PayPal,Los Angeles
ORD-107611,12/1/2023,Mechanical Keyboard,Electronics,8,250.35,0.05,36,PayPal,New York
ORD-108028,3/4/2023,Blender,Home & Kitchen,3,22.76,0.1,45,Credit Card,Chicago
ORD-101150,5/23/2023,Mug,Home & Kitchen,4,136.67,0.1,74,Apple Pay,Chicago
ORD-103820,12/2/2023,USB-C Cable,Electronics,5,309.14,0.05,31,Apple Pay,Chicago
ORD-103788,7/24/2023,History Book,Books,5,228.79,0.15,200,Cash,Houston
ORD-106844,10/26/2023,Mug,Home & Kitchen,1,153.63,0.2,200,Apple Pay,Houston
ORD-100336,7/30/2023,USB-C Cable,Electronics,3,85.03,0.2,,Cash,Chicago
ORD-107932,5/29/2023,Lip Balm,Beauty,6,445.66,0.05,,Debit Card,Online
ORD-108460,10/3/2023,Headphones,Electronics,5,281.94,0.05,150,Credit Card,Online
ORD-107171,12/28/2023,Python Guide,Books,2,109.05,0.05,32,PayPal,Online
ORD-105934,11/14/2023,USB-C Cable,Electronics,7,166.85,0.2,57,Debit Card,Phoenix
ORD-107533,11/25/2023,Fiction Novel,Books,8,321.99,0.05,73,Cash,New York
ORD-104705,11/7/2023,Monitor,Electronics,Unknown,144.43,0,51,Debit Card,Houston
ORD-100795,5/20/2023,History Book,Books,1,338.07,0.05,35,Cash,Houston
ORD-104333,3/7/2023,Perfume,Beauty,3,170.33,0.15,34,PayPal,Houston
ORD-107662,2/6/2023,Fiction Novel,Books,5,282.39,0.05,45,Apple Pay,New York
ORD-107326,1/15/2023,Jeans,Clothing,2,130.16,0.05,73,Cash,Phoenix
ORD-106297,1/16/2023,Sunscreen,Beauty,8,299.5,0.1,23,Apple Pay,New York
ORD-103695,7/7/2023,Mechanical Keyboard,Electronics,9,208.7,0.15,46,Debit Card,Phoenix
ORD-104272,10/31/2023,Lip Balm,Beauty,1,13.48,0,42,Debit Card,Chicago
ORD-109728,12/7/2023,Perfume,Beauty,2,377.68,0.15,59,Credit Card,Phoenix
ORD-101627,10/27/2023,Air Fryer,Home & Kitchen,9,375.31,0.15,-5,Apple Pay,Phoenix
ORD-109190,9/14/2023,Python Guide,Books,7,491.19,0,29,CREDIT CARD,Chicago
ORD-105147,6/9/2023,Fiction Novel,Books,3,,0.15,26,PayPal,Phoenix
ORD-108757,9/1/2023,Socks,Clothing,7,219.13,0.15,58,PayPal,New York
ORD-108633,12/28/2023,Moisturizer,Beauty,6,379.02,0.05,67,Credit Card,New York
ORD-109358,4/7/2023,Coffee Maker,Home & Kitchen,2,29.18,0,72,Cash,Houston
ORD-108849,10/7/2023,History Book,Books,4,155.13,0.1,35,Credit Card,Chicago
ORD-107232,9/10/2023,History Book,Books,5,244.81,0.1,65,Cash,Houston
ORD-101607,1/11/2023,Data Science 101,Books,1,23.6,0.15,56,PAYPAL,Phoenix
ORD-100591,11/28/2023,History Book,Books,8,213.8,0.2,70,PayPal,Chicago
ORD-100884,11/14/2023,Data Science 101,Books,7,442.04,0.1,24,Debit Card,Los Angeles
ORD-105197,7/26/2023,Socks,Clothing,5,333.63,0.15,41,PayPal,New York
ORD-105528,9/11/2023,Shampoo,Beauty,4,11.39,0.2,45,PayPal,Chicago
ORD-100543,8/11/2023,Wireless Mouse,Electronics,4,498.55,0.1,,Cash,Los Angeles
ORD-100451,1/17/2023,Jeans,CLOTHING,1,477.89,0,58,Apple Pay,Online
ORD-108178,4/14/2023,Lip Balm,Beauty,3,104.78,0.1,35,Apple Pay,PHOENIX
ORD-103380,2/10/2023,Air Fryer,Home & Kitchen,6,249.18,0.1,67,Cash,Chicago
ORD-107175,9/27/2023,Air Fryer,Home & Kitchen,9,9999.99,0.15,73,Cash,New York
ORD-104794,3/2/2023,Data Science 101,Books,2,461.32,0,42,Apple Pay,Los Angeles
ORD-106308,Invalid_Date,Jeans,Clothing,3,456.06,0.15,49,Credit Card,Los Angeles
ORD-107062,3/17/2023,Python Guide,Books,4,55.62,0.2,26,Debit Card,Phoenix
ORD-109104,3/26/2023,Wireless Mouse,Electronics,8,475.36,0.2,20,Cash,Phoenix
ORD-104529,6/11/2023,Socks,Clothing,3,348.6,0.2,38,Cash,New York
ORD-101255,5/24/2023,Shampoo,Beauty,9,203.93,0.05,25,PayPal,Houston
ORD-100260,4/27/2023,Cookware Set,Home & Kitchen,7,21.8,0,68,Debit Card,Phoenix
ORD-100901,7/3/2023,Cookware Set,Home & Kitchen,7,33.2,0.05,26,Credit Card,Phoenix
ORD-102448,11/18/2023,Biography,Books,7,322.63,0.2,26,CREDIT CARD,Los Angeles
ORD-109799,3/31/2023,T-Shirt,Clothing,9,191.83,0.15,53,PayPal,Chicago
ORD-100959,3/14/2023,Lip Balm,Beauty,6,111.27,0.1,65,Debit Card,Los Angeles
ORD-107064,2/23/2023,Perfume,Beauty,2,369.54,0.05,,PayPal,Online
ORD-106370,1/26/2023,Monitor,Electronics,9,376,0.2,18,PayPal,Los Angeles
ORD-105453,12/5/2023,Coffee Maker,Home & Kitchen,1,50000,0.15,32,Apple Pay,New York
ORD-101632,7/3/2023,Wireless Mouse,Electronics,6,368.71,0,29,Cash,Online
ORD-102555,12/8/2023,Blender,Home & Kitchen,6,155.34,0.1,72,,Houston
ORD-103127,7/8/2023,Wireless Mouse,Electronics,5,,0.05,22,PayPal,Phoenix
ORD-109679,7/31/2023,Air Fryer,Home & Kitchen,3,479.65,0.1,36,Cash,Los Angeles
ORD-103313,10/4/2023,Air Fryer,Home & Kitchen,7,126.82,0,71,Apple Pay,New York
ORD-105295,12/6/2023,Headphones,Electronics,N/A,11,0.05,53,Cash,Houston
ORD-106866,1/18/2023,Fiction Novel,Books,9,342.69,0.05,23,Apple Pay,Phoenix
ORD-103146,5/20/2023,Jacket,Clothing,6,277.99,0,45,Cash,New York
ORD-104562,4/21/2023,Lip Balm,Beauty,1,21.29,0,33,Debit Card,Online
ORD-109795,12/26/2023,Wireless Mouse,Electronics,2,271.42,0.15,74,cash,Chicago
ORD-107334,2023-13-45,Coffee Maker,Home & Kitchen,9,38.68,0.2,43,Debit Card,Houston
ORD-109529,4/28/2023,Sunscreen,Beauty,1,240.28,0.2,36,PayPal,Online
ORD-107808,8/22/2023,Biography,Books,4,253.4,0.05,21,Cash,Los Angeles
ORD-108141,5/20/2023,Air Fryer,Home & Kitchen,6,206.71,0.05,44,Debit Card,Los Angeles
ORD-101069,9/20/2023,Lip Balm,Beauty,8,293.65,0.1,56,Apple Pay,New York
ORD-109444,10/26/2023,Perfume,Beauty,3,417.82,0,21,PayPal,New York
ORD-100296,1/13/2023,Headphones,Electronics,7,100.6,0.1,66,Cash,Chicago
ORD-102749,8/1/2023,Sunscreen,Beauty,7,445.52,0.15,25,Apple Pay,Houston
ORD-100048,12/12/2023,Cookware Set,Home & Kitchen,7,331.69,0,69,Debit Card,Houston
ORD-104152,Invalid_Date,Blender,Home & Kitchen,2,199.89,0.15,50,PayPal,Houston
ORD-102026,10/24/2023,Blender,Home & Kitchen,-1,208.35,0.05,30,Cash,Houston
ORD-103089,2/7/2023,Mechanical Keyboard,Electronics,9,141.98,0,43,Debit Card,Los Angeles
ORD-107221,8/9/2023,Coffee Maker,Home & Kitchen,4,160.52,0.15,Unknown,PayPal,Chicago
ORD-109754,8/9/2023,Perfume,Beauty,7,119.08,0.2,45,Apple Pay,Online
ORD-106798,7/18/2023,Socks,Clothing,5,350.31,0.05,67,Debit Card,Phoenix
ORD-103205,2/5/2023,T-Shirt,Clothing,3,212.73,0,39,,Los Angeles
ORD-108040,5/20/2023,Socks,Clothing,4,185.76,0.2,,Cash,New York
ORD-102479,11/10/2023,History Book,Books,4,185.8,0.15,62,,Chicago
ORD-103523,6/3/2023,USB-C Cable,Electronics,4,343,0.2,66,Apple Pay,Online
ORD-101794,12/28/2023,Cookware Set,Home & Kitchen,4,486.62,0.2,18,Credit Card,Online
ORD-101510,2/13/2023,Sunscreen,Beauty,6,262.51,0.15,45,Cash,New York
ORD-106637,2/3/2023,Cookware Set,Home & Kitchen,3,9999.99,0,66,PayPal,Chicago
ORD-109320,7/29/2023,Biography,Books,9,464.9,0.1,-1,Cash,Chicago
ORD-106904,11/28/2023,Headphones,Electronics,9,249.08,0,33,Apple Pay,New York
ORD-101964,9/27/2023,Cookware Set,Home & Kitchen,3,334.31,0.15,54,Cash,Chicago
ORD-108450,2/14/2023,Wireless Mouse,Electronics,3,415.65,0.05,43,PayPal,Online
ORD-109605,5/26/2023,Socks,Clothing,3,319.34,0,74,PayPal,Los Angeles
ORD-106837,1/28/2023,Lip Balm,Beauty,5,157.59,0.2,25,Apple Pay,Houston
ORD-104723,4/21/2023,USB-C Cable,Electronics,3,376.13,0.2,67,Debit Card,Chicago
ORD-102185,12/10/2023,Headphones,Electronics,3,369.72,0.2,62,Credit Card,New York
ORD-106886,5/29/2023,Headphones,Electronics,3,308.26,0,150,Debit Card,New York
ORD-108852,6/1/2023,Air Fryer,Home & Kitchen,9,270.75,0.2,38,Cash,Chicago
ORD-101157,12/7/2023,Lip Balm,Beauty,7,488.4,0.2,31,PayPal,Houston
ORD-107991,1/9/2023,Wireless Mouse,Electronics,4,,0.15,72,Debit Card,Phoenix
ORD-106150,11/29/2023,History Book,Books,7,281.92,0.05,44,PayPal,Phoenix
ORD-101088,1/30/2023,Shampoo,Beauty,7,253.73,0.1,19,Cash,Online
ORD-109905,9/19/2023,Blender,Home & Kitchen,7,33.61,0.15,19,Credit Card,Phoenix
ORD-102914,8/8/2023,History Book,Books,-5,303.69,0.2,28,PayPal,New York
ORD-106633,4/26/2023,Jacket,Clothing,2,439.68,0.15,52,Debit Card,New York
ORD-105834,10/27/2023,Fiction Novel,Books,9,64.53,0.2,22,Debit Card,Houston
ORD-103288,3/31/2023,Lip Balm,Beauty,1,213.28,0,59,Credit Card,New York
ORD-109403,12/29/2023,Shampoo,Beauty,9,29.56,0.2,70,Credit Card,Los Angeles
ORD-106532,3/2/2023,Sunscreen,Beauty,4,422.94,0.2,53,PAYPAL,Phoenix
ORD-108114,5/24/2023,Jacket,Clothing,9,410.64,0.2,43,Apple Pay,Online
ORD-105010,2/1/2023,Biography,Books,3,50000,0.1,34,Cash,Los Angeles
ORD-103818,6/9/2023,Hoodie,Clothing,2,401.97,0.2,50,Apple Pay,Online
ORD-107451,2/5/2023,Sunscreen,Beauty,5,167.94,0.05,40,PayPal,Chicago
ORD-104072,11/12/2023,Socks,Clothing,3,9999.99,0,44,Apple Pay,Chicago
ORD-103280,5/14/2023,Jacket,Clothing,3,268.42,0.2,64,Credit Card,Chicago
ORD-103762,1/16/2023,Cookware Set,Home & Kitchen,6,446.44,0.2,20,Apple Pay,Houston
ORD-104443,6/18/2023,Air Fryer,Home & Kitchen,2,0,0.1,66,PayPal,Chicago
ORD-108333,7/15/2023,History Book,Books,3,410,0.05,Unknown,Apple Pay,Phoenix
ORD-103161,8/17/2023,Mechanical Keyboard,Electronics,8,94.84,0.05,29,Debit Card,Phoenix
ORD-106706,9/15/2023,Data Science 101,Books,7,369.23,0.05,67,Cash,Phoenix
ORD-103371,8/6/2023,History Book,Books,3,276.89,0.05,58,Cash,Chicago
ORD-107289,12/13/2023,Fiction Novel,Books,6,84.08,0,46,Debit Card,Online
ORD-105719,6/6/2023,Headphones,Electronics,2,50000,0.15,43,PayPal,Phoenix
ORD-109867,7/9/2023,Lip Balm,Beauty,7,9999.99,0.2,44,PayPal,Houston
ORD-108738,8/28/2023,Biography,Books,4,464.18,0.2,70,Debit Card,Online
ORD-102685,3/9/2023,USB-C Cable,Electronics,7,243.53,0.1,54,Apple Pay,Los Angeles
ORD-105736,3/5/2023,Moisturizer,Beauty,2,288.4,0.05,51,Apple Pay,Online
ORD-106488,10/24/2023,Cookware Set,Home & Kitchen,5,134.64,0.1,59,Apple Pay,Online
ORD-107297,12/26/2023,Hoodie,Clothing,7,9999.99,0.1,56,PayPal,Los Angeles
ORD-106196,4/25/2023,Perfume,Beauty,9,273.66,0,150,Debit Card,Online
ORD-108436,10/7/2023,Sunscreen,Beauty,3,19.05,0.05,41,Credit Card,Chicago
ORD-102702,7/7/2023,Mechanical Keyboard,Electronics,5,302.01,0.15,32,Debit Card,New York
ORD-102628,10/18/2023,T-Shirt,Clothing,8,33.5,0,50,Debit Card,New York
ORD-106409,2/15/2023,Jacket,Clothing,1,341.07,0.15,62,Debit Card,Los Angeles
ORD-103423,9/17/2023,Headphones,Electronics,5,,0,66,Debit Card,Chicago
ORD-109635,9/20/2023,Shampoo,Beauty,7,452.86,0.15,70,Apple Pay,Online
ORD-108369,3/10/2023,Coffee Maker,Home & Kitchen,6,445.34,0.05,71,Apple Pay,Online
ORD-106249,8/19/2023,Perfume,Beauty,2,74.08,0.1,63,Credit Card,Online
ORD-100211,2/18/2023,Fiction Novel,Books,6,113.95,0,37,PayPal,New York
ORD-105803,7/8/2023,Fiction Novel,Books,5,414.43,0.05,27,Apple Pay,Houston
ORD-105275,12/7/2023,Fiction Novel,Books,2,50000,0,37,Apple Pay,Phoenix
ORD-107937,10/27/2023,Python Guide,Books,9,449.55,0.1,150,Cash,Los Angeles
ORD-103519,4/19/2023,Monitor,Electronics,6,266.12,0.2,69,Debit Card,Phoenix
ORD-109629,3/29/2023,Jacket,Clothing,3,443.33,0,47,PayPal,Phoenix
ORD-101146,3/11/2023,Socks,Clothing,6,296.88,0,65,Debit Card,Phoenix
ORD-101369,7/23/2023,History Book,Books,4,164.88,0.05,60,PayPal,Houston
ORD-105460,10/6/2023,Lip Balm,Beauty,8,73.62,0,54,PayPal,Chicago
ORD-105981,4/28/2023,Blender,Home & Kitchen,1,440.22,0.15,,Apple Pay,Houston
ORD-107101,6/9/2023,Sunscreen,Beauty,6,14.72,0.05,68,,Chicago
ORD-108658,4/27/2023,Mechanical Keyboard,Electronics,5,229.61,0.15,74,Apple Pay,Phoenix
ORD-107229,1/27/2023,Perfume,Beauty,-1,186.69,0.2,21,PayPal,New York
ORD-101156,5/10/2023,Sunscreen,Beauty,9,381.2,0.15,40,Cash,Houston
ORD-101181,9/10/2023,Hoodie,Clothing,0,420.23,0.2,48,Debit Card,Online
ORD-100563,6/22/2023,Lip Balm,Beauty,3,403.43,0,72,PayPal,Online
ORD-101189,1/15/2023,USB-C Cable,Electronics,5,333.26,0.2,37,Debit Card,Phoenix
ORD-104915,9/2/2023,Python Guide,Books,2,109.39,0,62,Credit Card,New York
ORD-106099,10/20/2023,Air Fryer,Home & Kitchen,1,462.54,0.05,61,Cash,Los Angeles
ORD-107664,3/4/2023,History Book,Books,4,448.91,,26,Apple Pay,Houston
ORD-103689,2/15/2023,USB-C Cable,Electronics,-5,264.81,0.1,23,Debit Card,Online
ORD-103843,12/21/2023,T-Shirt,Clothing,2,67.23,,36,Credit Card,Chicago
ORD-109461,4/22/2023,Hoodie,Clothing,2,50000,0.15,49,Debit Card,Phoenix
ORD-106898,12/19/2023,T-Shirt,Clothing,6,205.82,0.05,33,PayPal,Phoenix
ORD-107880,10/14/2023,Hoodie,Clothing,6,417.52,0.05,29,PayPal,Online
ORD-106453,8/9/2023,T-Shirt,Clothing,9,136.73,0.1,67,Debit Card,New York
ORD-109685,1/17/2023,History Book,Books,8,427.23,0.2,26,Credit Card,Phoenix
ORD-108789,8/2/2023,Headphones,Electronics,4,171.04,0.05,70,Credit Card,Online
ORD-106930,12/19/2023,Data Science 101,Books,5,478.14,0.15,20,Credit Card,Houston
ORD-106969,1/28/2023,Blender,Home & Kitchen,3,176.28,0.1,23,PayPal,Chicago
ORD-101781,7/28/2023,Data Science 101,Books,3,50000,0.15,18,Apple Pay,Houston
ORD-100488,11/6/2023,Python Guide,Books,5,333.21,0.2,999,PayPal,New York
ORD-103756,12/6/2023,Jeans,Clothing,1,199.76,0.05,73,Cash,Los Angeles
ORD-100107,8/23/2023,Jacket,Clothing,3,444.41,0.1,35,PayPal,Online
ORD-102909,10/11/2023,Headphones,Electronics,1,122.66,0,200,Cash,Los Angeles
ORD-103545,8/22/2023,Jacket,Clothing,2,395.91,0,0,PayPal,Online
ORD-106240,9/13/2023,Python Guide,Books,7,343.3,0.15,72,Apple Pay,Online
ORD-108628,6/19/2023,Headphones,Electronics,4,352.66,0.05,,Cash,New York
ORD-101594,10/16/2023,Mechanical Keyboard,Electronics,1,358.24,0.2,34,Cash,Phoenix
ORD-103146,5/20/2023,Jacket,Clothing,6,277.99,0,45,Cash,New York
ORD-104626,12/18/2023,History Book,Books,3,359.79,0.15,18,Apple Pay,Phoenix
ORD-102575,2/21/2023,Perfume,Beauty,5,,0.15,38,PayPal,Houston
ORD-102689,12/17/2023,Fiction Novel,Books,2,211.59,0.2,64,Apple Pay,Los Angeles
ORD-104873,10/12/2023,Monitor,Electronics,3,22.53,0.05,44,Cash,Online
ORD-105991,12/9/2023,Hoodie,Clothing,1,57.01,0.1,64,Apple Pay,Houston
ORD-105093,10/8/2023,Data Science 101,Books,9,415.13,0.05,24,Apple Pay,Online
ORD-107921,8/22/2023,Monitor,Electronics,3,162.22,0.2,25,Credit Card,Los Angeles
ORD-101218,7/11/2023,History Book,BOOKS,1,419.03,0.1,34,Debit Card,New York
ORD-102010,2/18/2023,Fiction Novel,Books,1,50000,0,46,Cash,Online
ORD-101795,8/12/2023,Monitor,Electronics,4,289.12,0,,Apple Pay,Chicago
ORD-100857,10/29/2023,Moisturizer,Beauty,5,316.87,0.05,,Cash,New York
ORD-100669,1/15/2023,Shampoo,Beauty,5,483.19,0.1,34,Debit Card,Houston
ORD-109324,5/13/2023,Perfume,Beauty,9,470.7,0.1,28,Cash,New York
ORD-105293,2/1/2023,USB-C Cable,Electronics,7,376.3,0,30,Debit Card,Online
ORD-104278,12/6/2023,Monitor,Electronics,2,Unknown,0.15,74,Debit Card,Online
ORD-103525,7/11/2023,Sunscreen,Beauty,7,188.95,0.05,64,Credit Card,Chicago
ORD-105326,10/21/2023,Mug,Home & Kitchen,8,182.78,0.05,73,Apple Pay,Houston
ORD-108237,5/20/2023,Monitor,Electronics,5,450.77,0.2,69,Debit Card,Chicago
ORD-108396,Invalid_Date,Biography,Books,1,191.24,0.1,42,Debit Card,Houston
ORD-103583,7/28/2023,Jeans,Clothing,5,249.49,0,31,Apple Pay,Chicago
ORD-104398,12/23/2023,Shampoo,Beauty,3,137.66,0.1,34,PayPal,Chicago
ORD-108886,2023-13-45,Air Fryer,Home & Kitchen,6,30.3,0.05,41,Debit Card,New York
ORD-106248,10/8/2023,Mechanical Keyboard,Electronics,9,75.78,0.2,62,Debit Card,Houston
ORD-105628,11/13/2023,T-Shirt,Clothing,9,9999.99,0.15,55,Credit Card,Online
ORD-105665,11/30/2023,Mug,Home & Kitchen,5,247.2,0.15,28,Cash,Houston
ORD-105065,8/7/2023,T-Shirt,Clothing,1,439.13,0.1,63,Debit Card,CHICAGO
ORD-102240,11/5/2023,Wireless Mouse,Electronics,6,421.76,0.1,29,Apple Pay,Phoenix
ORD-101351,6/21/2023,Socks,Clothing,6,36.63,0.2,51,PayPal,Los Angeles
ORD-100287,2/7/2023,Cookware Set,Home & Kitchen,2,207.18,0.1,0,Debit Card,Online
ORD-102886,1/15/2023,Biography,Books,3,236.15,0.05,61,Apple Pay,Online
ORD-105611,6/30/2023,T-Shirt,Clothing,3,146.85,0.1,150,Debit Card,New York
ORD-106254,12/6/2023,Socks,Clothing,5,9.85,0.2,59,Cash,Online
ORD-105050,2/27/2023,History Book,Books,6,127.37,0,63,Apple Pay,Houston
ORD-103315,5/14/2023,Air Fryer,Home & Kitchen,2,387.71,0.1,48,PayPal,Houston
ORD-106118,8/5/2023,Jacket,Clothing,9,418.95,0.05,31,PayPal,Houston
ORD-103754,6/5/2023,Python Guide,Books,8,184.55,0.15,45,Debit Card,Phoenix
ORD-109798,5/20/2023,Monitor,Electronics,6,276.4,0.1,59,Cash,Los Angeles
ORD-104377,4/26/2023,Fiction Novel,Books,7,277.91,0.1,73,Cash,Online
ORD-100030,1/28/2023,Python Guide,Books,5,436.37,0.15,61,Credit Card,New York
ORD-106127,12/7/2023,Cookware Set,Home & Kitchen,9,14.58,0.05,42,Cash,Chicago
ORD-108332,1/13/2023,Fiction Novel,Books,7,494.26,0.05,54,Credit Card,Phoenix
ORD-106523,11/7/2023,Jeans,Clothing,7,349.32,0.1,50,PayPal,Houston
ORD-101600,8/7/2023,Mechanical Keyboard,Electronics,6,284.97,0.15,999,Debit Card,Phoenix
ORD-107361,10/27/2023,Lip Balm,Beauty,3,144.53,0,64,Debit Card,New York
ORD-104348,5/20/2023,Monitor,Electronics,6,55.41,0,43,Debit Card,Houston
ORD-107448,11/2/2023,Lip Balm,Beauty,3,106.6,0.2,24,Apple Pay,Chicago
ORD-107279,12/1/2023,Biography,Books,8,169.9,0.1,64,Credit Card,Phoenix
ORD-100109,5/2/2023,Jeans,Clothing,9,411.82,0.05,22,Cash,Chicago
ORD-103102,2/7/2023,Jeans,CLOTHING,1,277.2,0,23,Debit Card,Houston
ORD-107434,11/16/2023,Coffee Maker,Home & Kitchen,8,468,0.2,23,PayPal,New York
ORD-107558,3/10/2023,Socks,Clothing,4,-1,0,41,Apple Pay,Online
ORD-107204,11/23/2023,Perfume,Beauty,1,112.81,0.05,N/A,Apple Pay,Online
ORD-107355,1/16/2023,Data Science 101,Books,1,103.03,0.05,29,Apple Pay,chicago
ORD-101473,3/5/2023,Lip Balm,Beauty,6,33.03,0.15,64,Debit Card,New York
ORD-105447,6/18/2023,Data Science 101,Books,3,89.6,0,59,Debit Card,Houston
ORD-100719,3/30/2023,Fiction Novel,Books,3,249.86,0.2,24,Debit Card,New York
ORD-104100,6/4/2023,Jeans,Clothing,9,320.14,0.05,43,Debit Card,New York
ORD-109366,11/18/2023,Monitor,Electronics,3,304.06,0.05,28,Apple Pay,New York
ORD-103232,3/26/2023,Shampoo,Beauty,3,120.36,0.1,22,Credit Card,New York
ORD-108831,10/7/2023,Headphones,Electronics,2,102.92,0.15,51,PayPal,Online
ORD-107261,2/16/2023,Data Science 101,Books,7,286.07,0.1,39,PayPal,New York
ORD-107591,2/21/2023,Data Science 101,Books,3,37.6,0.05,42,Apple Pay,Los Angeles
ORD-103038,11/26/2023,Lip Balm,Beauty,8,132.58,0,66,PayPal,Los Angeles
ORD-101023,12/7/2023,Mechanical Keyboard,Electronics,-5,412.52,0.15,24,PayPal,Chicago
ORD-105900,8/15/2023,Jeans,Clothing,6,332.21,0,52,Cash,Los Angeles
ORD-102590,1/15/2023,Coffee Maker,Home & Kitchen,4,488.11,0.05,47,Cash,Houston
ORD-106821,7/2/2023,Perfume,Beauty,9,350.01,0.15,72,Cash,Houston
ORD-104839,4/24/2023,Blender,Home & Kitchen,3,111.63,0.05,150,Credit Card,New York
ORD-107348,9/24/2023,USB-C Cable,Electronics,8,306.12,0,45,PayPal,Houston
ORD-108532,8/16/2023,Perfume,BEAUTY,5,338.94,0,56,PayPal,New York
ORD-106932,1/11/2023,Coffee Maker,Home & Kitchen,6,319.63,0.2,57,PayPal,ONLINE
ORD-108314,2/5/2023,Lip Balm,Beauty,5,155.47,0,27,Debit Card,Houston
ORD-104098,3/28/2023,Wireless Mouse,Electronics,5,38.26,0.05,73,Credit Card,Chicago
ORD-104550,12/25/2023,Moisturizer,Beauty,4,200.15,0,40,debit card,New York
ORD-103996,6/19/2023,Hoodie,Clothing,7,57.97,0,65,PayPal,Houston
ORD-100294,1/23/2023,Shampoo,Beauty,9,19.48,0.05,27,DEBIT CARD,New York
ORD-104254,8/16/2023,Cookware Set,Home & Kitchen,8,211.26,0,60,Credit Card,Online
ORD-108205,8/7/2023,Blender,Home & Kitchen,9,-5,0.15,31,Credit Card,Los Angeles
ORD-109634,3/7/2023,Jeans,Clothing,7,353.45,0.1,59,Credit Card,Phoenix
ORD-102693,9/28/2023,Perfume,Beauty,8,451.87,0.05,34,Credit Card,Phoenix
ORD-108218,10/8/2023,T-Shirt,Clothing,4,257.17,,28,Cash,Phoenix
ORD-107557,3/27/2023,Mug,Home & Kitchen,9,131.68,0,40,PayPal,New York
ORD-104292,12/8/2023,Jacket,Clothing,1,0,0.05,41,Debit Card,Online
ORD-108827,8/7/2023,Python Guide,Books,4,170.07,,41,Debit Card,Chicago
ORD-108487,10/30/2023,Cookware Set,Home & Kitchen,9,77.68,0.05,,Debit Card,Phoenix
ORD-101965,Invalid_Date,T-Shirt,Clothing,8,369.3,0.1,49,PayPal,Los Angeles
ORD-100015,8/25/2023,Wireless Mouse,Electronics,8,423.04,0.05,64,PayPal,Chicago
ORD-104900,9/1/2023,Lip Balm,Beauty,8,285.29,0.1,24,Cash,Chicago
ORD-109385,12/21/2023,Lip Balm,Beauty,4,134.12,0.2,65,PayPal,New York
ORD-101747,6/17/2023,Headphones,Electronics,2,94.42,0.05,200,PayPal,Phoenix
ORD-105191,1/26/2023,Monitor,Electronics,2,324.6,0.2,71,Credit Card,Houston
ORD-109361,4/19/2023,Mechanical Keyboard,Electronics,4,139.45,0,24,PayPal,Phoenix
ORD-101161,7/5/2023,T-Shirt,Clothing,7,254.71,0.1,35,Cash,ONLINE
ORD-109616,5/20/2023,Biography,Books,5,335.25,0.2,73,Credit Card,Chicago
ORD-108282,3/1/2023,History Book,Books,5,130.01,0.15,73,Debit Card,Los Angeles
ORD-109641,10/17/2023,History Book,Books,9,377.56,0.2,71,Credit Card,Chicago
ORD-109866,9/28/2023,Mechanical Keyboard,Electronics,8,334.48,0.1,67,Credit Card,Chicago
ORD-102040,6/11/2023,Monitor,Electronics,9,50000,0.2,37,Credit Card,Chicago
ORD-102484,6/13/2023,Headphones,Electronics,5,210.29,0,31,Cash,Los Angeles
ORD-100093,8/30/2023,Moisturizer,Beauty,2,24.29,0.1,40,Debit Card,Los Angeles
ORD-104393,11/3/2023,Biography,Books,6,375.92,0.05,42,apple pay,Los Angeles
ORD-105578,10/30/2023,Hoodie,Clothing,9,245.56,0.1,0,Credit Card,Chicago
ORD-105574,4/11/2023,T-Shirt,Clothing,3,453.94,0.15,28,apple pay,Phoenix
ORD-106324,4/25/2023,Headphones,Electronics,5,277.92,,47,Debit Card,Chicago
ORD-107449,4/6/2023,Wireless Mouse,Electronics,6,,0.05,56,Debit Card,New York
ORD-100497,9/8/2023,Data Science 101,Books,4,35.96,0.1,74,Apple Pay,Chicago
ORD-102076,4/5/2023,Python Guide,Books,3,9999.99,0,58,Credit Card,New York
ORD-109406,4/23/2023,Sunscreen,Beauty,4,161.45,0,41,Credit Card,Los Angeles
ORD-109990,6/26/2023,Moisturizer,Beauty,6,360.04,0.05,33,Credit Card,Online
ORD-105083,8/20/2023,Data Science 101,Books,8,172.68,0.2,200,PayPal,Chicago
ORD-108027,12/15/2023,Mechanical Keyboard,Electronics,1,89.82,0,52,Apple Pay,Chicago
ORD-108043,2/15/2023,Jacket,Clothing,4,206.64,0.2,44,PayPal,Online
ORD-105518,7/22/2023,Cookware Set,Home & Kitchen,4,118.07,0.15,42,PayPal,Los Angeles
ORD-107745,9/15/2023,Biography,Books,1,334.15,0.2,68,Credit Card,Chicago
ORD-101442,4/25/2023,Headphones,Electronics,1,378.64,0.15,-1,Apple Pay,New York
ORD-108297,1/15/2023,Blender,Home & Kitchen,2,139.88,0.05,28,Apple Pay,Los Angeles
ORD-100734,1/24/2023,Biography,Books,4,348.34,0.05,21,Apple Pay,Los Angeles
ORD-102349,1/14/2023,Air Fryer,Home & Kitchen,5,478.87,0.05,43,Debit Card,Online
ORD-103095,Invalid_Date,Moisturizer,Beauty,1,482.87,0.2,48,PayPal,Online
ORD-100652,1/13/2023,Socks,Clothing,0,29.86,0.15,51,Apple Pay,Houston
ORD-105494,8/10/2023,Hoodie,CLOTHING,8,448.55,0.2,71,Apple Pay,Houston
ORD-109319,7/4/2023,T-Shirt,Clothing,6,41.22,0.2,65,PayPal,Houston
ORD-104000,5/30/2023,T-Shirt,Clothing,4,323.16,0.2,67,Cash,Los Angeles
ORD-108073,4/29/2023,Headphones,Electronics,1,203.68,0,49,PayPal,Chicago
ORD-104418,4/6/2023,Data Science 101,Books,4,404.09,0.1,49,Apple Pay,Phoenix
ORD-108241,7/8/2023,Biography,Books,6,445,0.2,19,Credit Card,Online
ORD-108749,9/17/2023,Lip Balm,Beauty,5,103.17,0.05,27,Credit Card,Houston
ORD-103622,9/8/2023,Coffee Maker,Home & Kitchen,4,105.92,0.1,73,Apple Pay,Online
ORD-106841,8/22/2023,Jeans,Clothing,6,51.49,0.05,33,Debit Card,Los Angeles
ORD-108777,2/25/2023,T-Shirt,clothing,5,14.91,0.15,69,Credit Card,Los Angeles
ORD-108142,1/17/2023,Shampoo,Beauty,3,19.69,0.05,61,Cash,Phoenix
ORD-102612,9/28/2023,Coffee Maker,Home & Kitchen,6,-1,0.1,41,Cash,New York
ORD-100389,3/18/2023,Hoodie,Clothing,2,202.95,0.15,43,Cash,Online
ORD-103035,12/18/2023,Lip Balm,Beauty,5,48.54,0.05,29,Credit Card,Los Angeles
ORD-102168,1/4/2023,USB-C Cable,Electronics,8,224.84,0.2,48,Debit Card,LOS ANGELES
ORD-102488,5/22/2023,Perfume,Beauty,9,Unknown,0.05,25,Credit Card,Los Angeles
ORD-101684,9/23/2023,Hoodie,Clothing,7,131.66,0.15,19,Debit Card,Chicago
ORD-101537,7/15/2023,Shampoo,Beauty,5,266.24,0.05,27,Apple Pay,Houston
ORD-101148,9/1/2023,Cookware Set,Home & Kitchen,2,145.23,0.2,26,Credit Card,New York
ORD-108355,5/4/2023,Monitor,Electronics,3,457.19,0,42,,Houston
ORD-100089,12/2/2023,Mug,HOME & KITCHEN,4,309.85,0.05,66,Apple Pay,New York
ORD-100511,7/1/2023,Biography,Books,8,487.54,0.05,,Debit Card,Los Angeles
ORD-102778,1/11/2023,Mechanical Keyboard,Electronics,1,474.84,0.05,52,PayPal,Chicago
ORD-109633,5/31/2023,T-Shirt,Clothing,8,,0.1,30,Debit Card,New York
ORD-102129,7/4/2023,USB-C Cable,Electronics,4,346.18,0.05,52,PayPal,Chicago
ORD-101661,4/2/2023,Jeans,Clothing,6,76.5,0.1,999,Credit Card,Houston
ORD-106364,12/28/2023,Wireless Mouse,Electronics,3,237,0.15,35,PayPal,Los Angeles
ORD-102458,8/23/2023,Cookware Set,Home & Kitchen,4,373.03,0,57,,Los Angeles
ORD-103541,2/11/2023,Wireless Mouse,Electronics,9,325.07,0.1,50,Credit Card,Los Angeles
ORD-102971,5/12/2023,Blender,Home & Kitchen,2,194.15,0.05,73,Credit Card,New York
ORD-103064,12/4/2023,Shampoo,Beauty,8,432.4,0.2,39,Apple Pay,Online
ORD-106111,11/10/2023,Headphones,Electronics,5,357.81,0.1,49,Cash,Phoenix
ORD-104388,3/3/2023,Blender,Home & Kitchen,2,257.15,0,35,Debit Card,Phoenix
ORD-105958,8/16/2023,USB-C Cable,Electronics,9,324.13,0.05,58,debit card,Chicago
ORD-103483,10/28/2023,Jeans,Clothing,1,363.38,0.15,200,Apple Pay,Online
ORD-109440,12/9/2023,T-Shirt,Clothing,2,362.72,0,33,Cash,New York
ORD-108632,9/14/2023,Moisturizer,Beauty,9,70.26,0,,Debit Card,New York
ORD-101113,5/21/2023,Monitor,Electronics,9,75.57,0.1,31,Debit Card,Online
ORD-105749,4/30/2023,Data Science 101,Books,8,24.15,0,32,Credit Card,Online
ORD-101711,5/5/2023,Coffee Maker,Home & Kitchen,3,431.61,0.05,18,Debit Card,Phoenix
ORD-104399,8/10/2023,Sunscreen,Beauty,5,284.91,0.2,59,Debit Card,New York
ORD-100417,4/14/2023,Coffee Maker,Home & Kitchen,7,202.66,0.2,37,Apple Pay,Online
ORD-107019,3/27/2023,Hoodie,Clothing,9,351.58,0.05,74,Debit Card,New York
ORD-100622,2/11/2023,Mug,Home & Kitchen,5,417.66,0.05,49,Cash,New York
ORD-107746,11/19/2023,Shampoo,Beauty,2,83.78,0.15,40,Cash,Online
ORD-108389,1/10/2023,Jacket,Clothing,5,107.84,0.05,72,Apple Pay,Houston
ORD-101741,5/8/2023,USB-C Cable,Electronics,9,455.25,0.05,73,Apple Pay,Los Angeles
ORD-103886,11/19/2023,History Book,Books,2,418.2,0,41,Debit Card,Los Angeles
ORD-108540,5/20/2023,Monitor,Electronics,6,89.45,0.15,46,Cash,New York
ORD-105838,12/26/2023,Python Guide,Books,3,276.1,0.05,62,PayPal,Online
ORD-108639,11/15/2023,Sunscreen,Beauty,4,50000,0.15,22,Debit Card,Phoenix
ORD-109911,Invalid_Date,Fiction Novel,Books,3,44.89,0.2,62,Apple Pay,Los Angeles
ORD-102936,10/26/2023,Perfume,Beauty,6,28.02,0.2,59,Credit Card,Online
ORD-107736,2/28/2023,Mechanical Keyboard,Electronics,7,51.56,0.1,39,Apple Pay,Online
ORD-102125,6/30/2023,Socks,Clothing,3,144.56,0.2,23,PayPal,Houston
ORD-100009,11/12/2023,Blender,Home & Kitchen,2,474.7,0.05,26,PayPal,Chicago
ORD-100400,5/29/2023,Biography,Books,2,239.08,0,39,Apple Pay,Chicago
ORD-102751,8/2/2023,Monitor,Electronics,3,,0.15,33,PayPal,Phoenix
ORD-106393,9/7/2023,Cookware Set,Home & Kitchen,4,,0.15,50,Cash,Phoenix
ORD-102738,10/29/2023,Biography,books,6,177.61,0.2,66,PayPal,Chicago
ORD-108517,1/9/2023,Lip Balm,Beauty,7,50000,0.2,35,Cash,Phoenix
ORD-102514,10/6/2023,Sunscreen,Beauty,4,188.19,0,33,Cash,New York
ORD-103718,8/27/2023,Monitor,Electronics,4,315.14,0.05,150,PayPal,Chicago
ORD-103906,9/16/2023,History Book,Books,8,56.21,0.15,23,Cash,New York
ORD-102222,11/30/2023,Socks,Clothing,3,306.81,0.15,44,Debit Card,Houston
ORD-103636,5/1/2023,Data Science 101,Books,2,70.48,0,,Cash,Chicago
ORD-108373,11/21/2023,Air Fryer,Home & Kitchen,6,438.58,0,60,Credit Card,Chicago
ORD-108251,2023-13-45,Headphones,Electronics,9,16.06,0.05,27,Credit Card,New York
ORD-106910,1/14/2023,Data Science 101,Books,2,9999.99,0.2,19,PayPal,Online
ORD-104177,9/28/2023,Jeans,Clothing,5,292.72,0.1,65,Cash,Phoenix
ORD-108489,8/29/2023,Lip Balm,Beauty,9,120.91,0.15,37,Credit Card,Houston
ORD-100762,11/24/2023,Python Guide,Books,6,337.99,0.1,67,Debit Card,Houston
ORD-108123,1/15/2023,Coffee Maker,Home & Kitchen,9,216.88,0.15,31,PayPal,Chicago
ORD-101122,1/15/2023,Biography,Books,8,202.67,0.1,72,Cash,Phoenix
ORD-107479,11/13/2023,Biography,Books,2,358.28,0.15,57,Credit Card,Online
ORD-108566,2/19/2023,Perfume,Beauty,1,274.03,0.1,57,PayPal,Los Angeles
ORD-100583,5/22/2023,Cookware Set,home & kitchen,1,313.15,0.1,65,PayPal,Los Angeles
ORD-108139,5/16/2023,Fiction Novel,Books,4,234.26,0.2,37,Cash,Los Angeles
ORD-100625,9/30/2023,Hoodie,clothing,2,247,0.1,35,Cash,Houston
ORD-100569,5/7/2023,Socks,Clothing,6,446.69,0.2,66,Apple Pay,Phoenix
ORD-101278,9/24/2023,USB-C Cable,Electronics,8,167.55,0,29,Cash,Houston
ORD-107960,3/26/2023,Data Science 101,Books,8,473.56,0,73,PayPal,New York
ORD-101091,4/11/2023,Jeans,Clothing,8,205.68,0.05,48,PayPal,Los Angeles
ORD-106024,2023-13-45,Biography,Books,3,107.59,0.05,70,Debit Card,New York
ORD-108506,11/13/2023,Hoodie,Clothing,7,190.59,0,19,PayPal,Los Angeles
ORD-105768,6/5/2023,USB-C Cable,Electronics,3,104.96,0.15,29,Credit Card,Los Angeles
ORD-101982,12/21/2023,Hoodie,Clothing,2,132.19,0.05,74,PayPal,Los Angeles
ORD-100361,8/4/2023,Shampoo,Beauty,4,493.38,0.1,60,Credit Card,Chicago
ORD-104133,5/20/2023,Monitor,Electronics,5,386.36,0,21,Apple Pay,New York
ORD-100292,2/14/2023,Socks,Clothing,9,0,0,70,Cash,New York
ORD-102253,12/11/2023,Shampoo,Beauty,1,466.95,,50,Credit Card,Houston
ORD-100102,8/21/2023,Coffee Maker,Home & Kitchen,4,10.36,0.1,29,Debit Card,Los Angeles
ORD-109021,4/3/2023,Fiction Novel,Books,7,237.24,0.05,35,Credit Card,Los Angeles
ORD-106854,Invalid_Date,T-Shirt,Clothing,4,301.43,0.1,37,PayPal,Houston
ORD-104336,4/8/2023,T-Shirt,Clothing,3,22.26,0.05,37,PayPal,Houston
ORD-103498,8/29/2023,Fiction Novel,Books,1,379.52,0.05,48,APPLE PAY,Phoenix
ORD-107048,12/17/2023,Coffee Maker,Home & Kitchen,7,322.38,0.2,42,Credit Card,Online
ORD-103990,3/3/2023,Cookware Set,Home & Kitchen,2,,0.05,47,Debit Card,New York
ORD-104464,11/28/2023,Data Science 101,Books,2,14.27,0,74,PayPal,new york
ORD-104682,12/30/2023,Air Fryer,Home & Kitchen,2,82.8,0.15,22,PayPal,Houston
ORD-103892,2/26/2023,History Book,Books,7,314.52,0.15,40,Apple Pay,Los Angeles
ORD-105883,2/6/2023,Mechanical Keyboard,Electronics,9,476.13,0.15,69,Debit Card,Online
ORD-101148,9/1/2023,Cookware Set,Home & Kitchen,2,145.23,0.2,26,Credit Card,New York
ORD-109223,9/12/2023,Hoodie,Clothing,7,412.53,0.1,51,Cash,Chicago
ORD-107823,10/11/2023,Jacket,Clothing,7,34.49,0.05,21,Debit Card,Los Angeles
ORD-107621,5/29/2023,Shampoo,Beauty,5,470.38,0,27,Cash,Chicago
ORD-108459,5/23/2023,Air Fryer,Home & Kitchen,3,319.36,0,55,Debit Card,New York
ORD-108981,12/10/2023,Jacket,Clothing,6,37.99,0.1,22,Cash,Chicago
ORD-104772,1/21/2023,Biography,Books,6,32.79,0.2,24,Credit Card,Los Angeles
ORD-106659,Invalid_Date,Python Guide,Books,9,59.94,0.2,71,Cash,New York
ORD-102329,1/3/2023,Lip Balm,Beauty,3,467.65,0,999,PayPal,Houston
ORD-107308,7/8/2023,Hoodie,Clothing,4,264.31,0,150,Debit Card,Chicago
ORD-100564,4/30/2023,Headphones,Electronics,9,0,0.2,53,Cash,Los Angeles
ORD-103008,5/1/2023,Hoodie,Clothing,3,485.1,0.2,69,Cash,Los Angeles
ORD-103674,2/6/2023,Lip Balm,Beauty,4,337.78,0.1,58,Apple Pay,New York
ORD-103777,2/12/2023,T-Shirt,Clothing,6,43.07,0.05,51,Debit Card,Online
ORD-106919,12/30/2023,Cookware Set,Home & Kitchen,5,461.03,0.2,41,Credit Card,Phoenix
ORD-104817,1/29/2023,Monitor,Electronics,5,265.89,0.2,40,PayPal,Los Angeles
ORD-102993,1/15/2023,Perfume,Beauty,9,410.01,0.15,31,Cash,Chicago
ORD-100064,6/10/2023,T-Shirt,Clothing,4,150.75,0.1,,Cash,Phoenix
ORD-108961,6/7/2023,Wireless Mouse,Electronics,7,413.88,0.05,200,Credit Card,Chicago
ORD-101184,9/21/2023,Blender,Home & Kitchen,2,317.53,0.1,64,Apple Pay,Houston
ORD-103596,9/20/2023,Jeans,Clothing,9,295.25,0,72,Cash,Los Angeles
ORD-103266,12/10/2023,Wireless Mouse,Electronics,3,74.15,0.15,25,Credit Card,Houston
ORD-107939,5/28/2023,Lip Balm,Beauty,8,356.09,0.05,68,Debit Card,New York
ORD-105324,12/8/2023,Lip Balm,Beauty,9,105.83,0,48,DEBIT CARD,Los Angeles
ORD-108432,1/11/2023,USB-C Cable,Electronics,7,206.26,0.1,58,Credit Card,Houston
ORD-103299,6/13/2023,Python Guide,Books,8,21.77,0.2,49,PayPal,Los Angeles
ORD-105915,Invalid_Date,T-Shirt,Clothing,7,136.78,0.1,52,Debit Card,Chicago
ORD-104983,7/23/2023,Coffee Maker,Home & Kitchen,8,237.99,0.2,46,Apple Pay,online
ORD-102109,9/10/2023,Fiction Novel,Books,8,98.73,0.15,29,Cash,Houston
ORD-103402,10/9/2023,Hoodie,Clothing,1,475.98,0.15,22,Credit Card,Online
ORD-100246,6/13/2023,Sunscreen,Beauty,8,221.41,0,56,Apple Pay,Houston
ORD-106410,7/10/2023,Coffee Maker,Home & Kitchen,9,45.54,0.1,30,PayPal,Los Angeles
ORD-108684,9/29/2023,Jacket,Clothing,4,141.25,0,61,Cash,Online
ORD-103782,2023-13-45,Shampoo,Beauty,8,296.5,0.15,38,Credit Card,Los Angeles
ORD-101414,3/10/2023,Moisturizer,Beauty,2,36.8,0,19,Debit Card,Chicago
ORD-104302,9/4/2023,Mug,Home & Kitchen,9,125.9,0.1,28,Cash,Phoenix
ORD-107614,9/21/2023,Moisturizer,Beauty,3,29.87,0.05,41,PayPal,Los Angeles
ORD-100334,5/2/2023,Mechanical Keyboard,Electronics,9,436.53,0.1,200,Debit Card,New York
ORD-101514,8/4/2023,History Book,Books,5,29.68,0,56,Apple Pay,Phoenix
ORD-109233,12/20/2023,Sunscreen,Beauty,6,226.82,0.2,26,Cash,new york
ORD-101196,6/6/2023,Jeans,Clothing,6,372.43,0.1,999,Apple Pay,New York
ORD-102546,8/25/2023,Headphones,Electronics,1,386.15,0.2,34,Debit Card,Online
ORD-109553,2023-13-45,Jeans,Clothing,9,277.27,0,31,Cash,Online
ORD-100264,7/2/2023,Fiction Novel,Books,3,349.66,0.15,56,Debit Card,Phoenix
ORD-100961,8/8/2023,Blender,Home & Kitchen,7,90.4,0.05,,PayPal,Online
ORD-108541,Invalid_Date,Air Fryer,Home & Kitchen,3,338.03,0.1,43,PayPal,Houston
ORD-108302,1/15/2023,Hoodie,Clothing,8,254.95,0.2,23,Debit Card,New York
ORD-102234,9/19/2023,Monitor,Electronics,3,248.87,0.15,56,Cash,New York
ORD-100656,12/3/2023,Data Science 101,Books,9,65.85,0.05,27,PayPal,Chicago
ORD-100624,4/2/2023,Perfume,Beauty,7,274.69,0.2,52,Credit Card,Houston
ORD-108068,6/25/2023,Biography,Books,6,67.66,0.15,59,PayPal,Los Angeles
ORD-104120,12/19/2023,Shampoo,Beauty,2,304.16,0.2,54,Apple Pay,New York
ORD-109376,1/24/2023,Mug,Home & Kitchen,3,292.42,0.15,24,Debit Card,Phoenix
ORD-101409,7/22/2023,Biography,Books,1,Unknown,0.1,50,Cash,Phoenix
ORD-105870,1/10/2023,Moisturizer,Beauty,9,202.53,0.05,42,Credit Card,Los Angeles
ORD-101027,11/27/2023,Biography,BOOKS,8,51.17,0.2,20,Debit Card,New York
ORD-108735,7/8/2023,History Book,Books,Unknown,149.77,0.05,54,Credit Card,Chicago
ORD-108283,8/13/2023,Wireless Mouse,Electronics,9,227.08,0.2,50,Cash,Chicago
ORD-109090,Invalid_Date,Fiction Novel,Books,3,260.15,0.1,20,Debit Card,Online
ORD-100368,1/26/2023,Wireless Mouse,Electronics,2,125.85,0,29,Apple Pay,Los Angeles
ORD-108448,11/27/2023,Coffee Maker,Home & Kitchen,3,254.42,0.1,27,PayPal,Phoenix
ORD-100737,11/22/2023,Fiction Novel,Books,9,35.36,0.2,74,Cash,Chicago
ORD-104225,12/27/2023,Jeans,Clothing,9,7.94,0.15,52,Credit Card,Phoenix
ORD-103943,7/2/2023,Mug,Home & Kitchen,1,448.89,0.15,30,,New York
ORD-107767,12/12/2023,Python Guide,Books,1,494.65,0.1,27,Cash,Chicago
ORD-109434,11/6/2023,Cookware Set,Home & Kitchen,5,50000,0.05,22,Credit Card,Houston
ORD-100578,3/8/2023,Fiction Novel,Books,6,394.44,0.15,19,Apple Pay,Online
ORD-106251,9/16/2023,Mechanical Keyboard,Electronics,1,419.82,0,72,Apple Pay,Houston
ORD-104901,11/29/2023,Headphones,Electronics,2,320.82,0.05,38,PayPal,Houston
ORD-109162,2/7/2023,Python Guide,Books,5,435.72,0.2,43,Credit Card,Phoenix
ORD-104114,12/9/2023,Coffee Maker,Home & Kitchen,4,,0.2,38,PayPal,Los Angeles
ORD-105007,2023-13-45,Mechanical Keyboard,Electronics,2,220.55,0.05,70,Debit Card,Phoenix
ORD-103379,8/16/2023,Lip Balm,Beauty,9,464.22,0.05,52,,Houston
ORD-101942,5/20/2023,Fiction Novel,Books,8,14.93,0.1,30,Apple Pay,Houston
ORD-103827,6/4/2023,Blender,Home & Kitchen,7,18.21,0.2,74,,Online
ORD-108377,7/20/2023,Hoodie,Clothing,5,316.9,0.05,40,Debit Card,Online
ORD-103264,12/24/2023,Lip Balm,Beauty,3,176.49,0.1,47,Credit Card,Phoenix
ORD-108272,2023-13-45,T-Shirt,Clothing,2,169.87,0.2,54,Debit Card,Online
ORD-109295,4/13/2023,Socks,Clothing,9,Unknown,0.1,47,PayPal,Online
ORD-103835,8/14/2023,Hoodie,Clothing,7,251.57,0.1,59,PayPal,Online
ORD-102961,7/24/2023,Socks,Clothing,3,,0,44,Credit Card,Chicago
ORD-100077,6/7/2023,Socks,Clothing,0,260.57,0.1,34,Credit Card,Phoenix
ORD-108921,8/28/2023,Moisturizer,Beauty,1,366.91,0.05,52,Debit Card,Chicago
ORD-104818,2/13/2023,Jeans,CLOTHING,6,117.59,0.2,69,Debit Card,Los Angeles
ORD-104221,5/30/2023,Mug,Home & Kitchen,7,87.76,0.05,42,Credit Card,Online
ORD-105059,7/19/2023,Jacket,Clothing,2,429.69,0.2,44,Debit Card,online
ORD-105324,12/8/2023,Lip Balm,Beauty,9,105.83,0,48,DEBIT CARD,Los Angeles
ORD-101761,3/18/2023,Wireless Mouse,Electronics,8,474.07,0.2,45,Apple Pay,Online
ORD-104984,11/4/2023,Hoodie,Clothing,7,390.69,0,23,Cash,Online
ORD-103335,11/20/2023,Air Fryer,Home & Kitchen,1,462.66,0.15,54,Cash,Online
ORD-108467,3/22/2023,Shampoo,Beauty,2,160.83,0,35,Cash,New York
ORD-104641,7/18/2023,Air Fryer,Home & Kitchen,7,335.96,0.1,41,Apple Pay,Phoenix
ORD-101509,9/6/2023,History Book,Books,6,386.02,0,38,Credit Card,Los Angeles
ORD-101352,7/17/2023,Jacket,Clothing,5,238.75,0.1,70,PayPal,Los Angeles
ORD-104727,3/28/2023,T-Shirt,Clothing,9,399.42,,72,PayPal,Los Angeles
ORD-100684,1/29/2023,Wireless Mouse,Electronics,6,137,0.1,42,Cash,Los Angeles
ORD-105527,3/3/2023,Jeans,Clothing,4,9999.99,0.05,41,Credit Card,Houston
ORD-100004,10/21/2023,Wireless Mouse,Electronics,5,485.11,0.05,38,Credit Card,Los Angeles
ORD-100648,12/24/2023,Shampoo,Beauty,4,206.52,0.1,52,Apple Pay,Phoenix
ORD-101370,10/31/2023,Air Fryer,Home & Kitchen,6,137.05,0.15,55,Cash,Chicago
ORD-108926,8/30/2023,Cookware Set,Home & Kitchen,6,155.37,0.1,200,Credit Card,Houston
ORD-107758,6/7/2023,Headphones,Electronics,9,350.53,0.1,18,Cash,Houston
ORD-102139,2/7/2023,Cookware Set,Home & Kitchen,2,257.31,0.1,18,PayPal,New York
ORD-100291,5/27/2023,Fiction Novel,Books,1,439.92,0.15,50,Cash,Chicago
ORD-100928,10/15/2023,Jeans,Clothing,2,111.67,0.15,50,Debit Card,Chicago
ORD-102200,5/24/2023,Lip Balm,Beauty,9,0,0.05,62,Debit Card,Online
ORD-102931,7/27/2023,Socks,Clothing,4,214.83,0.2,36,Credit Card,Online
ORD-101394,1/20/2023,Fiction Novel,Books,2,465.18,0,150,Cash,Chicago
ORD-107412,6/7/2023,Wireless Mouse,Electronics,1,275.04,0.2,18,PayPal,New York
ORD-102856,6/4/2023,Coffee Maker,HOME & KITCHEN,4,447.98,0.2,31,PayPal,Los Angeles
ORD-101852,1/2/2023,Jacket,Clothing,3,246.3,0,73,Debit Card,Los Angeles
ORD-107284,1/15/2023,Mechanical Keyboard,Electronics,7,318.01,0.1,63,Cash,Phoenix
ORD-104881,11/30/2023,Lip Balm,Beauty,7,424.87,0.05,69,Cash,New York
ORD-101057,2/27/2023,Fiction Novel,Books,3,407.17,0.2,64,Debit Card,Houston
ORD-105767,1/16/2023,Perfume,Beauty,8,338.46,0,18,Debit Card,Los Angeles
ORD-102819,5/20/2023,Mechanical Keyboard,Electronics,1,20.05,0,61,Cash,Houston
ORD-100136,2/3/2023,Moisturizer,Beauty,1,9999.99,0.15,48,Cash,Houston
ORD-105245,5/13/2023,Mug,Home & Kitchen,3,317.25,0.1,39,PayPal,Los Angeles
ORD-107515,11/8/2023,Blender,Home & Kitchen,4,420.24,0,26,Apple Pay,Los Angeles
ORD-104769,1/2/2023,Air Fryer,Home & Kitchen,2,445.6,0.15,49,Debit Card,Los Angeles
ORD-103131,6/24/2023,Data Science 101,Books,7,56.28,0.05,71,Credit Card,Online
ORD-102302,11/16/2023,Fiction Novel,Books,5,9999.99,0.05,65,Cash,Houston
ORD-103950,4/10/2023,History Book,Books,5,50000,0,27,Apple Pay,Phoenix
ORD-107203,10/28/2023,Socks,Clothing,6,380.17,0.05,25,PayPal,New York
ORD-106206,10/11/2023,Shampoo,Beauty,7,139.26,0.15,25,PayPal,New York
ORD-100186,5/23/2023,Shampoo,Beauty,1,375.07,0,42,Debit Card,Los Angeles
ORD-102465,4/20/2023,Air Fryer,Home & Kitchen,2,390.64,0.2,41,Debit Card,Online
ORD-107076,6/8/2023,Coffee Maker,Home & Kitchen,6,465.78,0.05,999,Credit Card,New York
ORD-108699,11/30/2023,Air Fryer,Home & Kitchen,6,50000,0.1,22,PayPal,Online
ORD-102317,11/4/2023,Biography,books,5,346.36,0.05,63,Credit Card,Houston
ORD-109498,11/30/2023,Wireless Mouse,Electronics,4,351.17,0.05,46,Apple Pay,Houston
ORD-106320,5/19/2023,Jeans,Clothing,5,99.87,0.05,999,PayPal,Online
ORD-103542,4/14/2023,Mechanical Keyboard,Electronics,4,467.08,0.15,29,Debit Card,Phoenix
ORD-102276,9/28/2023,Jacket,Clothing,1,340.82,0,71,Debit Card,Chicago
ORD-106086,10/28/2023,Data Science 101,Books,4,222.23,0.15,71,PayPal,Online
ORD-109145,8/6/2023,Sunscreen,Beauty,6,Unknown,0.2,40,PayPal,Online
ORD-104853,1/19/2023,History Book,Books,5,471.06,0.15,44,Cash,Online
ORD-103079,4/9/2023,Fiction Novel,Books,7,167.14,0.15,60,Cash,Houston
ORD-102166,11/21/2023,Air Fryer,Home & Kitchen,3,231.37,0.2,68,Credit Card,Online
ORD-100331,7/27/2023,Hoodie,Clothing,7,332.11,0.15,23,Debit Card,Los Angeles
ORD-108113,11/25/2023,Jeans,Clothing,6,179.08,0.05,-1,Debit Card,Online
ORD-101651,6/8/2023,Data Science 101,Books,2,400.55,0.2,30,Apple Pay,New York
ORD-102261,9/27/2023,Socks,Clothing,7,389.59,0.05,57,Cash,Online
ORD-102390,7/29/2023,Fiction Novel,Books,4,415.19,0.15,56,Credit Card,Los Angeles
ORD-108949,10/18/2023,History Book,Books,2,312.72,0,25,Debit Card,New York
ORD-107293,9/7/2023,Python Guide,Books,-1,161.54,0.2,49,Credit Card,Chicago
ORD-102996,8/4/2023,Headphones,Electronics,8,189.86,0.2,21,Cash,New York
ORD-104024,9/19/2023,USB-C Cable,Electronics,5,437.85,0.1,31,PayPal,Los Angeles
ORD-108030,9/28/2023,T-Shirt,Clothing,1,274.74,0.15,37,Cash,Phoenix
ORD-100382,10/27/2023,History Book,Books,2,265.68,0.15,32,PayPal,Los Angeles
ORD-101225,7/11/2023,Jeans,Clothing,4,93.65,0.1,74,Cash,Phoenix
ORD-104195,10/27/2023,Python Guide,Books,3,332.48,0.05,36,Debit Card,Phoenix
ORD-100938,2/27/2023,Monitor,Electronics,1,-1,0.2,69,Apple Pay,Los Angeles
ORD-100705,11/27/2023,Mechanical Keyboard,Electronics,1,72.81,0.2,67,Apple Pay,Los Angeles
ORD-107088,3/28/2023,USB-C Cable,Electronics,8,163.37,0.05,150,Credit Card,Los Angeles
ORD-104150,4/23/2023,Lip Balm,Beauty,6,183.81,0.15,66,PayPal,Online
ORD-103018,4/16/2023,Headphones,Electronics,4,152.45,0.05,44,Apple Pay,New York
ORD-108245,4/1/2023,History Book,Books,8,65.26,0.05,72,PayPal,Online
ORD-102166,11/21/2023,Air Fryer,Home & Kitchen,3,231.37,0.2,68,Credit Card,Online
ORD-108764,6/30/2023,Lip Balm,Beauty,8,113.1,0,18,Apple Pay,Chicago
ORD-106902,4/4/2023,Lip Balm,Beauty,5,0,0.1,31,Cash,New York
ORD-106915,1/20/2023,USB-C Cable,Electronics,4,252.54,0.1,50,Cash,Chicago
ORD-108206,Invalid_Date,Mug,Home & Kitchen,3,474.12,0.2,41,Debit Card,Chicago
ORD-104025,5/20/2023,Coffee Maker,Home & Kitchen,6,22.37,0.1,71,PayPal,Houston
ORD-102603,11/23/2023,Socks,Clothing,1,9999.99,0,62,Credit Card,New York
ORD-109097,5/12/2023,Shampoo,Beauty,3,300.62,,33,Cash,Phoenix
ORD-102772,3/23/2023,Coffee Maker,Home & Kitchen,2,299.48,0.15,,PayPal,Houston
ORD-106394,4/10/2023,T-Shirt,Clothing,7,304.96,0,56,PayPal,New York
ORD-101531,9/2/2023,Blender,Home & Kitchen,2,229.37,0,50,Credit Card,New York
ORD-104920,1/27/2023,Coffee Maker,Home & Kitchen,9,9999.99,0.2,30,Debit Card,Online
ORD-102920,8/2/2023,Blender,Home & Kitchen,4,440.44,0.05,63,Apple Pay,Los Angeles
ORD-102927,2/3/2023,Monitor,Electronics,4,64.1,0.2,49,Cash,Online
ORD-101251,5/11/2023,Headphones,Electronics,1,159.53,0.1,66,Apple Pay,Houston
ORD-101524,4/14/2023,Cookware Set,Home & Kitchen,4,253.43,0,25,Debit Card,Online
ORD-101254,11/14/2023,Jacket,Clothing,8,423.29,0,66,Cash,Los Angeles
ORD-106378,4/25/2023,Moisturizer,Beauty,3,472.1,0.05,23,PayPal,Chicago
ORD-100953,3/11/2023,Jacket,Clothing,9,198.11,0,60,Credit Card,New York
ORD-100361,8/4/2023,Shampoo,Beauty,4,493.38,0.1,60,Credit Card,Chicago
ORD-104005,5/28/2023,Data Science 101,Books,3,126.16,0.2,34,Cash,New York
ORD-103520,8/23/2023,Headphones,Electronics,1,454.09,0.1,68,Debit Card,New York
ORD-104061,3/24/2023,USB-C Cable,Electronics,4,429.2,0,72,Apple Pay,Phoenix
ORD-102019,9/15/2023,Perfume,Beauty,7,N/A,0.15,36,Cash,Los Angeles
ORD-104696,4/29/2023,Moisturizer,Beauty,4,373.38,0,66,Cash,Phoenix
ORD-103486,8/4/2023,Monitor,Electronics,4,227.49,0.15,49,PayPal,Los Angeles
ORD-103594,3/10/2023,Mug,Home & Kitchen,5,89.36,0.15,53,CREDIT CARD,Phoenix
ORD-107979,6/25/2023,Data Science 101,Books,5,93.49,0.15,46,Apple Pay,New York
ORD-106753,10/11/2023,Monitor,Electronics,6,89.56,0.05,24,Debit Card,phoenix
ORD-109590,4/22/2023,Jacket,Clothing,4,444.81,0.05,40,cash,Los Angeles
ORD-109078,7/30/2023,Perfume,Beauty,3,,0.1,62,Apple Pay,Phoenix
ORD-107877,Invalid_Date,Monitor,Electronics,3,214.79,0.05,71,PayPal,New York
ORD-108822,9/19/2023,Shampoo,Beauty,6,238.16,0.05,46,Debit Card,Chicago
ORD-107540,8/11/2023,Air Fryer,Home & Kitchen,1,440.18,0.2,39,Cash,Chicago
ORD-101577,11/24/2023,Jeans,Clothing,1,137.63,0.05,74,,Los Angeles
ORD-101331,12/17/2023,Fiction Novel,Books,5,211.5,0.15,N/A,Cash,Houston
ORD-109098,9/19/2023,Socks,Clothing,9,26.86,0.2,28,Debit Card,Houston
ORD-106316,11/5/2023,Headphones,Electronics,4,248.16,0.2,34,Apple Pay,Phoenix
ORD-103456,5/15/2023,Sunscreen,Beauty,6,437.49,0.05,41,Cash,Los Angeles
ORD-105361,1/31/2023,Jacket,clothing,4,81.26,0.05,44,Debit Card,Phoenix
ORD-106640,11/21/2023,Wireless Mouse,electronics,7,188.25,0.05,27,PayPal,Los Angeles
ORD-107817,10/4/2023,Data Science 101,Books,6,208.75,0.1,54,Cash,Houston
ORD-101085,10/19/2023,Biography,Books,3,62.66,0.05,69,Apple Pay,Chicago
ORD-106793,3/30/2023,Mug,Home & Kitchen,7,41.6,0.05,26,Cash,Houston
ORD-103882,7/30/2023,Mechanical Keyboard,Electronics,1,,0.05,66,Apple Pay,Los Angeles
ORD-107769,3/14/2023,Lip Balm,Beauty,9,488.94,0.05,57,APPLE PAY,New York
ORD-101502,6/22/2023,Moisturizer,Beauty,9,168.8,0.1,39,PayPal,Chicago
ORD-100145,5/20/2023,Jacket,Clothing,4,232.38,0,37,Apple Pay,Houston
ORD-103853,10/12/2023,Wireless Mouse,Electronics,7,206.73,0.1,53,Cash,Chicago
ORD-109160,1/8/2023,Monitor,Electronics,4,101.43,0.15,51,PayPal,New York
ORD-101692,5/9/2023,History Book,Books,6,200.3,0,41,APPLE PAY,Houston
ORD-105023,9/20/2023,Coffee Maker,Home & Kitchen,5,97.96,0.1,26,Cash,Phoenix
ORD-107488,8/21/2023,Sunscreen,Beauty,6,230.93,0.15,64,Debit Card,Phoenix
ORD-104871,6/24/2023,Mechanical Keyboard,Electronics,5,433.36,0.15,47,PayPal,Online
ORD-103725,8/29/2023,Mug,Home & Kitchen,9,274.13,0.1,43,Apple Pay,Online
ORD-102255,7/15/2023,Monitor,Electronics,4,54.33,0.05,44,Debit Card,Houston
ORD-103149,7/18/2023,Monitor,Electronics,9,370.27,0.2,29,Apple Pay,Houston
ORD-103044,5/5/2023,History Book,Books,7,54.72,0.05,30,Apple Pay,Houston
ORD-100759,12/2/2023,Moisturizer,Beauty,1,157.87,0.2,65,Cash,Chicago
ORD-103556,6/10/2023,Mug,Home & Kitchen,1,234.42,0.05,20,Apple Pay,Online
ORD-109777,7/20/2023,Hoodie,Clothing,1,369.54,0.2,66,Debit Card,New York
ORD-103133,1/19/2023,Jacket,Clothing,7,347.93,0.2,74,Credit Card,Los Angeles
ORD-107749,7/22/2023,Mug,Home & Kitchen,9,263.44,0,31,PayPal,Online
ORD-108957,4/19/2023,Jacket,Clothing,7,241.29,0.1,27,PayPal,Phoenix
ORD-103652,Invalid_Date,Biography,Books,7,10.2,0.2,52,Debit Card,New York
ORD-107922,12/30/2023,Jacket,Clothing,6,450.57,0,58,Cash,New York
ORD-102111,4/16/2023,Shampoo,Beauty,9,15.04,0,999,Debit Card,Los Angeles
ORD-107986,4/20/2023,Biography,Books,9,403.36,0.05,31,Apple Pay,Online
ORD-106511,2/19/2023,Lip Balm,Beauty,3,-5,0.1,48,PayPal,Houston
ORD-102983,7/15/2023,Jeans,Clothing,7,61.57,0.15,62,Cash,Online
ORD-101361,12/1/2023,Sunscreen,Beauty,7,195.34,0.15,26,Apple Pay,Chicago
ORD-109690,10/22/2023,Sunscreen,Beauty,1,116.23,0,44,Cash,Los Angeles
ORD-102485,5/12/2023,Python Guide,Books,9,104,0.05,31,Debit Card,Phoenix
ORD-101209,7/1/2023,Sunscreen,Beauty,6,50000,0,66,Credit Card,Los Angeles
ORD-107855,6/21/2023,Air Fryer,Home & Kitchen,8,353.16,0,56,Debit Card,Chicago
ORD-108510,1/4/2023,Data Science 101,Books,9,321.58,0.1,20,Debit Card,New York
ORD-101836,9/27/2023,Jacket,clothing,9,308.52,0.05,42,Credit Card,Los Angeles
ORD-109520,5/6/2023,Sunscreen,Beauty,3,293.99,0.1,200,Credit Card,New York
ORD-105873,4/30/2023,Mechanical Keyboard,Electronics,9,114.64,0.2,63,Credit Card,Los Angeles
ORD-108240,11/5/2023,Air Fryer,Home & Kitchen,4,50.97,0.1,64,Credit Card,Houston
ORD-104096,5/27/2023,Mug,Home & Kitchen,6,483.34,0.05,54,Apple Pay,Phoenix
ORD-108855,2023-13-45,Coffee Maker,Home & Kitchen,2,452.82,0.1,57,Cash,Online
ORD-109496,4/11/2023,Shampoo,Beauty,1,421.54,0,66,Cash,Houston
ORD-103099,11/3/2023,Blender,Home & Kitchen,2,447.51,0.15,66,Apple Pay,Phoenix
ORD-109161,3/25/2023,Python Guide,Books,5,20.12,0.2,41,PayPal,Los Angeles
ORD-102471,5/10/2023,Jeans,Clothing,5,,0.1,61,Cash,Los Angeles
ORD-104330,1/3/2023,Moisturizer,Beauty,5,480.44,0.2,65,Cash,Chicago
ORD-109119,4/20/2023,Coffee Maker,Home & Kitchen,5,215.14,0.05,31,Apple Pay,Los Angeles
ORD-104405,6/12/2023,Biography,Books,7,379.58,0.15,61,CREDIT CARD,Houston
ORD-108072,4/8/2023,Moisturizer,Beauty,2,75.65,0,31,Apple Pay,Online
ORD-105472,2/6/2023,Wireless Mouse,Electronics,7,9.3,0,999,Cash,Los Angeles
ORD-102454,10/3/2023,Blender,Home & Kitchen,4,159.95,0.15,30,Apple Pay,New York
ORD-100001,9/28/2023,Wireless Mouse,ELECTRONICS,7,399.29,0.1,25,Debit Card,Los Angeles
ORD-105198,2/6/2023,T-Shirt,Clothing,2,355.23,0.1,73,Credit Card,Phoenix
ORD-102733,7/8/2023,Moisturizer,Beauty,6,9999.99,0.15,30,PayPal,Los Angeles
ORD-106538,7/12/2023,USB-C Cable,Electronics,3,418.39,0.1,70,Cash,New York
ORD-100544,12/19/2023,Air Fryer,Home & Kitchen,5,282.08,0.15,42,Cash,Chicago
ORD-107894,7/1/2023,Coffee Maker,Home & Kitchen,6,189.24,0.15,70,Cash,Los Angeles
ORD-100350,6/12/2023,History Book,Books,9,202.53,0.2,22,Credit Card,Chicago
ORD-101471,3/9/2023,Data Science 101,Books,2,490.78,0,68,Credit Card,New York
ORD-101776,10/10/2023,Python Guide,Books,1,24.21,0.1,66,Cash,Chicago
ORD-104170,3/25/2023,Cookware Set,Home & Kitchen,5,200.45,0.05,27,PayPal,Houston
ORD-103992,8/15/2023,Jeans,Clothing,5,,0.05,32,Apple Pay,Houston
ORD-103320,12/21/2023,Shampoo,Beauty,4,89.07,0.2,73,Credit Card,Houston
ORD-106056,7/13/2023,Coffee Maker,Home & Kitchen,5,350.89,0.1,50,Apple Pay,Chicago
ORD-106260,9/15/2023,Jacket,Clothing,7,9999.99,0.15,66,Apple Pay,New York
ORD-101617,10/3/2023,Moisturizer,Beauty,8,,0.05,29,Cash,Online
ORD-100458,6/1/2023,Jacket,Clothing,3,40.27,0,22,CASH,New York
ORD-103430,2/20/2023,Blender,Home & Kitchen,4,208.62,0.05,55,apple pay,Phoenix
ORD-103170,9/3/2023,History Book,Books,2,340.49,0.15,18,Cash,New York
ORD-104041,3/8/2023,Shampoo,Beauty,4,444.74,0,26,Debit Card,Phoenix
ORD-109374,9/27/2023,Shampoo,Beauty,8,127.12,0.15,72,Cash,Online
ORD-103013,5/28/2023,T-Shirt,Clothing,5,316.69,0.1,66,PayPal,Phoenix
ORD-101348,7/17/2023,Fiction Novel,Books,5,292.02,0,46,Credit Card,Phoenix
ORD-105709,2023-13-45,Mechanical Keyboard,Electronics,5,316.97,0.15,55,Cash,Online
ORD-101112,1/15/2023,Python Guide,Books,9,34.26,0.2,60,Credit Card,Los Angeles
ORD-100132,12/24/2023,Shampoo,Beauty,5,499.86,0.1,70,Credit Card,Los Angeles
ORD-101887,10/20/2023,Fiction Novel,Books,1,448.89,0.1,46,credit card,New York
ORD-107411,12/9/2023,T-Shirt,Clothing,6,N/A,0.1,37,Debit Card,Chicago
ORD-102759,1/10/2023,Python Guide,Books,1,495.18,0.2,38,Debit Card,New York
ORD-103915,3/8/2023,Headphones,Electronics,6,479.87,0.05,37,Credit Card,Phoenix
ORD-107787,4/28/2023,Mug,Home & Kitchen,6,265.14,0.2,74,PAYPAL,Phoenix
ORD-103071,1/25/2023,Sunscreen,Beauty,5,97.32,0.1,27,Debit Card,New York
ORD-100971,3/1/2023,Data Science 101,Books,5,106.1,0.2,39,Cash,Houston
ORD-102336,3/8/2023,Jacket,Clothing,5,85.17,0.1,200,Apple Pay,Houston
ORD-102708,10/23/2023,Jeans,Clothing,4,285.91,0,150,Debit Card,Los Angeles
ORD-107059,11/24/2023,Mechanical Keyboard,Electronics,1,390.97,0.05,49,Debit Card,Phoenix
ORD-109980,1/15/2023,Data Science 101,Books,3,262.45,0.05,46,PayPal,Online
ORD-104281,2/16/2023,Python Guide,Books,7,118.89,0.15,,Credit Card,Phoenix
ORD-105653,7/6/2023,Air Fryer,Home & Kitchen,4,373.16,0.1,42,PayPal,New York
ORD-102146,7/31/2023,Data Science 101,Books,4,15.96,0.1,70,Apple Pay,Online
ORD-102887,9/30/2023,T-Shirt,Clothing,2,215.59,0.05,35,PayPal,Chicago
ORD-103400,11/17/2023,Sunscreen,Beauty,4,345,0.05,61,Debit Card,New York
ORD-108527,8/5/2023,Jeans,Clothing,5,371.85,0.2,34,Cash,Houston
ORD-106946,3/10/2023,Air Fryer,Home & Kitchen,8,413.81,0.15,34,Debit Card,Online
ORD-108375,5/26/2023,USB-C Cable,Electronics,3,171.41,0.05,23,Debit Card,Phoenix
ORD-104360,5/26/2023,Socks,Clothing,2,50000,0,62,PayPal,Los Angeles
ORD-100593,6/23/2023,Moisturizer,Beauty,8,432.13,0.2,64,Apple Pay,Online
ORD-105993,5/11/2023,Headphones,Electronics,6,12.15,0.05,51,Debit Card,Online
ORD-107232,9/10/2023,History Book,Books,5,244.81,0.1,65,Cash,Houston
ORD-105728,1/11/2023,Python Guide,Books,7,399.68,0.05,47,Apple Pay,Chicago
ORD-108120,5/24/2023,Blender,Home & Kitchen,5,319.48,0.15,68,Apple Pay,Houston
ORD-103946,2/6/2023,Coffee Maker,Home & Kitchen,7,287.42,0.1,52,Cash,Los Angeles
ORD-103858,3/12/2023,Fiction Novel,Books,9,496.4,0.05,41,PayPal,PHOENIX
ORD-104303,7/5/2023,Data Science 101,Books,4,180.68,0.05,74,Apple Pay,Chicago
ORD-100796,6/13/2023,T-Shirt,Clothing,6,194.73,0.1,30,Apple Pay,New York
ORD-108533,12/25/2023,Data Science 101,Books,9,480.97,0.05,45,Credit Card,Los Angeles
ORD-104374,9/21/2023,USB-C Cable,Electronics,5,9999.99,0.05,49,Apple Pay,New York
ORD-105732,5/20/2023,Python Guide,Books,5,470.3,0.05,44,Apple Pay,Los Angeles
ORD-104163,4/7/2023,Fiction Novel,Books,2,390.44,0.05,54,Cash,Chicago
ORD-103711,7/19/2023,Sunscreen,Beauty,6,394.56,0.2,54,Debit Card,Chicago
ORD-108188,2/26/2023,Biography,Books,5,346.86,0,41,PayPal,Online
ORD-103080,6/1/2023,Monitor,Electronics,5,291.45,0.05,39,Apple Pay,New York
ORD-107059,11/24/2023,Mechanical Keyboard,Electronics,1,390.97,0.05,49,Debit Card,Phoenix
ORD-106337,3/2/2023,Blender,Home & Kitchen,3,187.64,0.2,72,Debit Card,Houston
ORD-104635,9/3/2023,Air Fryer,Home & Kitchen,6,316.41,0.1,60,PayPal,Online
ORD-107087,10/15/2023,Cookware Set,Home & Kitchen,2,351.1,0.2,50,Credit Card,Online
ORD-103119,6/16/2023,T-Shirt,Clothing,Unknown,110.89,0.15,21,PayPal,New York
ORD-105270,8/7/2023,Python Guide,Books,4,433.38,0.2,32,Debit Card,Houston
ORD-100783,9/5/2023,Moisturizer,Beauty,3,442.08,0.15,51,Debit Card,PHOENIX
ORD-102493,2/25/2023,Cookware Set,home & kitchen,1,332.33,0.15,18,Cash,Los Angeles
ORD-101248,1/26/2023,Sunscreen,BEAUTY,7,373.23,0,43,Debit Card,Los Angeles
ORD-109289,11/8/2023,Jeans,Clothing,8,210.41,0.2,19,Credit Card,Houston
ORD-102743,8/11/2023,Python Guide,Books,7,290.78,0.2,70,Cash,Online
ORD-107428,5/13/2023,Shampoo,BEAUTY,9,96.86,0.05,65,PayPal,Los Angeles
ORD-101407,Invalid_Date,Perfume,Beauty,3,369.28,0.2,68,PayPal,Online
ORD-105649,5/20/2023,Socks,Clothing,5,119.4,0.2,50,PayPal,Houston
ORD-100266,4/18/2023,Jeans,Clothing,2,262.48,0.05,72,Apple Pay,Houston
ORD-100317,6/2/2023,Moisturizer,Beauty,4,399.29,0,61,Cash,Houston
ORD-109346,3/3/2023,Cookware Set,Home & Kitchen,6,9999.99,0.2,71,Cash,Los Angeles
ORD-101559,7/10/2023,Cookware Set,Home & Kitchen,9,473.36,0.15,29,Apple Pay,Los Angeles
ORD-102923,11/19/2023,Python Guide,Books,4,91.18,0.15,46,Credit Card,Chicago
ORD-102115,3/4/2023,Moisturizer,Beauty,9,374.64,0.1,69,Credit Card,Houston
ORD-105307,2/11/2023,Perfume,Beauty,3,129.4,0.15,45,Apple Pay,Phoenix
ORD-103071,1/25/2023,Sunscreen,Beauty,5,97.32,0.1,27,Debit Card,New York
ORD-101108,4/12/2023,Wireless Mouse,Electronics,7,53.51,0.05,58,Credit Card,New York
ORD-109075,2/18/2023,Biography,Books,1,301.98,,25,Apple Pay,Los Angeles
ORD-109287,12/8/2023,Wireless Mouse,Electronics,3,274.04,0.05,62,Debit Card,Houston
ORD-102808,8/7/2023,Sunscreen,Beauty,7,257.1,0,49,Credit Card,Phoenix
ORD-105080,9/10/2023,Hoodie,Clothing,1,373.32,0.05,48,Cash,Chicago
ORD-109203,7/15/2023,Headphones,Electronics,8,141.4,0.15,62,Cash,New York
ORD-107397,7/30/2023,Mechanical Keyboard,Electronics,9,50000,0.15,20,PayPal,Online
ORD-107407,5/9/2023,Sunscreen,Beauty,9,54.91,0.15,30,PayPal,Phoenix
ORD-105740,12/22/2023,Fiction Novel,Books,1,390.38,0,57,PayPal,Los Angeles
ORD-100104,1/25/2023,Biography,Books,5,50.39,0.15,38,PayPal,Los Angeles
ORD-103795,8/24/2023,Sunscreen,Beauty,2,320.8,0.2,30,Apple Pay,Houston
ORD-108562,9/21/2023,Socks,Clothing,5,288.42,0.05,24,Cash,Phoenix
ORD-105136,10/1/2023,Mechanical Keyboard,Electronics,5,204.96,0.1,18,Cash,New York
ORD-104355,8/8/2023,Jeans,Clothing,6,5.62,0.1,,PayPal,Chicago
ORD-104078,1/10/2023,Blender,Home & Kitchen,5,39.56,0.1,63,Cash,Houston
ORD-102824,5/28/2023,Moisturizer,Beauty,6,283.78,0.2,19,Apple Pay,Online
ORD-108970,5/15/2023,T-Shirt,Clothing,9,394.86,0.05,42,Debit Card,Houston
ORD-102615,8/1/2023,Wireless Mouse,Electronics,2,144.22,0,70,Credit Card,Chicago
ORD-106211,7/27/2023,Lip Balm,Beauty,2,239.36,0.2,26,Cash,Chicago
ORD-101447,4/27/2023,Data Science 101,Books,4,275.11,0.15,49,Credit Card,New York
ORD-103255,8/12/2023,Lip Balm,Beauty,6,258.78,0,63,Apple Pay,Chicago
ORD-107092,1/22/2023,Monitor,Electronics,7,373.87,0.05,24,Credit Card,Phoenix
ORD-102900,7/9/2023,Jeans,Clothing,4,188.11,0.15,37,Cash,Online
ORD-102755,3/20/2023,Air Fryer,Home & Kitchen,6,71.54,0.1,39,Cash,Chicago
ORD-109833,11/6/2023,Coffee Maker,Home & Kitchen,8,427.86,0,39,Credit Card,Houston
ORD-108601,10/8/2023,Perfume,Beauty,8,289.49,0,71,Debit Card,Chicago
ORD-104608,10/18/2023,Shampoo,Beauty,4,Unknown,0.15,57,Credit Card,Chicago
ORD-103575,3/19/2023,Mug,Home & Kitchen,8,345.99,0.2,65,Apple Pay,Los Angeles
ORD-100568,1/2/2023,Cookware Set,Home & Kitchen,4,439.23,0,63,PayPal,Houston
ORD-108751,5/20/2023,Coffee Maker,Home & Kitchen,9,476.69,0.05,64,Apple Pay,Online
ORD-108711,1/24/2023,Jeans,Clothing,2,407.15,0.05,39,,New York
ORD-105559,1/6/2023,Blender,Home & Kitchen,4,73.39,0,0,PayPal,Online
ORD-101459,2023-13-45,Cookware Set,Home & Kitchen,1,53.68,0.05,60,Debit Card,Phoenix
ORD-109548,12/25/2023,Wireless Mouse,Electronics,2,277.26,0.2,61,Apple Pay,Phoenix
ORD-102158,3/17/2023,Mechanical Keyboard,Electronics,5,,0.15,69,Cash,Online
ORD-104171,Invalid_Date,Coffee Maker,Home & Kitchen,9,166.79,0.2,32,Cash,Online
ORD-103016,6/21/2023,T-Shirt,Clothing,4,247.85,0.15,30,Credit Card,New York
ORD-102686,1/15/2023,Headphones,Electronics,3,321.61,0.2,39,Apple Pay,Phoenix
ORD-109691,6/10/2023,Coffee Maker,Home & Kitchen,3,63.22,0.1,62,PayPal,Los Angeles
ORD-106992,7/26/2023,Mechanical Keyboard,Electronics,1,75.47,0.15,48,Apple Pay,Los Angeles
ORD-109596,10/2/2023,Fiction Novel,Books,3,186.47,0.05,18,Credit Card,Los Angeles
ORD-104519,4/23/2023,Fiction Novel,Books,4,218.18,0,68,Debit Card,Phoenix
ORD-104746,4/7/2023,Headphones,Electronics,N/A,40.36,0.1,51,Credit Card,Online
ORD-100765,4/7/2023,Perfume,Beauty,5,179.71,0.2,74,Debit Card,Houston
ORD-104542,4/26/2023,Jacket,Clothing,9,215.89,0.1,41,debit card,New York
ORD-100037,4/23/2023,Mug,Home & Kitchen,7,251.14,0.2,66,PayPal,Phoenix
ORD-104607,6/16/2023,Biography,Books,2,322.23,0.15,30,Credit Card,Houston
ORD-103152,9/9/2023,Fiction Novel,Books,2,499.36,0.1,68,Debit Card,Los Angeles
ORD-105814,7/10/2023,Lip Balm,Beauty,1,34.9,0.15,23,Debit Card,Phoenix
ORD-106390,1/21/2023,Lip Balm,Beauty,3,426.88,0.1,49,Cash,Chicago
ORD-109839,3/28/2023,History Book,Books,1,148.21,0.05,57,Cash,Houston
ORD-108388,6/21/2023,Jacket,CLOTHING,5,297.35,0.1,25,Credit Card,Chicago
ORD-107147,4/26/2023,Headphones,Electronics,9,188.24,0.1,69,Apple Pay,Phoenix
ORD-109773,12/5/2023,Socks,Clothing,1,85.38,0,66,Debit Card,Chicago
ORD-109507,1/15/2023,USB-C Cable,Electronics,8,304.4,0.2,54,Debit Card,New York
ORD-104182,7/6/2023,Data Science 101,Books,2,50000,0.15,69,Cash,Houston
ORD-103949,8/3/2023,T-Shirt,Clothing,9,430.84,0.15,50,Apple Pay,Houston
ORD-105831,8/21/2023,Mechanical Keyboard,Electronics,3,Unknown,0.15,46,Credit Card,Houston
ORD-102543,7/23/2023,Mechanical Keyboard,Electronics,9,143.15,0.1,39,Cash,Chicago
ORD-101311,1/12/2023,Cookware Set,home & kitchen,1,47.92,0.2,71,PayPal,Houston
ORD-103617,11/22/2023,Shampoo,beauty,8,148.05,0.15,27,Debit Card,Houston
ORD-108012,6/2/2023,Monitor,Electronics,4,8.53,0,25,Apple Pay,New York
ORD-106686,4/11/2023,Cookware Set,Home & Kitchen,4,315.2,0.1,150,Apple Pay,New York
ORD-108972,3/8/2023,Data Science 101,Books,5,410.95,0.05,44,Cash,Houston
ORD-102089,7/31/2023,History Book,Books,7,83.04,0.2,46,PayPal,Chicago
ORD-104688,5/21/2023,T-Shirt,Clothing,9,261.15,0,150,PayPal,Online
ORD-102752,8/30/2023,Coffee Maker,Home & Kitchen,7,340.11,0.05,64,Cash,Houston
ORD-101663,7/25/2023,Coffee Maker,Home & Kitchen,3,381.7,0.1,34,Apple Pay,New York
ORD-100638,8/13/2023,Biography,Books,1,321.9,0.1,55,cash,Phoenix
ORD-101072,4/28/2023,Mechanical Keyboard,Electronics,9,487.71,0,69,PayPal,Los Angeles
ORD-108784,5/24/2023,Mug,Home & Kitchen,9,222.43,0.1,53,Cash,Online
ORD-105894,6/23/2023,Perfume,Beauty,3,66.03,0.15,72,PayPal,Online
ORD-108490,5/20/2023,Monitor,Electronics,6,10.14,0,46,PayPal,Phoenix
ORD-106533,11/23/2023,Jeans,Clothing,6,44.01,0.15,51,Credit Card,Los Angeles
ORD-103899,4/1/2023,Fiction Novel,Books,6,329.5,0.2,29,Credit Card,Phoenix
ORD-105033,5/18/2023,Fiction Novel,Books,4,421.21,0.2,42,Credit Card,Chicago
ORD-100150,5/20/2023,Jeans,Clothing,3,411.79,0.05,39,Credit Card,Houston
ORD-108705,4/12/2023,Air Fryer,Home & Kitchen,2,167.88,0,,PayPal,Online
ORD-106299,4/15/2023,Lip Balm,Beauty,4,446.83,0,42,PAYPAL,New York
ORD-106379,9/26/2023,Mechanical Keyboard,Electronics,7,313.96,0.05,31,Cash,Online
ORD-103694,3/12/2023,Perfume,Beauty,8,-1,0,57,Cash,New York
ORD-109229,5/29/2023,Coffee Maker,Home & Kitchen,2,124.02,0.15,37,Debit Card,New York
ORD-106476,9/9/2023,History Book,Books,5,301.2,0.15,999,Debit Card,New York
ORD-101732,12/16/2023,Shampoo,Beauty,2,487.75,0.05,19,Cash,Phoenix
ORD-102216,12/30/2023,Data Science 101,Books,5,N/A,0,47,Credit Card,Phoenix
ORD-103376,11/14/2023,Hoodie,Clothing,5,319.99,0.05,73,Apple Pay,Chicago
ORD-104002,12/2/2023,Biography,Books,7,395.6,0.05,52,Cash,Houston
ORD-105146,11/14/2023,Mug,Home & Kitchen,6,305.99,0.05,55,PayPal,Houston
ORD-108826,4/18/2023,Mechanical Keyboard,Electronics,2,173.22,0.15,22,Cash,Los Angeles
ORD-105404,1/14/2023,Data Science 101,Books,4,345.65,0.15,24,Apple Pay,Los Angeles
ORD-100743,2023-13-45,Coffee Maker,Home & Kitchen,8,382.43,0.2,25,Apple Pay,Los Angeles
ORD-105215,1/21/2023,Lip Balm,Beauty,8,85,0.05,26,Credit Card,Online
ORD-103937,7/22/2023,Shampoo,Beauty,9,230.89,0.05,39,Apple Pay,Phoenix
ORD-108021,4/2/2023,Moisturizer,Beauty,9,61.59,0.1,30,Debit Card,Phoenix
ORD-106484,2/14/2023,Data Science 101,Books,7,51.1,0.15,48,Credit Card,Chicago
ORD-105422,10/21/2023,Biography,Books,6,380.91,,58,PayPal,Los Angeles
ORD-107720,4/23/2023,Biography,Books,4,146.3,0.2,66,Debit Card,Chicago
ORD-101596,5/20/2023,Blender,Home & Kitchen,7,197.77,0.2,71,Credit Card,New York
ORD-103245,9/27/2023,Perfume,Beauty,1,22.95,0.1,,Apple Pay,Chicago
ORD-103985,5/20/2023,Jacket,Clothing,2,89.95,0.1,27,Credit Card,Chicago
ORD-100800,12/19/2023,Sunscreen,Beauty,1,433.27,0.2,26,Apple Pay,New York
ORD-104759,12/10/2023,Python Guide,Books,9,331.53,0.2,65,Cash,Online
ORD-104897,6/20/2023,Hoodie,Clothing,7,481.64,0,31,PayPal,Online
ORD-106426,12/18/2023,Biography,Books,4,464.18,0.2,21,Debit Card,CHICAGO
ORD-106962,4/29/2023,Mechanical Keyboard,Electronics,5,176.21,0.05,22,PayPal,Chicago
ORD-105966,1/30/2023,T-Shirt,Clothing,9,119.41,0.05,53,Apple Pay,Los Angeles
ORD-108447,9/3/2023,Data Science 101,Books,6,467.05,0.1,69,Cash,Phoenix
ORD-107239,8/15/2023,History Book,Books,9,404.68,0.05,20,Debit Card,Phoenix
ORD-109195,9/5/2023,History Book,Books,8,359.97,0.2,72,Debit Card,Houston
ORD-109902,9/3/2023,Sunscreen,beauty,9,11.5,0,33,Credit Card,Online
ORD-100587,9/22/2023,Moisturizer,Beauty,6,466.22,0.2,66,PayPal,New York
ORD-109380,5/18/2023,USB-C Cable,Electronics,5,455.11,0.2,54,Credit Card,Chicago
ORD-105835,3/6/2023,Moisturizer,Beauty,5,428.57,0.05,25,PayPal,New York
ORD-109636,10/2/2023,Fiction Novel,Books,7,396.67,0.15,74,Debit Card,New York
ORD-103618,7/18/2023,Air Fryer,Home & Kitchen,2,416.77,0.1,,Credit Card,Phoenix
ORD-109309,12/24/2023,Mechanical Keyboard,Electronics,3,168.73,0.15,0,Apple Pay,Online
ORD-104846,10/19/2023,Lip Balm,Beauty,6,490.87,0.15,44,Apple Pay,Los Angeles
ORD-108707,11/7/2023,Fiction Novel,Books,8,242.94,0.05,67,Credit Card,Los Angeles
ORD-100024,1/15/2023,Coffee Maker,Home & Kitchen,5,486,0,22,PayPal,Phoenix
ORD-104891,10/30/2023,Headphones,Electronics,8,358.06,0.15,61,Cash,Los Angeles
ORD-105840,2023-13-45,Mechanical Keyboard,Electronics,3,338.59,0.2,41,Debit Card,New York
ORD-100790,9/5/2023,Socks,Clothing,9,222,0.15,34,Debit Card,Los Angeles
ORD-108179,9/9/2023,Perfume,Beauty,7,265.52,0.05,69,,New York
ORD-104050,9/15/2023,Moisturizer,Beauty,5,385.27,0.1,65,paypal,Online
ORD-104686,5/20/2023,Cookware Set,Home & Kitchen,3,190.13,0.2,35,Cash,Chicago
ORD-106801,5/22/2023,Mug,Home & Kitchen,6,262.19,0.15,22,Apple Pay,Los Angeles
ORD-102148,5/16/2023,Mechanical Keyboard,Electronics,1,284.71,0,33,PayPal,New York
ORD-102021,11/23/2023,Mug,Home & Kitchen,2,440.57,0.1,24,Debit Card,Phoenix
ORD-104075,7/23/2023,Coffee Maker,Home & Kitchen,6,132.09,0.1,Unknown,Cash,Chicago
ORD-106396,8/13/2023,Blender,Home & Kitchen,8,282.75,0.1,64,Debit Card,Chicago
ORD-106112,2/24/2023,Moisturizer,Beauty,2,57.53,0.15,58,apple pay,New York
ORD-103543,11/3/2023,Mechanical Keyboard,Electronics,1,115.27,0.1,22,Credit Card,Los Angeles
ORD-101517,1/21/2023,Coffee Maker,HOME & KITCHEN,2,334.64,0.05,22,Cash,Phoenix
ORD-100606,7/14/2023,Socks,Clothing,2,195.2,0.15,61,Debit Card,Los Angeles
ORD-104253,9/8/2023,Blender,Home & Kitchen,2,489.48,0.1,59,Apple Pay,Chicago
ORD-109832,6/23/2023,Jeans,Clothing,1,9999.99,0.1,67,Debit Card,Los Angeles
ORD-100994,11/25/2023,Socks,Clothing,1,155.72,0.05,36,Credit Card,Chicago
ORD-104310,11/30/2023,Monitor,Electronics,4,9999.99,0.1,74,Credit Card,Los Angeles
ORD-109032,1/30/2023,Coffee Maker,Home & Kitchen,5,91.79,0.1,18,Debit Card,New York
ORD-104594,11/14/2023,Lip Balm,Beauty,3,445.26,0.05,19,,New York
ORD-105595,8/16/2023,USB-C Cable,Electronics,9,134.39,0.05,200,Credit Card,New York
ORD-105332,7/27/2023,Air Fryer,Home & Kitchen,5,70.77,,65,PayPal,Los Angeles
ORD-109976,6/7/2023,Mug,Home & Kitchen,7,N/A,0.2,29,Credit Card,Online
ORD-104598,5/13/2023,Blender,Home & Kitchen,2,307.4,0.05,59,Cash,New York
ORD-102944,11/22/2023,Mechanical Keyboard,Electronics,1,351.85,0.2,33,Cash,chicago
ORD-104914,4/17/2023,Perfume,Beauty,1,362.46,0.15,67,Apple Pay,Houston
ORD-108991,12/9/2023,Jacket,Clothing,3,208.96,0.1,69,Apple Pay,Los Angeles
ORD-103207,8/24/2023,Moisturizer,Beauty,4,271.27,0.2,47,Cash,Houston
ORD-108063,6/27/2023,Wireless Mouse,Electronics,2,265.28,0.05,61,PayPal,Chicago
ORD-103393,12/27/2023,History Book,Books,4,394,0.05,66,Apple Pay,Los Angeles
ORD-109222,1/29/2023,Cookware Set,Home & Kitchen,8,304.26,0.05,52,Debit Card,Online
ORD-102073,12/26/2023,Mechanical Keyboard,Electronics,2,412.78,0.1,65,PayPal,Chicago
ORD-106096,7/24/2023,Monitor,Electronics,4,440.01,0,0,Credit Card,Phoenix
ORD-108115,4/28/2023,Biography,Books,1,458.53,0,53,Apple Pay,Chicago
ORD-105516,9/9/2023,USB-C Cable,Electronics,5,375.02,0.15,50,Debit Card,Houston
ORD-106384,10/29/2023,History Book,Books,4,473.88,0.15,56,Apple Pay,Houston
ORD-104293,5/10/2023,History Book,Books,9,127.35,0.2,51,Apple Pay,Online
ORD-104346,8/1/2023,Python Guide,Books,5,155.62,0.1,48,Debit Card,Houston
ORD-106182,1/7/2023,Cookware Set,Home & Kitchen,8,50000,0.15,58,Credit Card,Chicago
ORD-102545,1/15/2023,Lip Balm,Beauty,1,479.89,0.1,22,PayPal,Chicago
ORD-107657,3/16/2023,Hoodie,Clothing,9,120.66,0.05,63,Debit Card,Los Angeles
ORD-109146,12/17/2023,Jeans,Clothing,6,84.15,0.15,,Credit Card,Phoenix
ORD-102108,2/19/2023,Moisturizer,Beauty,5,484.87,0.15,-1,Apple Pay,Online
ORD-101513,3/10/2023,Moisturizer,Beauty,6,484.26,0,38,PayPal,New York
ORD-103140,7/19/2023,Fiction Novel,Books,4,29.86,0.15,32,Apple Pay,Chicago
ORD-100268,8/15/2023,History Book,Books,2,469.84,0.1,56,Cash,Online
ORD-105750,12/22/2023,Headphones,Electronics,4,51.97,0.2,39,Credit Card,Chicago
ORD-107851,12/15/2023,Air Fryer,Home & Kitchen,9,181.19,0.1,28,Credit Card,Chicago
ORD-103814,2/24/2023,USB-C Cable,Electronics,7,180.77,,68,Credit Card,Houston
ORD-107536,5/19/2023,Moisturizer,Beauty,4,154.84,0.1,68,paypal,New York
ORD-102341,9/16/2023,Shampoo,Beauty,9,64.57,0.1,-1,PayPal,New York
ORD-100739,12/8/2023,Mug,Home & Kitchen,3,441.95,0.15,45,PayPal,Houston
ORD-100966,1/22/2023,Mechanical Keyboard,Electronics,5,373.86,0.1,62,Debit Card,Chicago
ORD-100253,12/20/2023,Sunscreen,Beauty,3,139.71,0.15,36,Apple Pay,Houston
ORD-104449,10/1/2023,Lip Balm,Beauty,5,208.77,0.05,30,Credit Card,Chicago
ORD-105982,9/25/2023,T-Shirt,Clothing,1,341.5,0,51,Credit Card,Chicago
ORD-100051,5/11/2023,Lip Balm,Beauty,3,364.35,0.15,41,PayPal,Phoenix
ORD-104632,12/12/2023,Cookware Set,Home & Kitchen,9,361.11,0.2,50,Credit Card,Phoenix
ORD-107342,2023-13-45,Perfume,Beauty,7,436.58,0.1,54,Apple Pay,Online
ORD-105267,9/19/2023,Coffee Maker,Home & Kitchen,1,408.28,0,21,Apple Pay,Houston
ORD-100873,3/16/2023,Blender,Home & Kitchen,7,432.5,0.2,61,Debit Card,Los Angeles
ORD-102928,9/17/2023,Sunscreen,Beauty,3,426.46,0.15,,Apple Pay,Los Angeles
ORD-101374,11/14/2023,Data Science 101,Books,1,124.59,0,48,PayPal,Online
ORD-106238,1/25/2023,Shampoo,Beauty,8,131.24,0,39,Credit Card,Online
ORD-104116,5/20/2023,Mechanical Keyboard,Electronics,6,174.55,0.05,36,Debit Card,Chicago
ORD-109696,3/3/2023,Perfume,Beauty,1,435.11,0.2,36,Apple Pay,Chicago
ORD-109727,11/6/2023,Moisturizer,Beauty,5,406.74,0.05,200,Apple Pay,Houston
ORD-102246,6/26/2023,T-Shirt,Clothing,5,35.34,0.2,72,PayPal,Houston
ORD-100249,12/3/2023,Python Guide,Books,3,421.56,0.1,62,PayPal,Chicago
ORD-105101,7/16/2023,Blender,Home & Kitchen,7,301.3,0.15,25,Apple Pay,Phoenix
ORD-101685,10/26/2023,Data Science 101,Books,6,117.23,0.1,73,Debit Card,Chicago
ORD-101419,9/16/2023,Biography,Books,1,10.9,,64,Cash,Houston
ORD-105028,9/7/2023,Lip Balm,Beauty,6,380.98,0.2,-5,Credit Card,New York
ORD-104939,12/18/2023,Sunscreen,Beauty,2,27.2,0.05,28,Cash,New York
ORD-100972,1/26/2023,Fiction Novel,Books,1,213.28,0.2,43,Apple Pay,Houston
ORD-102565,1/18/2023,T-Shirt,Clothing,2,89.99,0.1,49,PayPal,Los Angeles
ORD-102847,10/12/2023,Blender,Home & Kitchen,8,471.67,0.05,44,PayPal,Houston
ORD-103096,8/6/2023,Wireless Mouse,Electronics,5,149.95,0.1,25,Cash,new york
ORD-106454,12/17/2023,USB-C Cable,Electronics,6,194.64,0.15,21,Debit Card,Los Angeles
ORD-109326,12/4/2023,History Book,Books,7,138.51,0.15,42,Apple Pay,Los Angeles
ORD-107865,12/16/2023,History Book,Books,5,400.64,0.2,18,PayPal,New York
ORD-101316,8/9/2023,Socks,Clothing,6,158.6,0.1,71,PayPal,New York
ORD-105020,9/5/2023,Jacket,Clothing,2,182.62,0.2,47,Apple Pay,Phoenix
ORD-100448,4/27/2023,T-Shirt,Clothing,4,136.68,0.05,21,Debit Card,Houston
ORD-108617,2/16/2023,T-Shirt,Clothing,4,274.44,0.05,38,PayPal,Online
ORD-102817,6/6/2023,Hoodie,Clothing,6,162.74,0.1,28,Debit Card,Online
ORD-105019,7/30/2023,Socks,Clothing,5,272.83,0.1,150,Apple Pay,Los Angeles
ORD-108941,5/19/2023,Jeans,Clothing,4,469.92,0.1,36,Credit Card,Houston
ORD-108771,9/1/2023,Shampoo,Beauty,5,306.04,0.05,32,Cash,New York
ORD-108792,9/25/2023,Data Science 101,Books,6,238.5,0,20,Apple Pay,Phoenix
ORD-109692,3/6/2023,Headphones,Electronics,6,125.02,0.1,32,Apple Pay,Online
ORD-104774,8/28/2023,Monitor,Electronics,6,132.44,0,25,Cash,Houston
ORD-100462,9/13/2023,Lip Balm,Beauty,1,151.25,0,26,Apple Pay,New York
ORD-107992,9/23/2023,Fiction Novel,Books,6,158.99,0.2,43,Cash,Chicago
ORD-102068,7/23/2023,Blender,Home & Kitchen,4,120.64,0.05,55,Debit Card,Online
ORD-106292,9/22/2023,Biography,Books,4,182.07,0.15,43,cash,Los Angeles
ORD-107679,1/15/2023,Socks,Clothing,8,331.13,0.2,72,Apple Pay,Houston
ORD-101176,1/7/2023,Mechanical Keyboard,Electronics,6,157.04,0.1,18,Debit Card,Los Angeles
ORD-100377,11/12/2023,Mug,Home & Kitchen,7,283.9,0.2,42,Cash,Phoenix
ORD-100411,2/27/2023,Monitor,Electronics,6,119.26,0.1,39,Credit Card,Phoenix
ORD-108993,1/15/2023,Wireless Mouse,Electronics,5,95.17,0.05,43,Cash,Online
ORD-103579,6/15/2023,Socks,Clothing,4,57.48,0,39,Credit Card,Online
ORD-102211,8/2/2023,Coffee Maker,Home & Kitchen,6,164.87,0.15,54,Credit Card,Online
ORD-109076,5/1/2023,Python Guide,Books,7,164.84,0.05,54,Debit Card,Online
ORD-104280,11/12/2023,Blender,Home & Kitchen,1,272.01,0.05,40,,Online
ORD-107078,9/10/2023,Perfume,Beauty,1,285.6,0.15,200,Apple Pay,Los Angeles
ORD-104420,3/23/2023,Shampoo,Beauty,9,243.31,0.15,40,Cash,New York
ORD-108024,1/6/2023,Socks,Clothing,5,59.38,0.1,,Credit Card,New York
ORD-104049,4/4/2023,Socks,Clothing,2,289.04,0.2,38,Apple Pay,New York
ORD-105965,12/2/2023,Jeans,Clothing,8,331.52,0.05,40,Debit Card,Online
ORD-108715,4/14/2023,Monitor,Electronics,5,437.5,0.2,73,Debit Card,Chicago
ORD-100275,5/20/2023,Monitor,Electronics,5,394.24,0.1,30,Apple Pay,Houston
ORD-108772,2/4/2023,USB-C Cable,Electronics,5,276.7,0.2,44,DEBIT CARD,Chicago
ORD-105072,3/22/2023,Jacket,Clothing,7,478.73,0.05,48,Debit Card,Los Angeles
ORD-109812,3/17/2023,T-Shirt,Clothing,3,285.9,0.05,58,credit card,Phoenix
ORD-102406,10/28/2023,Biography,Books,8,356.66,0.15,22,Debit Card,Chicago
ORD-105776,1/15/2023,Headphones,Electronics,5,395.8,0,42,Apple Pay,Houston
ORD-103024,6/7/2023,Headphones,Electronics,6,117.62,0.15,46,Credit Card,New York
ORD-102610,5/14/2023,Cookware Set,Home & Kitchen,6,34.37,0.1,150,Cash,Online
ORD-103275,3/6/2023,Cookware Set,Home & Kitchen,2,215.62,0.15,20,Credit Card,Los Angeles
ORD-102070,5/18/2023,Mechanical Keyboard,Electronics,9,347.02,0.05,59,PayPal,New York
ORD-106120,8/19/2023,Sunscreen,Beauty,7,400.25,0,34,Debit Card,Houston
ORD-106948,9/19/2023,Mug,Home & Kitchen,7,43.63,0.15,43,Apple Pay,Chicago
ORD-103669,6/6/2023,Socks,Clothing,5,426.68,0.2,60,Debit Card,New York
ORD-100468,1/15/2023,Shampoo,Beauty,8,218.88,0.05,42,PayPal,Online
ORD-108286,12/23/2023,Lip Balm,Beauty,9,162.84,0.15,46,Cash,Online
ORD-108511,9/19/2023,Fiction Novel,Books,1,217.31,0,70,Debit Card,Chicago
ORD-102520,Invalid_Date,Socks,Clothing,1,56.01,0.05,40,PayPal,Houston
ORD-106780,12/7/2023,T-Shirt,Clothing,4,232.31,0.05,38,Apple Pay,New York
ORD-101878,9/11/2023,Coffee Maker,Home & Kitchen,7,237.17,0.2,60,Apple Pay,Online
ORD-106868,6/15/2023,USB-C Cable,Electronics,8,394.22,0,200,Apple Pay,Houston
ORD-100514,1/7/2023,Moisturizer,Beauty,-5,161.02,0.05,49,Debit Card,Los Angeles
ORD-104158,10/16/2023,Coffee Maker,Home & Kitchen,6,310.33,0.2,38,Apple Pay,houston
ORD-104047,11/6/2023,Wireless Mouse,Electronics,9,473.2,0.05,21,PayPal,Houston
ORD-103536,2/28/2023,Python Guide,Books,9,431.51,0.2,44,Debit Card,Phoenix
ORD-105830,5/26/2023,Headphones,Electronics,4,288.29,0,70,Cash,los angeles
ORD-100922,7/29/2023,Shampoo,Beauty,7,246.2,0,47,Credit Card,New York
ORD-103282,8/4/2023,Hoodie,Clothing,4,,0.15,64,Cash,Houston
ORD-103871,6/1/2023,Headphones,Electronics,6,120.47,0,,PayPal,New York
ORD-109733,8/1/2023,Coffee Maker,Home & Kitchen,5,296.28,0,999,Cash,Online
ORD-106132,3/4/2023,Hoodie,Clothing,4,101.04,0.2,62,,Phoenix
ORD-100475,3/29/2023,Air Fryer,Home & Kitchen,2,110.69,0.15,30,credit card,Chicago
ORD-105329,6/22/2023,Monitor,Electronics,6,487.32,0,30,Debit Card,Houston
ORD-107317,11/2/2023,Jacket,Clothing,2,308.83,0.2,31,Apple Pay,Phoenix
ORD-105787,3/29/2023,Shampoo,Beauty,4,494.3,0.1,44,PayPal,Los Angeles
ORD-105172,9/6/2023,Sunscreen,Beauty,8,423.47,0.05,37,Debit Card,Chicago
ORD-104081,6/3/2023,Cookware Set,Home & Kitchen,8,273.13,0.15,44,PayPal,Online
ORD-106312,9/6/2023,Wireless Mouse,Electronics,4,229.66,0.2,62,Credit Card,New York
ORD-105859,6/26/2023,Shampoo,Beauty,2,289.31,0.2,40,PayPal,Phoenix
ORD-100481,1/10/2023,Coffee Maker,Home & Kitchen,2,106,0.2,63,Credit Card,Chicago
ORD-108650,4/22/2023,Perfume,Beauty,6,70.43,0.1,48,Cash,Los Angeles
ORD-103027,8/10/2023,Wireless Mouse,Electronics,7,162.46,0.2,59,Cash,Chicago
ORD-103845,6/13/2023,USB-C Cable,Electronics,3,88.78,0.15,73,Cash,Houston
ORD-103353,9/29/2023,Lip Balm,Beauty,6,420.62,,38,Credit Card,Chicago
ORD-104072,11/12/2023,Socks,Clothing,3,9999.99,0,44,Apple Pay,Chicago
ORD-105122,12/26/2023,Jacket,Clothing,6,409.56,0.15,61,Apple Pay,Chicago
ORD-102134,12/31/2023,Lip Balm,Beauty,3,478.34,0.1,36,Credit Card,New York
ORD-106916,9/27/2023,Air Fryer,Home & Kitchen,3,488.74,0.15,65,Debit Card,Houston
ORD-104029,8/26/2023,Blender,Home & Kitchen,2,177.89,0,46,,Los Angeles
ORD-102956,11/9/2023,Monitor,Electronics,9,13.19,0.05,36,Cash,Houston
ORD-106828,11/21/2023,Jeans,Clothing,5,354.82,0.2,58,Cash,New York
ORD-105458,8/16/2023,Socks,Clothing,2,143.98,0.2,56,Debit Card,Houston
ORD-107132,8/30/2023,Lip Balm,Beauty,2,97.9,0.2,24,PayPal,Chicago
ORD-107378,3/25/2023,Coffee Maker,Home & Kitchen,8,348.15,0.1,47,Credit Card,New York
ORD-109262,8/13/2023,Monitor,Electronics,7,380.24,0,18,Cash,Online
ORD-106714,4/15/2023,Blender,Home & Kitchen,3,118.52,0.05,62,Debit Card,Houston
ORD-104082,10/10/2023,Moisturizer,Beauty,3,Unknown,0.1,37,PayPal,Los Angeles
ORD-104111,2/4/2023,Cookware Set,Home & Kitchen,8,468.54,0.15,63,Apple Pay,Phoenix
ORD-100715,9/9/2023,Data Science 101,Books,5,114.93,0.05,72,Apple Pay,online
ORD-102151,1/8/2023,USB-C Cable,Electronics,8,478.62,0.2,40,Debit Card,Online
ORD-102288,4/20/2023,Socks,Clothing,6,407.4,0.1,40,CASH,Los Angeles
ORD-108481,11/14/2023,Data Science 101,books,9,432.93,0.2,68,Credit Card,Houston
ORD-101225,7/11/2023,Jeans,Clothing,4,93.65,0.1,74,Cash,Phoenix
ORD-109355,10/20/2023,Data Science 101,Books,2,194.16,0.15,34,PayPal,Online
ORD-105663,9/29/2023,Blender,Home & Kitchen,1,379,0.1,40,Credit Card,Online
ORD-104798,11/3/2023,Biography,Books,7,249.99,0.1,40,Debit Card,Online
ORD-101021,7/6/2023,Coffee Maker,Home & Kitchen,5,385.16,0.15,27,Debit Card,Chicago
ORD-100706,2023-13-45,Python Guide,Books,6,58.9,0.1,65,Debit Card,Los Angeles
ORD-103338,1/7/2023,Blender,Home & Kitchen,6,298.59,0.1,66,Apple Pay,New York
ORD-107186,9/3/2023,Cookware Set,Home & Kitchen,7,126.27,0.05,48,Credit Card,Online
ORD-104443,6/18/2023,Air Fryer,Home & Kitchen,2,0,0.1,66,PayPal,Chicago
ORD-107508,8/18/2023,Shampoo,Beauty,6,293.68,0.05,71,Debit Card,Los Angeles
ORD-100909,2023-13-45,Socks,Clothing,6,286.03,0.05,31,Cash,Chicago
ORD-108830,2/28/2023,Biography,Books,3,5.7,0.1,69,Credit Card,Chicago
ORD-102904,2/8/2023,Wireless Mouse,Electronics,3,153.18,0.1,Unknown,Apple Pay,Los Angeles
ORD-107803,1/15/2023,Socks,Clothing,4,171.03,0.15,19,Debit Card,New York
ORD-103150,9/27/2023,Moisturizer,Beauty,8,82.35,0.05,65,Debit Card,Online
ORD-104642,5/30/2023,Headphones,Electronics,3,278.01,,68,Apple Pay,Online
ORD-109644,5/20/2023,Mug,Home & Kitchen,2,313.86,0.05,50,Credit Card,Online
ORD-100595,6/10/2023,USB-C Cable,Electronics,2,334.32,0.15,,Cash,Los Angeles
ORD-106976,2023-13-45,Sunscreen,Beauty,8,128.97,0,39,Apple Pay,Online
ORD-100441,9/13/2023,Coffee Maker,Home & Kitchen,4,205.38,0.2,52,PayPal,Chicago
ORD-104610,1/15/2023,Hoodie,Clothing,4,398.24,0.1,55,Debit Card,Online
ORD-108346,12/17/2023,Jeans,Clothing,6,212.86,0,68,Debit Card,Phoenix
ORD-104440,4/18/2023,Shampoo,Beauty,9,241.83,0.05,35,Debit Card,Houston
ORD-105525,3/22/2023,Sunscreen,Beauty,4,7.87,0.05,29,PayPal,Chicago
ORD-100011,7/25/2023,Air Fryer,Home & Kitchen,8,22.02,0,0,Apple Pay,Chicago
ORD-108281,5/25/2023,Lip Balm,Beauty,9,448.98,0.15,51,Apple Pay,Chicago
ORD-103246,9/19/2023,Mug,Home & Kitchen,2,182.82,0.2,66,Apple Pay,Los Angeles
ORD-108001,7/17/2023,Data Science 101,Books,6,409.49,0,29,Cash,Phoenix
ORD-103849,5/26/2023,Shampoo,Beauty,7,82.08,0,20,Apple Pay,Online
ORD-100094,4/3/2023,Mug,Home & Kitchen,1,329.58,0.05,27,Cash,Chicago
ORD-104415,1/18/2023,Shampoo,Beauty,2,93.45,0.15,68,Apple Pay,Chicago
ORD-106885,6/19/2023,Monitor,Electronics,7,33.97,0.1,43,Debit Card,Chicago
ORD-101916,3/25/2023,Blender,Home & Kitchen,6,471.2,0.1,40,Credit Card,Online
ORD-101784,1/15/2023,USB-C Cable,Electronics,4,294.96,0.15,28,Debit Card,New York
ORD-105200,9/7/2023,Shampoo,Beauty,7,N/A,0.1,68,Cash,Houston
ORD-109532,3/7/2023,Mug,Home & Kitchen,3,114.7,0,59,Debit Card,Phoenix
ORD-102535,12/16/2023,Sunscreen,Beauty,7,227.94,0,59,Debit Card,Chicago
ORD-100293,7/7/2023,Socks,Clothing,4,311.21,0.2,60,Apple Pay,Chicago
ORD-100789,9/28/2023,Biography,Books,9,219.84,0.15,46,PayPal,Phoenix
ORD-108980,1/2/2023,Coffee Maker,Home & Kitchen,4,135.95,0,46,Apple Pay,Online
ORD-104743,5/8/2023,Air Fryer,Home & Kitchen,4,168.77,0.1,19,Debit Card,Phoenix
ORD-105968,1/12/2023,Jeans,Clothing,8,145.83,0.05,52,Credit Card,Chicago
ORD-105941,8/22/2023,Socks,Clothing,Unknown,386.59,0.15,53,PayPal,Houston
ORD-106136,10/14/2023,Cookware Set,Home & Kitchen,8,103.47,0.1,43,Debit Card,Online
ORD-104802,8/18/2023,Jacket,Clothing,1,381.68,0.05,36,Apple Pay,Houston
ORD-104880,2023-13-45,Perfume,Beauty,3,114.24,0.05,44,Debit Card,Phoenix
ORD-101609,10/13/2023,Headphones,Electronics,6,233.05,0.15,73,Apple Pay,New York
ORD-101319,1/9/2023,Python Guide,Books,4,316.29,0.2,70,Credit Card,Los Angeles
ORD-102338,12/5/2023,Jacket,Clothing,6,9999.99,0.2,61,Apple Pay,Los Angeles
ORD-103459,12/1/2023,Wireless Mouse,Electronics,5,338.64,0.1,37,Apple Pay,Los Angeles
ORD-104837,1/7/2023,USB-C Cable,Electronics,1,246.05,0.05,29,Credit Card,Phoenix
ORD-102877,10/10/2023,History Book,Books,4,249.28,0.1,29,Credit Card,New York
ORD-103529,9/13/2023,Monitor,Electronics,6,103.06,0.15,150,Credit Card,Phoenix
ORD-107311,2/28/2023,Fiction Novel,Books,Unknown,441.14,0.2,58,Debit Card,Phoenix
ORD-104848,3/31/2023,Air Fryer,Home & Kitchen,2,162.11,0.2,59,Cash,New York
ORD-103033,2023-13-45,Lip Balm,Beauty,8,362.32,0.2,60,Credit Card,New York
ORD-108741,3/30/2023,Socks,Clothing,3,285.58,0,44,Credit Card,Phoenix
ORD-108917,3/20/2023,Air Fryer,Home & Kitchen,1,199.46,0.2,66,Debit Card,Houston
ORD-108476,10/17/2023,Headphones,Electronics,2,489.65,0.15,67,CREDIT CARD,Houston
ORD-105573,3/7/2023,USB-C Cable,Electronics,5,392.54,0.2,68,Credit Card,Chicago
ORD-102459,4/26/2023,Data Science 101,Books,1,103.84,0.15,73,Debit Card,Online
ORD-103195,8/12/2023,Jacket,Clothing,-1,193.75,0.15,71,Debit Card,Online
ORD-107437,8/10/2023,Wireless Mouse,Electronics,9,349.13,0.1,20,Credit Card,Online
ORD-105171,8/17/2023,Jeans,Clothing,2,8.67,0.2,30,PayPal,Chicago
ORD-105850,10/14/2023,Wireless Mouse,Electronics,9,,0.2,38,PayPal,Phoenix
ORD-102955,4/13/2023,Socks,Clothing,8,50000,0.05,53,Cash,Online
ORD-101808,3/31/2023,Moisturizer,Beauty,2,144.92,0.05,60,Credit Card,New York
ORD-104511,9/11/2023,Python Guide,Books,1,142.42,0.2,53,PayPal,HOUSTON
ORD-104609,2/5/2023,Monitor,Electronics,9,462.75,0.15,23,PayPal,Houston
ORD-101748,11/26/2023,Socks,Clothing,5,384.78,0.15,52,,Los Angeles
ORD-105764,6/3/2023,Fiction Novel,Books,8,Unknown,0.2,32,Credit Card,Phoenix
ORD-101719,7/27/2023,Jacket,Clothing,5,435.66,0.15,33,PayPal,Los Angeles
ORD-108854,3/17/2023,Fiction Novel,Books,1,234.47,0,45,Cash,Phoenix
ORD-100838,7/1/2023,Python Guide,Books,3,113.96,0.1,72,Credit Card,New York
ORD-106015,9/18/2023,Hoodie,Clothing,8,355.78,0.15,-1,Debit Card,Phoenix
ORD-103858,3/12/2023,Fiction Novel,Books,9,496.4,0.05,41,PayPal,PHOENIX
ORD-101113,5/21/2023,Monitor,Electronics,9,75.57,0.1,31,Debit Card,Online
ORD-108932,11/23/2023,Hoodie,Clothing,6,464.76,0.05,39,Debit Card,Online
ORD-103351,3/30/2023,Mechanical Keyboard,Electronics,4,339.2,0,Unknown,Cash,Online
ORD-104451,6/28/2023,Jacket,Clothing,8,346.91,0.15,34,PayPal,HOUSTON
ORD-103329,5/26/2023,Headphones,Electronics,4,89.9,0.15,40,PayPal,Chicago
ORD-104535,8/4/2023,Mug,Home & Kitchen,8,348.67,0.05,50,Cash,New York
ORD-107109,11/17/2023,Shampoo,Beauty,9,430.38,0.05,25,Debit Card,Los Angeles
ORD-109006,7/15/2023,Wireless Mouse,Electronics,5,188.92,0.05,21,Debit Card,New York
ORD-104948,6/30/2023,Hoodie,Clothing,9,342.79,0.1,34,Debit Card,New York
ORD-106805,8/26/2023,Jeans,Clothing,9,455.26,0.05,47,PayPal,Houston
ORD-100158,8/15/2023,USB-C Cable,Electronics,2,226.47,0.1,32,Debit Card,Online
ORD-109248,Invalid_Date,Wireless Mouse,Electronics,6,8.11,0.15,58,Apple Pay,Chicago
ORD-106331,1/8/2023,Headphones,Electronics,7,203.43,0.15,69,Credit Card,Chicago
ORD-109552,1/6/2023,Lip Balm,Beauty,7,135.45,0.15,41,Debit Card,Online
ORD-108975,11/20/2023,Sunscreen,Beauty,8,91.92,0.2,39,PayPal,Phoenix
ORD-104053,2/1/2023,Cookware Set,Home & Kitchen,6,92.92,0,55,PayPal,Online
ORD-101569,11/22/2023,Shampoo,Beauty,1,12.77,0.1,41,Apple Pay,Phoenix
ORD-100701,12/27/2023,Headphones,Electronics,Unknown,251.17,0.1,73,Credit Card,Los Angeles
ORD-103615,10/8/2023,Fiction Novel,Books,3,91.82,0.15,52,Credit Card,New York
ORD-101598,10/5/2023,Perfume,Beauty,8,189,0.1,65,Apple Pay,Phoenix
ORD-108200,3/26/2023,History Book,Books,N/A,287.04,0.05,44,Credit Card,Chicago
ORD-105392,10/15/2023,Hoodie,Clothing,8,168.48,0.1,40,Cash,Phoenix
ORD-107827,12/4/2023,Headphones,Electronics,1,232.6,0,64,PayPal,Phoenix
ORD-106207,8/10/2023,Perfume,Beauty,3,316.15,0.2,64,Apple Pay,NEW YORK
ORD-109946,5/20/2023,Data Science 101,Books,5,293.94,0.15,39,PayPal,Online
ORD-104138,3/3/2023,Mug,Home & Kitchen,7,457.69,0.1,66,,Los Angeles
ORD-103400,11/17/2023,Sunscreen,Beauty,4,345,0.05,61,Debit Card,New York
ORD-108954,5/23/2023,Socks,Clothing,8,50000,0,27,Apple Pay,Los Angeles
ORD-103874,9/14/2023,Cookware Set,Home & Kitchen,9,498.95,0.2,39,Cash,Phoenix
ORD-107590,5/20/2023,Socks,Clothing,4,275.07,0,34,Cash,Online
ORD-108100,8/10/2023,History Book,Books,8,254.52,0.1,69,Cash,Phoenix
ORD-104813,12/8/2023,Hoodie,Clothing,9,125.64,0.1,69,Apple Pay,PHOENIX
ORD-108474,7/19/2023,T-Shirt,Clothing,1,,0,55,Apple Pay,Houston
ORD-105459,5/20/2023,Moisturizer,Beauty,1,375.26,0.2,58,Credit Card,New York
ORD-109120,11/28/2023,Air Fryer,Home & Kitchen,4,317.84,0.05,43,Debit Card,Chicago
ORD-108222,Invalid_Date,Fiction Novel,Books,7,397.48,0.15,41,Debit Card,Phoenix
ORD-109367,12/26/2023,Headphones,Electronics,7,438.83,0,59,Credit Card,New York
ORD-106009,7/3/2023,Python Guide,Books,3,448.37,0.15,69,Cash,Phoenix
ORD-103411,5/13/2023,Moisturizer,Beauty,3,366.11,0.1,74,Debit Card,Houston
ORD-101403,8/19/2023,Jacket,Clothing,7,220.66,0.2,37,Cash,Online
ORD-102192,5/26/2023,Air Fryer,Home & Kitchen,9,493.1,0.15,51,Apple Pay,Online
ORD-104884,5/11/2023,Moisturizer,Beauty,9,159.41,0,69,PayPal,Chicago
ORD-101635,10/20/2023,Moisturizer,Beauty,3,103.11,0.05,51,Credit Card,Online
ORD-108488,12/20/2023,History Book,Books,5,68.39,0.05,24,,New York
ORD-106033,1/12/2023,Biography,Books,3,489.82,0.05,60,Debit Card,Los Angeles
ORD-108276,3/1/2023,Jeans,Clothing,8,122.08,0.05,22,,New York
ORD-103007,10/23/2023,Lip Balm,Beauty,9,491.11,0.1,37,Debit Card,Chicago
ORD-107713,1/16/2023,Mug,Home & Kitchen,3,40.49,0.2,58,Cash,Houston
ORD-107953,11/2/2023,T-Shirt,Clothing,6,396.91,0,41,Debit Card,Chicago
ORD-100604,10/11/2023,History Book,Books,8,327.88,0.2,71,Apple Pay,Chicago
ORD-101826,12/25/2023,Shampoo,Beauty,8,319.79,0.05,55,Cash,Online
ORD-108211,2/26/2023,Fiction Novel,Books,6,210.4,0.05,25,Credit Card,Los Angeles
ORD-100394,10/4/2023,Headphones,Electronics,7,320.8,0.15,26,Credit Card,Phoenix
ORD-106862,6/11/2023,Headphones,Electronics,8,255.79,0.05,28,PayPal,Phoenix
ORD-102320,1/21/2023,Fiction Novel,Books,5,20.52,0.1,57,Credit Card,New York
ORD-103383,Invalid_Date,Lip Balm,Beauty,8,391.32,0.05,23,Debit Card,New York
ORD-102250,1/3/2023,Fiction Novel,Books,5,211.91,0.15,46,PayPal,Los Angeles
ORD-100096,8/5/2023,Wireless Mouse,Electronics,2,316.33,0.2,74,Debit Card,Los Angeles
ORD-101618,8/12/2023,Shampoo,Beauty,5,172.49,0.1,42,Credit Card,New York
ORD-101742,6/8/2023,Sunscreen,Beauty,6,437.05,0.05,59,Debit Card,Online
ORD-103800,8/7/2023,Python Guide,Books,1,380.36,0.1,27,Cash,Phoenix
ORD-105584,9/14/2023,Socks,Clothing,8,331,0,45,PayPal,New York
ORD-105260,11/13/2023,Blender,Home & Kitchen,5,346,0,68,Credit Card,Chicago
ORD-106979,6/5/2023,Fiction Novel,Books,6,101.75,0.2,53,Cash,New York
ORD-103066,8/30/2023,Fiction Novel,Books,4,98.73,0,30,Debit Card,Los Angeles
ORD-109491,2/24/2023,Socks,Clothing,1,399.84,0.1,36,Apple Pay,Los Angeles
ORD-108110,10/18/2023,Lip Balm,Beauty,6,192.23,0.1,29,Cash,New York
ORD-104395,3/14/2023,Shampoo,Beauty,2,Unknown,0.15,69,PayPal,Online
ORD-108565,1/15/2023,Coffee Maker,Home & Kitchen,6,229.25,0.2,45,PayPal,Phoenix
ORD-102626,6/17/2023,Jacket,Clothing,4,104.62,0,42,Cash,Phoenix
ORD-106163,1/19/2023,Lip Balm,Beauty,8,37.67,0,36,Credit Card,Online
ORD-102677,1/27/2023,Cookware Set,Home & Kitchen,7,41.16,0.05,50,PayPal,New York
ORD-101834,10/1/2023,Sunscreen,Beauty,4,286.89,0.1,33,Apple Pay,Chicago
ORD-103932,4/23/2023,Data Science 101,Books,9,22.19,0.15,25,Cash,Los Angeles
ORD-106988,4/21/2023,History Book,Books,3,354.87,0.05,65,PayPal,Los Angeles
ORD-105929,9/16/2023,Jeans,Clothing,2,411.62,0.15,24,Apple Pay,Online
ORD-108414,11/15/2023,Headphones,Electronics,5,375.41,,31,Debit Card,Online
ORD-105119,8/31/2023,Perfume,Beauty,4,158.21,0.05,61,Apple Pay,Online
ORD-103743,11/11/2023,Jacket,Clothing,2,13.36,0.15,21,Apple Pay,Houston
ORD-103685,12/7/2023,Biography,Books,6,352.27,,38,Credit Card,Phoenix
ORD-104776,1/9/2023,Wireless Mouse,Electronics,7,310.93,0,43,Apple Pay,New York
ORD-101356,5/20/2023,USB-C Cable,Electronics,3,367.91,0.1,24,Debit Card,Phoenix
ORD-109266,7/9/2023,Python Guide,Books,6,236.9,0.1,52,,Online
ORD-105685,2/15/2023,Python Guide,Books,6,426.79,0.15,27,Debit Card,New York
ORD-108254,1/27/2023,Headphones,Electronics,5,118.92,0.2,32,PayPal,Los Angeles
ORD-101495,7/2/2023,Monitor,Electronics,5,226.2,0.1,26,Apple Pay,New York
ORD-100800,12/19/2023,Sunscreen,Beauty,1,433.27,0.2,26,Apple Pay,New York
ORD-105077,6/10/2023,Wireless Mouse,Electronics,6,356.14,0.05,58,Cash,Online
ORD-101670,5/30/2023,Headphones,Electronics,6,47.88,0,44,Apple Pay,Phoenix
ORD-107628,7/25/2023,Headphones,Electronics,2,251.95,0.15,66,Credit Card,Los Angeles
ORD-103048,12/28/2023,History Book,Books,9,50000,0.05,69,Cash,Houston
ORD-108666,10/20/2023,History Book,Books,7,124.36,0.15,59,PayPal,Los Angeles
ORD-100020,8/19/2023,Hoodie,Clothing,1,304.95,0.05,58,PayPal,Los Angeles
ORD-103106,5/19/2023,Mechanical Keyboard,Electronics,6,38.44,0.15,21,Cash,New York
ORD-103273,Invalid_Date,T-Shirt,Clothing,9,158.87,0.1,34,Cash,New York
ORD-105771,11/12/2023,Python Guide,Books,2,228.63,0.2,26,PayPal,Online
ORD-105403,11/12/2023,Hoodie,Clothing,7,176.02,0.2,50,PayPal,Phoenix
ORD-104864,3/1/2023,History Book,Books,5,263.51,,49,Apple Pay,Online
ORD-105377,4/27/2023,Monitor,Electronics,4,202.42,0,57,Debit Card,Online
ORD-109530,10/7/2023,Shampoo,Beauty,2,403.65,0.2,20,,Houston
ORD-108686,4/5/2023,Mechanical Keyboard,Electronics,7,453.88,0.1,33,PayPal,Phoenix
ORD-106323,5/20/2023,Biography,Books,2,43.64,0.05,18,Credit Card,Houston
ORD-108493,8/25/2023,Mechanical Keyboard,Electronics,3,260.3,0,43,Debit Card,Los Angeles
ORD-101262,10/6/2023,Data Science 101,Books,7,124.97,0,65,Credit Card,Chicago
ORD-106687,12/24/2023,Jacket,Clothing,2,330.44,0,71,Debit Card,Phoenix
ORD-100810,6/2/2023,Lip Balm,Beauty,8,,0.2,69,PayPal,Chicago
ORD-105647,5/20/2023,Monitor,Electronics,4,314.36,0.1,43,Apple Pay,Houston
ORD-107305,9/19/2023,Sunscreen,Beauty,8,422.95,0.05,22,PayPal,Los Angeles
ORD-106650,5/20/2023,Hoodie,Clothing,6,117.2,0,63,Credit Card,New York
ORD-106585,6/13/2023,Air Fryer,Home & Kitchen,1,,0.15,45,Credit Card,Los Angeles
ORD-105299,1/5/2023,Sunscreen,Beauty,3,42.28,0.1,46,Apple Pay,Phoenix
ORD-106347,1/15/2023,Coffee Maker,Home & Kitchen,2,176.76,0,42,PayPal,Houston
ORD-104186,4/12/2023,Air Fryer,Home & Kitchen,2,238.12,0.15,70,Debit Card,Online
ORD-107891,8/20/2023,Monitor,Electronics,6,488.2,0.05,,Credit Card,Houston
ORD-102099,8/10/2023,Coffee Maker,Home & Kitchen,3,399.91,0.05,69,Cash,Houston
ORD-101143,1/16/2023,Headphones,Electronics,7,217.69,0.1,26,Apple Pay,Online
ORD-107368,3/11/2023,Hoodie,Clothing,5,92.66,0,40,Credit Card,New York
ORD-102361,8/23/2023,Monitor,Electronics,4,303.07,0,25,Debit Card,Los Angeles
ORD-104424,4/20/2023,Mechanical Keyboard,Electronics,5,37.13,0.05,68,Debit Card,Houston
ORD-104865,1/15/2023,Hoodie,Clothing,8,235.91,0.05,34,PayPal,Phoenix
ORD-106373,2/7/2023,Sunscreen,Beauty,7,129.88,0.15,40,Debit Card,Los Angeles
ORD-108395,3/22/2023,Jeans,Clothing,5,481.78,0,67,Debit Card,Chicago
ORD-103209,9/15/2023,Fiction Novel,Books,9,204.99,0.15,,Debit Card,Houston
ORD-108422,2/9/2023,USB-C Cable,Electronics,4,44.01,0.1,30,Cash,Phoenix
ORD-105560,11/22/2023,Hoodie,Clothing,8,35.02,0,57,Debit Card,Chicago
ORD-101767,10/16/2023,Sunscreen,Beauty,1,268.01,0.1,29,Credit Card,New York
ORD-108911,8/11/2023,T-Shirt,Clothing,2,44.1,0.1,50,Credit Card,Houston
ORD-109542,5/4/2023,T-Shirt,Clothing,2,0,0.15,53,Apple Pay,Houston
ORD-108908,10/17/2023,USB-C Cable,Electronics,5,328.9,0.15,56,Credit Card,Chicago
ORD-102169,5/23/2023,Socks,Clothing,5,319.4,0.2,52,Credit Card,New York
ORD-107206,8/25/2023,Monitor,Electronics,1,231.44,0.2,62,Apple Pay,Chicago
ORD-100621,6/11/2023,Lip Balm,Beauty,5,241.55,0.2,39,PayPal,Los Angeles
ORD-103051,9/13/2023,Hoodie,Clothing,9,135.4,0.1,62,Debit Card,Chicago
ORD-106014,5/7/2023,Cookware Set,Home & Kitchen,4,-5,0.1,70,Apple Pay,Houston
ORD-103028,6/24/2023,Socks,Clothing,1,165.15,0.05,52,Credit Card,Houston
ORD-104541,5/28/2023,Mug,Home & Kitchen,7,22.63,0.15,57,Credit Card,New York
ORD-105689,2/15/2023,USB-C Cable,Electronics,5,482.95,0.05,32,,Houston
ORD-104442,4/1/2023,History Book,Books,1,367.09,0.2,48,Credit Card,Houston
ORD-101047,5/22/2023,Fiction Novel,Books,1,334.2,0.2,24,PayPal,Houston
ORD-104976,10/22/2023,Headphones,Electronics,7,319.84,0.1,150,PayPal,New York
ORD-109559,6/4/2023,Sunscreen,Beauty,9,9999.99,0.05,57,Apple Pay,Los Angeles
ORD-105813,5/20/2023,Shampoo,Beauty,5,99.54,0.15,74,Apple Pay,Phoenix
ORD-103129,8/12/2023,Jeans,Clothing,6,295.75,0.15,47,Debit Card,Online
ORD-100744,10/14/2023,Lip Balm,Beauty,-5,193.44,0.05,27,PayPal,Online
ORD-100223,9/21/2023,T-Shirt,Clothing,1,280.58,0.05,52,Cash,Houston
ORD-102863,5/31/2023,Mechanical Keyboard,Electronics,5,366.7,0.2,58,Credit Card,Los Angeles
ORD-100626,6/1/2023,Sunscreen,Beauty,8,166.28,0.05,36,Apple Pay,Houston
ORD-108775,3/19/2023,Blender,Home & Kitchen,1,429.62,0.1,29,Credit Card,Phoenix
ORD-101951,10/23/2023,Fiction Novel,Books,1,312.31,0,46,Cash,Online
ORD-104886,8/16/2023,Shampoo,Beauty,4,187.36,0.05,36,Apple Pay,Phoenix
ORD-104895,9/21/2023,Hoodie,Clothing,1,348.1,0,24,Apple Pay,Los Angeles
ORD-109565,4/1/2023,Cookware Set,Home & Kitchen,2,389.44,0,36,Credit Card,Houston
ORD-104353,5/27/2023,Python Guide,Books,2,215.64,0.05,N/A,PayPal,Phoenix
ORD-109780,1/3/2023,History Book,Books,7,416.08,0.2,34,Cash,Los Angeles
ORD-106034,2/21/2023,Biography,Books,6,295.51,,36,Apple Pay,Phoenix
ORD-101316,8/9/2023,Socks,Clothing,6,158.6,0.1,71,PayPal,New York
ORD-105407,1/3/2023,Data Science 101,Books,7,438.1,0.2,51,Apple Pay,Los Angeles
ORD-102292,9/3/2023,Perfume,Beauty,2,144.35,0.1,26,Credit Card,New York
ORD-108582,1/18/2023,T-Shirt,Clothing,0,428.11,0.05,72,Credit Card,Phoenix
ORD-103854,12/7/2023,Sunscreen,Beauty,9,398.8,0.1,20,PayPal,Los Angeles
ORD-100354,10/11/2023,Blender,Home & Kitchen,1,130,0,150,Apple Pay,New York
ORD-104506,3/2/2023,Monitor,Electronics,5,55.85,0.1,59,Credit Card,Los Angeles
ORD-100457,2/12/2023,Lip Balm,Beauty,8,46.97,0,62,PayPal,Online
ORD-107205,3/6/2023,T-Shirt,Clothing,8,256.72,0,55,PayPal,Phoenix
ORD-103598,2023-13-45,Monitor,Electronics,7,219.52,0.15,66,Cash,Online
ORD-100240,3/17/2023,History Book,Books,9,251.25,0.2,59,Credit Card,Houston
ORD-104378,10/25/2023,Air Fryer,Home & Kitchen,8,428.89,0.05,56,Apple Pay,Phoenix
ORD-102389,2/28/2023,Wireless Mouse,Electronics,9,389.71,0.2,45,Credit Card,New York
ORD-105523,2023-13-45,T-Shirt,Clothing,3,301.2,0.2,45,Credit Card,New York
ORD-103633,3/15/2023,Mechanical Keyboard,Electronics,4,358.4,0.2,69,Apple Pay,Chicago
ORD-108924,9/4/2023,Wireless Mouse,Electronics,1,41.86,0.15,19,CREDIT CARD,Online
ORD-102754,1/15/2023,Blender,Home & Kitchen,8,227.4,0.2,66,Apple Pay,New York
ORD-101769,8/22/2023,USB-C Cable,Electronics,7,60.63,0,-5,Debit Card,Los Angeles
ORD-101865,4/27/2023,Sunscreen,Beauty,3,0,0.1,65,Cash,Phoenix
ORD-101792,12/5/2023,USB-C Cable,Electronics,8,227.78,0.05,19,Cash,NEW YORK
ORD-101019,5/15/2023,Python Guide,Books,9,,0.15,36,Cash,Chicago
ORD-104008,10/1/2023,Mug,Home & Kitchen,8,61.16,0.2,64,Apple Pay,Phoenix
ORD-106594,8/1/2023,Headphones,Electronics,2,194.44,0.05,57,PayPal,Houston
ORD-104767,8/7/2023,Sunscreen,Beauty,4,299.44,0,37,PayPal,Chicago
ORD-103046,4/28/2023,Cookware Set,Home & Kitchen,6,161.89,0.15,-5,Credit Card,Phoenix
ORD-109037,10/15/2023,Sunscreen,Beauty,1,226.66,0.2,66,Debit Card,Phoenix
ORD-108742,2/10/2023,Headphones,Electronics,4,142.42,0.15,56,Credit Card,New York
ORD-101104,4/21/2023,Moisturizer,Beauty,3,30.32,0.2,46,,Phoenix
ORD-108461,1/15/2023,Shampoo,Beauty,2,352.31,0.15,24,Credit Card,Los Angeles
ORD-107636,3/30/2023,Socks,Clothing,7,202.33,0.15,21,Debit Card,Houston
ORD-103704,11/4/2023,Coffee Maker,Home & Kitchen,2,419.65,0.2,64,PayPal,Chicago
ORD-104639,2/14/2023,Mechanical Keyboard,Electronics,4,28.15,0.1,21,Apple Pay,Los Angeles
ORD-103774,2/1/2023,Wireless Mouse,Electronics,3,105.78,0,31,Credit Card,Online
ORD-104763,3/18/2023,Wireless Mouse,Electronics,4,458.8,0.1,41,Credit Card,Chicago
ORD-100795,5/20/2023,History Book,Books,1,338.07,0.05,35,Cash,Houston
ORD-102860,Invalid_Date,Mug,Home & Kitchen,2,126.43,0.2,57,Credit Card,New York
ORD-103574,2/15/2023,Mechanical Keyboard,Electronics,7,484.61,0.1,28,Apple Pay,Los Angeles
ORD-102271,6/15/2023,Monitor,Electronics,8,382.13,0.2,21,Debit Card,Online
ORD-109513,10/18/2023,Biography,Books,6,425.16,0,65,Debit Card,Online
ORD-107196,1/26/2023,Shampoo,Beauty,2,215.9,0.1,27,credit card,Los Angeles
ORD-101804,Invalid_Date,Perfume,Beauty,5,260.97,0.15,21,Credit Card,New York
ORD-106578,4/16/2023,Lip Balm,Beauty,5,458,0.1,72,Apple Pay,Phoenix
ORD-109624,6/12/2023,Moisturizer,Beauty,6,466.02,0.1,47,Cash,Phoenix
ORD-101384,Invalid_Date,USB-C Cable,Electronics,6,345.18,0,52,Credit Card,Chicago
ORD-109699,1/17/2023,Perfume,Beauty,4,287.29,0.2,61,Credit Card,New York
ORD-101958,11/6/2023,Sunscreen,Beauty,N/A,122.35,0.05,65,Apple Pay,Los Angeles
ORD-100218,10/15/2023,History Book,Books,7,473.33,0.05,27,Debit Card,Phoenix
ORD-107882,12/29/2023,Socks,Clothing,1,9999.99,0.05,61,Debit Card,Chicago
ORD-107931,3/24/2023,Biography,Books,1,398.54,0,150,Credit Card,Houston
ORD-108308,12/16/2023,Fiction Novel,Books,5,175.27,0.2,19,Cash,Online
ORD-108668,10/5/2023,Mechanical Keyboard,Electronics,9,247.39,0.1,38,Cash,Phoenix
ORD-107862,7/19/2023,Socks,Clothing,4,55.32,0.1,54,Debit Card,New York
ORD-101035,2023-13-45,Mechanical Keyboard,Electronics,9,313.25,0.15,56,Debit Card,Houston
ORD-100217,5/12/2023,Moisturizer,Beauty,6,383.85,0,25,Apple Pay,Houston
ORD-103334,9/7/2023,T-Shirt,Clothing,4,364.74,0,40,debit card,Phoenix
ORD-107705,2/3/2023,Socks,Clothing,3,409.12,0.05,54,Credit Card,new york
ORD-107252,1/13/2023,Socks,Clothing,7,393.91,0.2,999,Cash,Houston
ORD-101863,1/15/2023,Moisturizer,Beauty,4,328.85,0.1,65,Apple Pay,New York
ORD-100907,10/22/2023,T-Shirt,Clothing,2,66,0.15,42,paypal,Los Angeles
ORD-106679,9/28/2023,Lip Balm,Beauty,2,201.39,0.15,65,Apple Pay,Los Angeles
ORD-108559,4/27/2023,History Book,Books,2,325.84,0,68,Apple Pay,Chicago
ORD-108343,3/6/2023,Headphones,Electronics,9,395.72,0.1,150,Apple Pay,Chicago
ORD-103132,12/14/2023,History Book,Books,1,174.59,0,73,Debit Card,New York
ORD-108837,5/20/2023,Moisturizer,Beauty,7,249.18,0.05,-5,Debit Card,Online
ORD-101513,3/10/2023,Moisturizer,Beauty,6,484.26,0,38,PayPal,New York
ORD-108216,9/27/2023,Monitor,Electronics,4,110.58,0.1,32,PayPal,Phoenix
ORD-105027,6/23/2023,Jacket,Clothing,2,220.85,0.1,46,Apple Pay,New York
ORD-102123,11/5/2023,History Book,Books,7,53.54,0.1,69,PayPal,Houston
ORD-106755,1/2/2023,Lip Balm,Beauty,9,116.93,0.05,22,Debit Card,Online
ORD-108129,8/29/2023,Biography,Books,7,8.16,0,37,Credit Card,Online
ORD-105115,9/11/2023,Moisturizer,Beauty,7,403.94,0.05,200,PayPal,Los Angeles
ORD-102508,2/17/2023,Python Guide,Books,4,94.29,0.2,29,PayPal,Los Angeles
ORD-107878,11/11/2023,Jacket,Clothing,9,349.88,0,58,Apple Pay,Los Angeles
ORD-105369,10/15/2023,Fiction Novel,Books,9,90.4,0.05,31,Apple Pay,Phoenix
ORD-100853,3/15/2023,History Book,Books,4,412.76,0.2,32,Credit Card,Los Angeles
ORD-104416,2/7/2023,Jeans,Clothing,8,188.74,0.05,26,Credit Card,Phoenix
ORD-102120,1/17/2023,Perfume,Beauty,8,89.14,0.05,38,Cash,Online
ORD-108061,8/21/2023,Coffee Maker,Home & Kitchen,4,7.15,0.2,59,Apple Pay,New York
ORD-101693,1/24/2023,Hoodie,Clothing,4,126.94,0.15,48,PayPal,Phoenix
ORD-104129,2023-13-45,Mug,Home & Kitchen,5,268.36,0.15,52,Cash,Houston
ORD-105267,9/19/2023,Coffee Maker,Home & Kitchen,1,408.28,0,21,Apple Pay,Houston
ORD-108256,11/2/2023,Moisturizer,Beauty,3,301.23,0.1,72,Cash,Phoenix
ORD-109481,9/16/2023,Wireless Mouse,Electronics,1,80.61,0.1,55,Debit Card,Chicago
ORD-105227,2/23/2023,Coffee Maker,Home & Kitchen,7,152.86,0.1,63,Cash,Houston
ORD-105504,8/19/2023,T-Shirt,Clothing,4,360.6,0.15,55,Cash,Chicago
ORD-108696,1/9/2023,Mug,Home & Kitchen,3,116.44,0.1,64,PayPal,Phoenix
ORD-100748,3/22/2023,Blender,HOME & KITCHEN,9,90.18,0,41,Debit Card,Online
ORD-108310,Invalid_Date,Moisturizer,Beauty,3,213.13,0.15,26,PayPal,Phoenix
ORD-101570,12/10/2023,Moisturizer,Beauty,6,132.13,0.2,73,Apple Pay,Los Angeles
ORD-100348,4/21/2023,Moisturizer,Beauty,6,436.02,0,37,Cash,Houston
ORD-107607,8/21/2023,History Book,Books,2,287.97,0.2,59,Cash,Online
ORD-100032,8/13/2023,USB-C Cable,Electronics,9,162.41,0,74,Cash,Phoenix
ORD-103182,6/21/2023,Headphones,electronics,4,13,0.2,64,Credit Card,Houston
ORD-107413,2/21/2023,Blender,Home & Kitchen,9,328.45,0.2,18,Debit Card,New York
ORD-105096,1/26/2023,Lip Balm,Beauty,4,207.71,0.15,41,PayPal,Online
ORD-101656,3/2/2023,Coffee Maker,Home & Kitchen,9,9999.99,0.05,24,PayPal,New York
ORD-107832,6/13/2023,Socks,Clothing,4,280.73,0.2,30,PayPal,Phoenix
ORD-107824,12/6/2023,Biography,Books,1,163.54,0.2,,Debit Card,Phoenix
ORD-108836,4/4/2023,Jacket,Clothing,9,66.99,0.05,,Cash,Online
ORD-108974,10/18/2023,Mug,Home & Kitchen,7,135.86,0.05,52,Debit Card,New York
ORD-103434,11/2/2023,Moisturizer,Beauty,5,417.96,0.05,74,PayPal,Phoenix
ORD-108277,12/8/2023,Fiction Novel,Books,2,408.57,0.1,,Debit Card,Houston
ORD-105156,4/26/2023,Air Fryer,Home & Kitchen,2,391.9,0.1,56,Cash,NEW YORK
ORD-105314,2/8/2023,Python Guide,Books,5,428.85,0.05,40,Debit Card,New York
ORD-104658,11/9/2023,Perfume,Beauty,9,306.29,0.2,54,PayPal,Phoenix
ORD-108194,11/3/2023,Hoodie,Clothing,8,169.2,0,30,paypal,Houston
ORD-100764,4/23/2023,Air Fryer,Home & Kitchen,8,30.66,0.15,70,Cash,Los Angeles
ORD-102128,12/3/2023,Mug,Home & Kitchen,6,484.09,0.1,18,Cash,New York
ORD-108753,1/14/2023,Coffee Maker,Home & Kitchen,6,342.9,0.05,52,Apple Pay,Houston
ORD-107978,3/28/2023,Wireless Mouse,Electronics,4,167.29,0.1,41,Debit Card,New York
ORD-109111,2/26/2023,Jeans,Clothing,3,443.3,0.2,55,Credit Card,Los Angeles
ORD-102030,5/29/2023,Biography,Books,-5,345,0.15,28,PayPal,Phoenix
ORD-101487,6/26/2023,Hoodie,Clothing,5,222.89,0.05,22,cash,Phoenix
ORD-101223,10/6/2023,Cookware Set,Home & Kitchen,6,209.69,0.05,30,Cash,Houston
ORD-101881,1/21/2023,Air Fryer,Home & Kitchen,1,413.44,0.15,35,PayPal,Online
ORD-106829,2/25/2023,Wireless Mouse,Electronics,6,439.9,0,31,Credit Card,Chicago
ORD-104605,6/26/2023,Blender,Home & Kitchen,1,358.38,0.1,43,Credit Card,Houston
ORD-109483,7/17/2023,Sunscreen,Beauty,2,332.03,,23,Debit Card,Online
ORD-102305,4/28/2023,Coffee Maker,Home & Kitchen,5,314.39,0.2,49,Apple Pay,Online
ORD-106609,4/3/2023,Coffee Maker,Home & Kitchen,7,301.83,0.1,42,Debit Card,LOS ANGELES
ORD-107760,5/23/2023,Socks,Clothing,9,92.28,0.2,20,PayPal,Houston
ORD-109535,12/30/2023,Moisturizer,Beauty,8,327.23,0.05,66,PayPal,Houston
ORD-104188,6/16/2023,Wireless Mouse,Electronics,2,288.32,0.15,50,Cash,Chicago
ORD-104695,3/12/2023,Hoodie,Clothing,8,215.7,0.1,46,Apple Pay,Phoenix
ORD-100709,10/12/2023,T-Shirt,Clothing,6,99.1,0.1,51,Apple Pay,Online
ORD-101576,4/10/2023,Monitor,Electronics,5,203.48,0.2,50,Cash,Los Angeles
ORD-100510,6/12/2023,Jacket,Clothing,6,134.54,0.15,31,Credit Card,Houston
ORD-103356,5/14/2023,Moisturizer,Beauty,2,138.88,0.2,51,Cash,Online
ORD-108032,5/5/2023,Headphones,Electronics,8,258.34,0,22,Cash,Online
ORD-106763,2023-13-45,Hoodie,Clothing,4,462.9,0.05,23,Credit Card,Chicago
ORD-104512,5/27/2023,Socks,Clothing,6,68.16,0,20,Credit Card,New York
ORD-103662,8/30/2023,Blender,Home & Kitchen,3,223.84,0.1,42,PayPal,Online
ORD-109280,7/5/2023,Mug,Home & Kitchen,3,253.88,0.15,35,Cash,Los Angeles
ORD-104382,11/24/2023,Moisturizer,Beauty,8,493.58,0.05,31,Cash,Chicago
ORD-105861,10/27/2023,T-Shirt,Clothing,4,256.14,0.2,999,Cash,Houston
ORD-107282,10/28/2023,Blender,HOME & KITCHEN,4,117.52,0,67,Debit Card,Houston
ORD-101260,8/4/2023,Lip Balm,Beauty,1,355.1,0.05,61,PayPal,Online
ORD-107548,2/14/2023,Headphones,Electronics,4,124.39,0.2,58,PayPal,Phoenix
ORD-105272,5/20/2023,Python Guide,Books,8,496.74,0.05,36,PayPal,Phoenix
ORD-109132,12/7/2023,Monitor,Electronics,6,474.77,0.05,48,Cash,Chicago
ORD-100712,3/22/2023,Lip Balm,Beauty,1,231.83,0.1,37,Cash,Chicago
ORD-106914,3/25/2023,Hoodie,Clothing,6,172.64,0.05,52,Cash,Online
ORD-109400,8/4/2023,Blender,Home & Kitchen,1,9999.99,0.15,59,Debit Card,Houston
ORD-101786,11/16/2023,Cookware Set,Home & Kitchen,5,200.43,0,67,Credit Card,Houston
ORD-108230,11/22/2023,Moisturizer,Beauty,9,454.17,0.15,28,Debit Card,Los Angeles
ORD-101373,12/25/2023,Blender,Home & Kitchen,2,8.36,0.05,19,Apple Pay,Houston
ORD-105141,12/6/2023,History Book,Books,5,494.18,0.15,47,Credit Card,Los Angeles
ORD-100713,4/3/2023,Monitor,Electronics,8,382.97,0.15,26,Cash,Houston
ORD-103919,7/12/2023,Lip Balm,Beauty,4,88.93,0.15,40,Credit Card,Houston
ORD-101246,2/16/2023,History Book,Books,4,476.27,0.1,61,Debit Card,Chicago
ORD-107002,6/4/2023,Shampoo,Beauty,9,-5,0.1,40,Debit Card,Los Angeles
ORD-107213,10/8/2023,Fiction Novel,Books,8,50000,0.1,43,Cash,Los Angeles
ORD-105482,7/31/2023,Python Guide,Books,2,240.67,0.15,65,Credit Card,Chicago
ORD-107820,8/14/2023,Mug,Home & Kitchen,6,Unknown,0.15,53,Cash,New York
ORD-100716,10/5/2023,Python Guide,Books,8,405.1,0.2,44,Apple Pay,Chicago
ORD-107066,2023-13-45,Data Science 101,Books,2,382.74,0.1,31,PayPal,Houston
ORD-108834,8/25/2023,Headphones,Electronics,5,278.08,0.15,64,Apple Pay,Online
ORD-101483,2/9/2023,Hoodie,Clothing,8,346.45,0.05,44,PayPal,Phoenix
ORD-102964,12/17/2023,Sunscreen,Beauty,8,113.04,0,47,Apple Pay,Houston
ORD-107021,7/2/2023,Shampoo,Beauty,3,412.79,0.05,30,PayPal,Phoenix
ORD-104077,11/11/2023,Moisturizer,Beauty,5,92.15,0,60,Cash,los angeles
ORD-109066,12/31/2023,Jeans,Clothing,9,262.87,0.1,26,Credit Card,Los Angeles
ORD-107634,2/13/2023,Mechanical Keyboard,Electronics,9,426.6,0.15,20,Debit Card,Los Angeles
ORD-105964,3/14/2023,Coffee Maker,Home & Kitchen,2,491.37,0.05,29,Apple Pay,Houston
ORD-103659,12/30/2023,Biography,Books,5,95.7,0.15,68,PayPal,Houston
ORD-101659,3/2/2023,Biography,Books,1,281.68,0.15,47,Debit Card,Chicago
ORD-100213,8/12/2023,History Book,Books,1,153.3,0.2,-5,Credit Card,Phoenix
ORD-103210,10/4/2023,Python Guide,Books,1,124.28,0.05,35,Cash,Houston
ORD-109486,1/3/2023,Monitor,Electronics,2,388.43,0.2,66,Cash,New York
ORD-101011,11/15/2023,Lip Balm,Beauty,4,368.28,0.15,19,Apple Pay,Houston
ORD-100324,8/30/2023,Fiction Novel,Books,1,282.03,0.15,50,PayPal,New York
ORD-106959,1/30/2023,Jacket,Clothing,9,,0,50,Apple Pay,Houston
ORD-101098,6/21/2023,Cookware Set,Home & Kitchen,8,50000,0.05,42,PayPal,Los Angeles
ORD-109707,11/12/2023,Mechanical Keyboard,Electronics,4,304.09,0.1,37,PayPal,New York
ORD-101563,1/9/2023,Moisturizer,Beauty,4,35.53,0,68,Debit Card,New York
ORD-109288,5/19/2023,Perfume,Beauty,1,52.18,0.05,35,PayPal,Online
ORD-100335,8/9/2023,Socks,Clothing,4,373.42,0.2,72,Apple Pay,New York
ORD-104448,4/7/2023,T-Shirt,Clothing,5,Unknown,0.1,22,PayPal,New York
ORD-102738,10/29/2023,Biography,books,6,177.61,0.2,66,PayPal,Chicago
ORD-103722,5/20/2023,Headphones,Electronics,3,404.4,0.2,53,PayPal,Online
ORD-105508,11/6/2023,Mug,Home & Kitchen,4,240.95,0,68,Cash,New York
ORD-106335,3/30/2023,Mechanical Keyboard,Electronics,9,50000,0.05,27,Debit Card,Online
ORD-101614,12/20/2023,Air Fryer,Home & Kitchen,8,-1,0.2,30,Credit Card,New York
ORD-100793,3/10/2023,Jeans,Clothing,1,111.13,0.1,65,Cash,Phoenix
ORD-100234,7/28/2023,Sunscreen,Beauty,7,400.93,0.05,68,Cash,Online
ORD-108871,6/18/2023,Coffee Maker,Home & Kitchen,2,143.03,0.1,43,Credit Card,Chicago
ORD-109439,8/23/2023,T-Shirt,Clothing,2,396.44,0,59,Cash,ONLINE
ORD-108561,12/9/2023,Perfume,Beauty,6,162.26,0.05,20,PayPal,Houston
ORD-108069,5/12/2023,Shampoo,Beauty,1,175.86,0.1,42,PayPal,Los Angeles
ORD-107609,6/11/2023,Data Science 101,Books,9,403.05,0.2,47,PayPal,Phoenix
ORD-107738,8/7/2023,Mug,Home & Kitchen,9,484.09,0.15,72,Apple Pay,Los Angeles
ORD-101884,6/30/2023,Sunscreen,Beauty,5,78.5,0.15,32,Cash,Online
ORD-103938,9/20/2023,Socks,Clothing,4,275.59,0.05,63,Apple Pay,Online
ORD-101954,3/18/2023,Sunscreen,Beauty,4,136,0,22,PayPal,Chicago
ORD-108177,10/28/2023,Cookware Set,Home & Kitchen,7,109.96,0.05,29,Credit Card,New York
ORD-106162,8/1/2023,Coffee Maker,Home & Kitchen,4,50000,0.1,71,Debit Card,Online
ORD-108609,10/21/2023,Wireless Mouse,Electronics,9,245.34,0.2,68,CASH,Chicago
ORD-104175,8/17/2023,T-Shirt,Clothing,3,79.11,0.1,57,Cash,Houston
ORD-106931,5/12/2023,Data Science 101,BOOKS,4,437.02,0.2,34,Cash,New York
ORD-100775,5/4/2023,History Book,Books,3,137.92,0.05,55,Credit Card,Online
ORD-101495,7/2/2023,Monitor,Electronics,5,226.2,0.1,26,Apple Pay,New York
ORD-106900,11/29/2023,Lip Balm,Beauty,9,59.02,0.05,31,Credit Card,Houston
ORD-100872,7/22/2023,Mug,Home & Kitchen,6,50000,0.1,35,Apple Pay,Online
ORD-102515,6/7/2023,USB-C Cable,Electronics,6,378.34,0,51,Cash,Chicago
ORD-101264,4/10/2023,Hoodie,Clothing,8,386.02,0.1,51,Debit Card,Houston
ORD-101619,1/31/2023,Air Fryer,Home & Kitchen,7,371.95,0.2,65,Debit Card,Houston
ORD-105160,5/14/2023,Mechanical Keyboard,Electronics,1,237.53,0.05,61,Debit Card,Los Angeles
ORD-105677,7/15/2023,Headphones,Electronics,3,323.92,0.1,30,Debit Card,Phoenix
ORD-102287,9/26/2023,Data Science 101,Books,3,30.88,0.1,Unknown,PayPal,Phoenix
ORD-101759,11/25/2023,Perfume,Beauty,9,194.21,0.2,65,Credit Card,Chicago
ORD-103895,1/29/2023,Moisturizer,Beauty,3,203.81,0.1,35,paypal,Houston
ORD-105577,6/24/2023,History Book,Books,7,262.77,0,24,Cash,Los Angeles
ORD-101221,5/20/2023,Monitor,Electronics,2,158.6,0,37,Apple Pay,New York
ORD-105427,5/3/2023,Mug,Home & Kitchen,3,459.26,0.1,61,Cash,Houston
ORD-101766,2/28/2023,Shampoo,Beauty,4,183.11,0.2,66,PayPal,Chicago
ORD-106283,6/27/2023,Biography,Books,4,351.95,0,57,Debit Card,Online
ORD-100409,11/12/2023,Jacket,Clothing,4,50000,0.05,22,Apple Pay,Houston
ORD-105550,8/17/2023,Shampoo,Beauty,1,465.5,0.2,52,,Los Angeles
ORD-105468,9/27/2023,Python Guide,Books,4,448.26,0,55,Debit Card,Houston
ORD-101514,8/4/2023,History Book,Books,5,29.68,0,56,Apple Pay,Phoenix
ORD-102486,7/21/2023,Fiction Novel,Books,9,282.14,0.1,72,,Los Angeles
ORD-109159,2/16/2023,Biography,Books,6,206.42,,37,PayPal,New York
ORD-103382,7/12/2023,Socks,Clothing,3,50000,0.2,46,Apple Pay,Chicago
ORD-101966,10/8/2023,Moisturizer,Beauty,2,301.72,0.15,61,PayPal,Phoenix
ORD-105047,5/19/2023,Cookware Set,Home & Kitchen,1,196.63,0.05,200,PayPal,Los Angeles
ORD-107794,3/24/2023,Blender,Home & Kitchen,5,84.76,0.1,23,Apple Pay,New York
ORD-107083,11/4/2023,Lip Balm,Beauty,7,116.22,0.05,28,Apple Pay,Houston
ORD-107414,11/22/2023,Biography,Books,4,430.56,0,47,Cash,Online
ORD-104103,4/22/2023,Jacket,Clothing,6,356.03,0.15,-1,Debit Card,New York
ORD-108077,1/15/2023,Data Science 101,Books,7,26.26,0.1,45,PayPal,Chicago
ORD-103001,11/13/2023,Socks,Clothing,4,287.38,0.15,,Credit Card,Chicago
ORD-109781,Invalid_Date,Blender,Home & Kitchen,4,331.9,0,44,Apple Pay,Chicago
ORD-106139,10/15/2023,Data Science 101,Books,Unknown,283.8,0.15,56,Apple Pay,Chicago
ORD-106689,1/5/2023,Biography,Books,5,48.43,0.15,55,,New York
ORD-105182,3/11/2023,History Book,Books,4,195.19,0,45,Credit Card,New York
ORD-108683,9/6/2023,Mechanical Keyboard,Electronics,2,87.53,0,150,PayPal,Houston
ORD-108864,9/3/2023,History Book,Books,4,247.15,0.05,41,Debit Card,Los Angeles
ORD-105980,4/4/2023,Blender,home & kitchen,3,233.24,0,56,PayPal,Phoenix
ORD-102499,3/20/2023,Fiction Novel,Books,7,420.06,0.2,N/A,PayPal,New York
ORD-104030,10/7/2023,Cookware Set,Home & Kitchen,5,23.49,0.2,22,Credit Card,Los Angeles
ORD-107546,7/24/2023,Monitor,Electronics,8,351.73,0.2,66,PayPal,Online
ORD-104935,6/28/2023,Mechanical Keyboard,Electronics,8,387.6,0.15,59,PayPal,Los Angeles
ORD-105552,1/20/2023,Monitor,Electronics,2,464.09,0.2,33,Cash,New York
ORD-105423,9/10/2023,Air Fryer,Home & Kitchen,4,109.24,0.2,40,Cash,Phoenix
ORD-109416,5/16/2023,Mug,Home & Kitchen,3,284.25,0.2,57,Debit Card,Phoenix
ORD-103884,7/10/2023,Jacket,Clothing,9,142.11,0.05,42,Credit Card,Houston
ORD-101499,11/25/2023,Lip Balm,Beauty,3,217.77,0.15,29,Apple Pay,Los Angeles
ORD-101480,4/24/2023,Monitor,Electronics,6,142.19,0.1,47,Credit Card,Los Angeles
ORD-103616,7/23/2023,History Book,Books,9,269.22,0.1,64,Debit Card,New York
ORD-103839,10/9/2023,Coffee Maker,Home & Kitchen,6,34.52,0.2,23,Credit Card,Chicago
ORD-103890,10/25/2023,Data Science 101,Books,2,228.08,0.2,59,PayPal,Houston
ORD-109645,5/31/2023,Mechanical Keyboard,Electronics,5,364.64,0.15,63,Apple Pay,Chicago
ORD-108076,6/1/2023,Hoodie,Clothing,6,424.06,0.05,21,PayPal,Chicago
ORD-105651,7/10/2023,Blender,Home & Kitchen,7,N/A,0,61,Cash,Online
ORD-102908,1/28/2023,Socks,Clothing,4,185.32,0.15,51,PayPal,Chicago
ORD-100466,10/15/2023,T-Shirt,Clothing,5,460.55,0.15,150,Apple Pay,Online
ORD-109466,1/15/2023,Moisturizer,Beauty,7,117.24,0.15,57,PayPal,Houston
ORD-104304,12/24/2023,Python Guide,Books,5,8.73,0.2,51,PayPal,Online
ORD-103482,3/2/2023,History Book,Books,9,173.41,0.1,52,PayPal,Chicago
ORD-103974,6/2/2023,Monitor,Electronics,7,9999.99,0.05,27,Apple Pay,New York
ORD-102418,6/13/2023,Data Science 101,Books,3,39.27,0.15,61,Credit Card,Online
ORD-104124,7/30/2023,Python Guide,Books,8,15.02,0.1,26,Debit Card,Phoenix
ORD-106744,12/18/2023,Shampoo,Beauty,7,291.73,0.15,50,paypal,Houston
ORD-100746,11/20/2023,Socks,Clothing,6,136.34,0.15,64,Debit Card,Online
ORD-105715,5/5/2023,USB-C Cable,Electronics,2,49.73,0,31,PayPal,New York
ORD-106712,2023-13-45,Shampoo,Beauty,1,329.89,0.05,35,Debit Card,New York
ORD-100711,12/28/2023,T-Shirt,Clothing,7,199.43,0.15,64,Debit Card,Phoenix
ORD-100380,10/9/2023,Blender,Home & Kitchen,9,192.99,0.05,23,PayPal,Chicago
ORD-106078,2/2/2023,Perfume,Beauty,4,95.71,0.1,,Debit Card,Los Angeles
ORD-103330,8/6/2023,Wireless Mouse,Electronics,Unknown,335.79,0.05,19,Apple Pay,Houston
ORD-109122,8/3/2023,USB-C Cable,Electronics,3,77.01,0.15,30,Credit Card,houston
ORD-108483,7/18/2023,Lip Balm,Beauty,3,283.19,0.05,23,Cash,Phoenix
ORD-105698,9/22/2023,Air Fryer,Home & Kitchen,5,312.17,0.15,26,,New York
ORD-109547,10/31/2023,Air Fryer,Home & Kitchen,8,452.33,0.05,64,,Online
ORD-104270,3/10/2023,USB-C Cable,Electronics,5,425.97,0.05,45,PayPal,New York
ORD-109047,12/23/2023,Python Guide,Books,1,278.29,0.05,51,PayPal,New York
ORD-104099,12/18/2023,Monitor,ELECTRONICS,9,273.31,0.15,32,Debit Card,Los Angeles
ORD-106859,9/12/2023,Python Guide,Books,3,308.69,0.15,49,Apple Pay,Online
ORD-109284,4/22/2023,Mechanical Keyboard,ELECTRONICS,5,373.72,0,47,Debit Card,Phoenix
ORD-108385,10/28/2023,Biography,Books,8,247.77,0.1,25,PayPal,Los Angeles
ORD-105157,8/18/2023,Mechanical Keyboard,Electronics,6,170.04,0.1,72,Apple Pay,Phoenix
ORD-106313,4/2/2023,Lip Balm,Beauty,7,81.83,0.05,58,Cash,Los Angeles
ORD-103873,5/9/2023,Shampoo,Beauty,1,270.53,0.2,40,,Chicago
ORD-101314,2/2/2023,Air Fryer,Home & Kitchen,6,141.41,0,25,Apple Pay,Chicago
ORD-104731,1/3/2023,Jacket,Clothing,2,9999.99,0.05,24,Debit Card,Online
ORD-102289,3/28/2023,Lip Balm,Beauty,3,398.42,0.15,37,Credit Card,Online
ORD-109903,7/24/2023,Fiction Novel,Books,6,269.27,0,27,,Chicago
ORD-104369,1/13/2023,Python Guide,Books,1,386.53,0.15,60,PayPal,Online
ORD-104634,2/11/2023,Cookware Set,Home & Kitchen,8,259.56,0.05,38,Credit Card,New York
ORD-101286,2/8/2023,Socks,Clothing,6,309.02,0,Unknown,Apple Pay,Houston
ORD-104666,1/16/2023,Jeans,Clothing,5,270.61,0.15,39,Credit Card,Los Angeles
ORD-106113,4/27/2023,Blender,Home & Kitchen,3,87.3,0.05,73,Cash,Phoenix
ORD-101350,2/9/2023,Hoodie,Clothing,5,199.17,0.1,42,Debit Card,Los Angeles
ORD-109282,5/23/2023,Moisturizer,Beauty,5,486.17,0,25,Debit Card,Houston
ORD-105478,2/13/2023,Biography,Books,3,139.06,0,43,Apple Pay,Los Angeles
ORD-108147,5/20/2023,USB-C Cable,Electronics,7,319.36,0.05,45,PayPal,New York
ORD-106138,2/4/2023,Perfume,Beauty,5,336.28,0.15,44,Apple Pay,chicago
ORD-100428,7/25/2023,Headphones,Electronics,2,81.13,0.15,35,Apple Pay,Online
ORD-100654,11/17/2023,Cookware Set,Home & Kitchen,7,50000,0,58,Cash,Los Angeles
ORD-108344,9/23/2023,Python Guide,Books,5,444.39,0.15,30,Credit Card,Online
ORD-102056,10/19/2023,Coffee Maker,Home & Kitchen,2,57.23,0.1,50,Debit Card,Phoenix
ORD-108546,4/25/2023,Fiction Novel,Books,8,151.58,,21,Cash,Chicago
ORD-102710,9/21/2023,Shampoo,Beauty,6,196.91,0,62,Debit Card,Los Angeles
ORD-108665,9/26/2023,Data Science 101,Books,3,203.73,0.2,29,Debit Card,Los Angeles
ORD-107931,3/24/2023,Biography,Books,1,398.54,0,150,Credit Card,Houston
ORD-106427,12/14/2023,Wireless Mouse,Electronics,3,472.35,0.2,55,Credit Card,Los Angeles
ORD-104603,10/24/2023,Sunscreen,Beauty,9,312.52,0.15,19,Credit Card,Los Angeles
ORD-107727,7/26/2023,Blender,Home & Kitchen,4,461.51,0.2,65,PayPal,Houston
ORD-103239,1/12/2023,Socks,Clothing,4,275.12,0.15,18,Apple Pay,Los Angeles
ORD-109061,6/20/2023,History Book,Books,7,9999.99,0.2,23,PayPal,Houston
ORD-100612,11/21/2023,Biography,Books,1,340.17,0.05,65,Debit Card,Online
ORD-106415,7/27/2023,Mechanical Keyboard,Electronics,8,210.15,0,35,PayPal,New York
ORD-104566,2/2/2023,Data Science 101,Books,9,466.74,0.05,30,Cash,Houston
ORD-109225,8/27/2023,Jacket,Clothing,4,393.99,0.2,69,PayPal,Houston
ORD-107224,11/23/2023,Socks,Clothing,7,139.37,0.15,19,Cash,Chicago
ORD-104376,2/16/2023,T-Shirt,Clothing,2,,0.1,56,Debit Card,Chicago
ORD-103644,2/5/2023,Headphones,Electronics,1,-1,0.05,71,Debit Card,Online
ORD-101119,5/20/2023,History Book,Books,2,340.39,0.05,64,Debit Card,Houston
ORD-100555,5/23/2023,Hoodie,Clothing,9,111.69,0.2,52,Apple Pay,Los Angeles
ORD-102985,6/24/2023,Jacket,Clothing,2,169.66,0.05,26,PayPal,Los Angeles
ORD-100512,10/28/2023,Lip Balm,Beauty,6,-1,0.15,73,PayPal,Los Angeles
ORD-103661,1/15/2023,Jeans,Clothing,7,15.43,0,67,Credit Card,Phoenix
ORD-104646,11/14/2023,Air Fryer,Home & Kitchen,8,-1,0,38,Credit Card,Los Angeles
ORD-100968,3/19/2023,Monitor,electronics,1,418.12,0.2,23,PayPal,Los Angeles
ORD-109758,3/15/2023,Lip Balm,Beauty,1,84.88,0.05,34,Credit Card,New York
ORD-106445,5/20/2023,Blender,Home & Kitchen,9,65.6,0.1,68,PayPal,Los Angeles
ORD-107270,10/15/2023,Socks,Clothing,1,425.41,0.05,49,,Online
ORD-107225,3/12/2023,Mechanical Keyboard,Electronics,7,320.33,0.15,69,Apple Pay,Online
ORD-108769,Invalid_Date,History Book,Books,7,192.14,0.2,49,Apple Pay,Phoenix
ORD-107756,9/23/2023,Coffee Maker,Home & Kitchen,9,51.64,0.05,20,Credit Card,Houston
ORD-106327,7/21/2023,Wireless Mouse,Electronics,4,391.92,0.15,63,Credit Card,Phoenix
ORD-107829,2/6/2023,Wireless Mouse,Electronics,6,Unknown,0.1,53,Cash,Los Angeles
ORD-104538,6/11/2023,Python Guide,Books,8,15.39,0.2,30,PayPal,New York
ORD-108723,1/24/2023,Headphones,Electronics,2,114.99,0.15,63,Credit Card,Los Angeles
ORD-108303,7/10/2023,History Book,Books,2,177.46,0,40,PayPal,Online
ORD-108747,6/1/2023,Moisturizer,Beauty,8,311.76,0.05,150,Credit Card,Chicago
ORD-106734,4/6/2023,History Book,Books,6,49.7,0.2,27,,Houston
ORD-103648,2/6/2023,Air Fryer,Home & Kitchen,3,338.14,0,55,Debit Card,Houston
ORD-105666,1/15/2023,Monitor,Electronics,8,342.04,0.1,30,Debit Card,Chicago
ORD-106095,10/24/2023,Sunscreen,Beauty,6,37.58,0.1,68,Cash,New York
ORD-106130,4/1/2023,Wireless Mouse,Electronics,7,247,0,45,Credit Card,Phoenix
ORD-101110,11/2/2023,Sunscreen,Beauty,8,151.82,0.15,42,Credit Card,Chicago
ORD-109441,11/14/2023,Socks,Clothing,3,9999.99,0,65,Apple Pay,Online
ORD-109463,10/10/2023,Air Fryer,Home & Kitchen,7,78.65,0.2,52,Debit Card,New York
ORD-101039,10/7/2023,USB-C Cable,Electronics,4,284.14,0.2,27,Credit Card,Los Angeles
ORD-101195,12/29/2023,Coffee Maker,Home & Kitchen,9,57.18,0.15,39,Debit Card,Phoenix
ORD-109656,11/7/2023,Headphones,Electronics,2,322.04,0.2,-5,Cash,Los Angeles
ORD-109974,5/31/2023,Jeans,Clothing,9,139.03,0.05,150,Apple Pay,New York
ORD-107108,2023-13-45,Python Guide,Books,4,71.7,0.05,51,PayPal,Online
ORD-108922,11/20/2023,Hoodie,Clothing,1,78.84,0,54,Credit Card,Chicago
ORD-104462,5/30/2023,Blender,Home & Kitchen,4,62.54,0.15,55,Debit Card,Phoenix
ORD-109241,3/22/2023,Jacket,Clothing,5,482.38,0.15,73,Credit Card,Online
ORD-106046,4/18/2023,Moisturizer,Beauty,5,174.43,0.15,42,credit card,Chicago
ORD-100935,4/14/2023,Fiction Novel,Books,3,150.42,0.1,56,Cash,Phoenix
ORD-105585,4/4/2023,Socks,CLOTHING,4,120.62,0.15,24,Debit Card,Chicago
ORD-108930,8/19/2023,Mechanical Keyboard,Electronics,4,151.49,0.2,61,Credit Card,New York
ORD-109414,4/4/2023,Sunscreen,Beauty,8,171.58,0.15,53,PayPal,Phoenix
ORD-107781,5/5/2023,Mechanical Keyboard,Electronics,4,50000,0.2,26,Apple Pay,Chicago
ORD-106158,5/6/2023,Moisturizer,Beauty,N/A,101.96,0.15,64,Credit Card,Houston
ORD-100395,5/1/2023,Moisturizer,Beauty,9,325.07,0.2,59,Debit Card,Chicago
ORD-103211,11/9/2023,Data Science 101,Books,8,293.56,0.2,50,Credit Card,Chicago
ORD-108722,7/16/2023,Sunscreen,Beauty,2,494.77,0.05,49,Cash,Phoenix
ORD-101738,7/20/2023,Shampoo,Beauty,2,47.28,0.1,48,Cash,Chicago
ORD-109438,9/15/2023,Jacket,Clothing,1,270.54,0,56,Cash,Los Angeles
ORD-100562,3/24/2023,Headphones,Electronics,7,68.09,0.1,20,Cash,Chicago
ORD-106473,11/2/2023,Monitor,Electronics,8,473.91,0.1,N/A,Cash,Los Angeles
ORD-102475,2023-13-45,History Book,Books,2,180.93,0.2,37,Apple Pay,New York
ORD-101298,2/26/2023,Biography,Books,Unknown,245.39,0.2,43,Cash,Chicago
ORD-105837,12/30/2023,Mug,Home & Kitchen,8,50000,0.15,37,Cash,Chicago
ORD-101163,11/14/2023,History Book,Books,3,-1,0,21,Apple Pay,Online
ORD-106827,10/18/2023,Moisturizer,Beauty,4,108.21,0.15,35,Apple Pay,New York
ORD-101672,4/25/2023,Shampoo,Beauty,8,349.08,0,47,Debit Card,Los Angeles
ORD-102620,11/12/2023,Air Fryer,Home & Kitchen,4,436.87,0.05,30,Debit Card,Chicago
ORD-107709,4/23/2023,Perfume,Beauty,8,266.13,0.15,Unknown,Apple Pay,Los Angeles
ORD-101528,11/15/2023,Monitor,Electronics,2,349.89,0.2,39,PayPal,Chicago
ORD-104627,12/15/2023,Coffee Maker,Home & Kitchen,2,160.88,0,48,Apple Pay,New York
ORD-109300,8/2/2023,Sunscreen,Beauty,6,179.96,0.05,71,Cash,Phoenix
ORD-105624,2/21/2023,Wireless Mouse,Electronics,4,390.76,0.1,40,Debit Card,Online
ORD-105598,11/19/2023,Headphones,Electronics,9,50000,0,54,Debit Card,Phoenix
ORD-100059,1/27/2023,History Book,Books,6,453.52,0.05,38,Cash,Online
ORD-107077,2/24/2023,Biography,Books,3,,0,63,Cash,Chicago
ORD-108263,2/23/2023,Moisturizer,Beauty,2,363.94,0.15,33,PayPal,Online
ORD-105413,2/8/2023,Perfume,Beauty,6,376.93,0.15,39,Cash,Houston
ORD-107476,12/8/2023,Lip Balm,Beauty,9,429.57,0.1,64,Debit Card,Online
ORD-104830,10/27/2023,Biography,Books,3,94.22,0.2,66,,New York
ORD-104561,5/20/2023,History Book,Books,6,89.22,0.1,22,Cash,New York
ORD-102621,12/5/2023,Jacket,Clothing,8,170.14,0.15,64,Cash,Houston
ORD-106428,6/17/2023,Fiction Novel,Books,6,467.34,0,34,PayPal,Chicago
ORD-106741,11/15/2023,Fiction Novel,Books,1,141.31,0.05,28,PayPal,Los Angeles
ORD-105810,2/7/2023,Mechanical Keyboard,Electronics,3,145.68,0.1,68,Apple Pay,Los Angeles
ORD-107482,7/7/2023,Python Guide,Books,3,366.23,0.2,999,Credit Card,Houston
ORD-104824,1/24/2023,Jeans,Clothing,8,9.57,0.2,28,Apple Pay,New York
ORD-103185,7/2/2023,Hoodie,Clothing,4,49.18,0.1,22,Apple Pay,Phoenix
ORD-108704,9/13/2023,T-Shirt,Clothing,6,453.04,0.1,65,Cash,Los Angeles
ORD-100677,9/21/2023,Jeans,Clothing,2,200.39,0.15,35,Debit Card,Los Angeles
ORD-105095,1/24/2023,Jeans,Clothing,8,233.73,0.1,59,PayPal,Phoenix
ORD-107459,4/28/2023,Mechanical Keyboard,Electronics,2,329.88,0.05,57,Apple Pay,New York
ORD-100415,4/16/2023,Cookware Set,Home & Kitchen,9,89.39,,72,Cash,Chicago
ORD-107085,6/9/2023,Hoodie,Clothing,2,300.9,0.15,150,Cash,Phoenix
ORD-109782,6/1/2023,History Book,books,8,21,0,73,Cash,Phoenix
ORD-106444,10/8/2023,Mechanical Keyboard,Electronics,1,221.62,0.2,29,Debit Card,Online
ORD-106168,7/28/2023,Moisturizer,Beauty,5,152.55,0,26,Apple Pay,Houston
ORD-102849,12/23/2023,USB-C Cable,Electronics,3,20.39,0.1,39,PayPal,Houston
ORD-105359,7/11/2023,Mug,Home & Kitchen,2,80.55,0.15,46,Cash,Phoenix
ORD-104056,12/7/2023,Jeans,Clothing,3,41.49,0.05,47,Debit Card,Online
ORD-106809,1/19/2023,Mug,Home & Kitchen,4,390.54,0.15,52,Debit Card,phoenix
ORD-109825,5/1/2023,Cookware Set,Home & Kitchen,6,419.98,0.15,74,Apple Pay,Phoenix
ORD-105226,4/16/2023,Mechanical Keyboard,electronics,6,63.95,0.1,55,PayPal,Houston
ORD-105610,5/28/2023,Jeans,Clothing,5,208.14,0.2,41,PayPal,Online
ORD-105604,5/20/2023,Hoodie,Clothing,6,472.75,0.1,55,Apple Pay,Houston
ORD-100867,3/2/2023,Data Science 101,Books,3,292.57,0.2,36,Credit Card,Los Angeles
ORD-106401,Invalid_Date,Socks,Clothing,6,259.13,0,52,PayPal,New York
ORD-105373,6/18/2023,Mechanical Keyboard,Electronics,8,340.77,0,58,Apple Pay,Phoenix
ORD-104869,1/31/2023,Blender,Home & Kitchen,6,9999.99,0.1,52,Cash,Online
ORD-105551,9/24/2023,Mug,Home & Kitchen,7,351.1,0,45,Debit Card,Los Angeles
ORD-104834,3/13/2023,Lip Balm,Beauty,6,422.38,0.15,21,Credit Card,LOS ANGELES
ORD-101898,3/18/2023,History Book,Books,8,11.32,0.1,67,Credit Card,Chicago
ORD-107889,10/27/2023,Wireless Mouse,Electronics,9,0,0.05,59,PayPal,Online
ORD-103022,2023-13-45,Moisturizer,Beauty,8,333.22,0.2,61,Cash,Chicago
ORD-107038,9/21/2023,Lip Balm,Beauty,2,0,0.2,64,Cash,New York
ORD-102392,10/31/2023,Perfume,Beauty,6,364.16,0.15,71,Credit Card,New York
ORD-102770,4/25/2023,Jacket,Clothing,9,445.61,0.15,61,Cash,New York
ORD-102190,5/27/2023,USB-C Cable,Electronics,1,287.96,0.15,-5,PayPal,Los Angeles
ORD-105866,12/4/2023,Hoodie,Clothing,7,220.72,0.15,29,Apple Pay,Chicago
ORD-101818,8/7/2023,Blender,Home & Kitchen,3,192.28,0.05,36,Credit Card,Phoenix
ORD-109991,5/27/2023,Shampoo,Beauty,1,457.53,0.15,,Credit Card,New York
ORD-101938,8/25/2023,Headphones,electronics,7,166.68,0.2,40,Cash,New York
ORD-101902,11/5/2023,Lip Balm,Beauty,2,110.3,0,22,Cash,Houston
ORD-106492,10/30/2023,Fiction Novel,Books,2,147.29,0.05,57,Credit Card,Chicago
ORD-108062,6/15/2023,Moisturizer,Beauty,8,484.36,0.2,70,Cash,New York
ORD-107363,5/17/2023,Sunscreen,Beauty,6,485.35,0.1,72,,Los Angeles
ORD-101211,2023-13-45,Mechanical Keyboard,Electronics,3,184.82,0.1,37,PayPal,Online
ORD-107963,2/25/2023,Monitor,Electronics,9,137.15,0.2,64,PayPal,Chicago
ORD-105184,2/4/2023,Sunscreen,Beauty,1,295.05,0.05,60,Credit Card,Los Angeles
ORD-107045,12/17/2023,Lip Balm,Beauty,6,482.66,0.05,60,Apple Pay,online
ORD-101727,11/16/2023,Perfume,Beauty,3,270.03,0,64,PayPal,Online
ORD-109815,6/10/2023,Monitor,Electronics,9,352.15,0.15,74,Credit Card,Phoenix
ORD-101048,2/13/2023,Mug,Home & Kitchen,1,416.6,0.05,22,Apple Pay,Houston
ORD-105637,1/30/2023,Headphones,Electronics,6,53.54,0.05,34,Credit Card,Chicago
ORD-102969,10/10/2023,Cookware Set,Home & Kitchen,3,463.95,0.2,61,Credit Card,Chicago
ORD-104076,2/17/2023,T-Shirt,Clothing,-5,47.04,0.05,28,Cash,Houston
ORD-105289,10/27/2023,Mug,Home & Kitchen,7,126.53,0.15,55,Apple Pay,New York
ORD-107923,4/15/2023,Headphones,Electronics,6,36.01,0,68,Debit Card,Los Angeles
ORD-108103,4/28/2023,USB-C Cable,Electronics,9,55.06,0,63,Credit Card,Houston
ORD-109071,10/8/2023,Lip Balm,Beauty,2,390.48,0,50,Apple Pay,Phoenix
ORD-103773,12/12/2023,Mug,Home & Kitchen,8,-1,0.15,24,Apple Pay,Houston
ORD-100618,5/14/2023,Perfume,Beauty,5,239.63,0.15,35,Apple Pay,Online
ORD-108736,8/2/2023,Monitor,Electronics,3,394.92,0,19,PayPal,New York
ORD-103124,7/11/2023,Jacket,Clothing,2,444.95,0,49,Cash,Los Angeles
ORD-105582,5/5/2023,Lip Balm,Beauty,1,198.25,0.1,72,Cash,Chicago
ORD-103911,11/29/2023,Data Science 101,Books,3,440.75,0,38,Apple Pay,Houston
ORD-109296,Invalid_Date,Python Guide,Books,7,367.82,0.2,41,Apple Pay,Houston
ORD-100767,7/16/2023,Monitor,Electronics,9,344.29,0.1,19,Credit Card,Online
ORD-106713,10/12/2023,Biography,Books,6,456.54,0.05,69,Cash,New York
ORD-100972,1/26/2023,Fiction Novel,Books,1,213.28,0.2,43,Apple Pay,Houston
ORD-106595,7/19/2023,Mug,Home & Kitchen,6,172.24,0,56,Credit Card,Phoenix
ORD-107217,11/15/2023,Python Guide,Books,1,140.65,0.15,58,Cash,New York
ORD-109102,1/29/2023,Python Guide,Books,8,437.81,0.1,57,Cash,Houston
ORD-101145,12/11/2023,Fiction Novel,Books,7,195.44,0.2,62,Debit Card,New York
ORD-106954,2/24/2023,History Book,Books,5,292.47,0.1,34,PayPal,Los Angeles
ORD-104408,6/26/2023,Wireless Mouse,Electronics,5,245.73,0.05,34,Credit Card,Chicago
ORD-100463,2/18/2023,History Book,Books,2,335.34,0.15,21,Credit Card,Online
ORD-106519,11/7/2023,Sunscreen,Beauty,7,433.53,0.1,52,PayPal,Phoenix
ORD-109561,2023-13-45,Sunscreen,Beauty,3,239.59,0.05,21,Apple Pay,Houston
ORD-106129,9/26/2023,Lip Balm,Beauty,2,465.83,0.1,32,Credit Card,Online
ORD-102326,11/24/2023,Python Guide,Books,-1,269.78,0,62,Debit Card,Los Angeles
ORD-107700,4/5/2023,Air Fryer,Home & Kitchen,9,487.32,0,18,Cash,online
ORD-107309,5/1/2023,Fiction Novel,Books,9,421.22,0.15,,Debit Card,Los Angeles
ORD-105493,2/11/2023,Shampoo,Beauty,5,103.72,0.2,21,Debit Card,Los Angeles
ORD-107278,8/22/2023,Data Science 101,Books,9,112.22,0.05,28,Credit Card,New York
ORD-107616,3/16/2023,Headphones,Electronics,-1,341.16,0.05,36,PayPal,Online
ORD-109618,2023-13-45,Lip Balm,Beauty,4,115.9,0,69,Debit Card,Online
ORD-103394,10/6/2023,Fiction Novel,Books,8,120.15,0.05,23,Credit Card,Online
ORD-108547,8/9/2023,Air Fryer,Home & Kitchen,8,183.83,0.1,18,Cash,Chicago
ORD-107552,4/15/2023,T-Shirt,Clothing,8,369.82,0,49,Credit Card,Houston
ORD-100829,7/26/2023,Jeans,Clothing,9,338.26,0.2,70,Debit Card,Los Angeles
ORD-107383,9/14/2023,Wireless Mouse,Electronics,3,394.12,0.1,71,Credit Card,Chicago
ORD-108872,2/9/2023,Fiction Novel,Books,8,205.49,0.15,21,Apple Pay,Houston
ORD-101673,1/12/2023,Mug,Home & Kitchen,3,139.8,,61,PayPal,Los Angeles
ORD-109464,8/29/2023,Hoodie,Clothing,8,258.08,0.2,20,Credit Card,Phoenix
ORD-101689,10/25/2023,Lip Balm,Beauty,7,9999.99,0.2,28,PayPal,Phoenix
ORD-102871,7/11/2023,Mug,Home & Kitchen,2,11.55,0.2,58,,Online
ORD-106124,2/20/2023,Perfume,Beauty,6,254.29,0.2,48,Apple Pay,New York
ORD-103388,5/1/2023,Blender,Home & Kitchen,1,50000,0.15,22,Credit Card,Los Angeles
ORD-103539,2/2/2023,Coffee Maker,Home & Kitchen,3,47.94,0.2,46,Debit Card,Houston
ORD-103626,6/16/2023,Cookware Set,Home & Kitchen,7,11.26,0.05,18,Apple Pay,Los Angeles
ORD-104193,4/22/2023,Moisturizer,Beauty,6,471.09,,48,Apple Pay,Phoenix
ORD-107945,2/16/2023,Perfume,Beauty,5,-1,0.1,55,Debit Card,Chicago
ORD-103910,10/31/2023,USB-C Cable,Electronics,8,333.68,0,,PayPal,Phoenix
ORD-108419,12/6/2023,Python Guide,Books,8,399.46,0.05,37,Credit Card,New York
ORD-106215,3/16/2023,Fiction Novel,Books,Unknown,385.36,0.15,68,PayPal,New York
ORD-101714,8/24/2023,Biography,Books,7,91.23,0,44,Cash,Online
ORD-100021,9/25/2023,History Book,Books,7,425.77,0.05,50,Debit Card,Online
ORD-105212,3/24/2023,USB-C Cable,Electronics,9,270.05,0.15,67,Apple Pay,Houston
ORD-102228,2023-13-45,Data Science 101,Books,6,67.55,0.2,26,PayPal,Los Angeles
ORD-102378,11/17/2023,Perfume,Beauty,9,291.15,0.05,24,Debit Card,New York
ORD-102046,3/17/2023,Sunscreen,Beauty,3,238.45,0.1,71,Cash,New York
ORD-104950,5/23/2023,Wireless Mouse,Electronics,4,347.57,0.2,69,Cash,Chicago
ORD-109460,5/3/2023,Headphones,Electronics,5,478.64,0.1,18,Cash,Los Angeles
ORD-101296,12/16/2023,Sunscreen,Beauty,-5,344.16,0.1,40,Credit Card,Houston
ORD-108791,3/23/2023,Perfume,Beauty,8,62.22,0.05,25,,Online
ORD-100592,4/13/2023,Air Fryer,Home & Kitchen,0,412.78,0.15,22,Credit Card,New York
ORD-100222,8/17/2023,Jeans,Clothing,6,172.94,0.1,68,Apple Pay,New York
ORD-107384,1/30/2023,T-Shirt,Clothing,4,182.01,0.05,18,PayPal,Phoenix
ORD-105992,10/31/2023,Jeans,Clothing,9,486.23,0.2,60,cash,Houston
ORD-104708,1/10/2023,Wireless Mouse,Electronics,7,126.25,0.1,47,Apple Pay,Los Angeles
ORD-100859,9/15/2023,Blender,Home & Kitchen,Unknown,335.05,0.1,50,Credit Card,New York
ORD-105263,7/29/2023,Moisturizer,BEAUTY,9,392.27,0.1,42,PayPal,Houston
ORD-105153,1/17/2023,Headphones,Electronics,4,,0.2,25,Debit Card,Los Angeles
ORD-108180,7/9/2023,Headphones,Electronics,4,303.42,0.1,64,Credit Card,Online
ORD-100842,2023-13-45,Socks,Clothing,8,215.91,0.2,65,Debit Card,Online
ORD-107568,5/12/2023,Moisturizer,Beauty,7,276.51,0,56,PayPal,Houston
ORD-102816,1/6/2023,Biography,Books,4,139.91,0,48,Apple Pay,New York
ORD-107748,2/10/2023,T-Shirt,Clothing,2,79.9,0.05,37,Credit Card,New York
ORD-100995,9/13/2023,History Book,Books,5,157.07,0,150,Debit Card,Los Angeles
ORD-104574,5/6/2023,Monitor,Electronics,4,475.41,0.15,73,Debit Card,phoenix
ORD-101555,9/1/2023,Data Science 101,Books,2,312.18,0.15,39,Credit Card,Online
ORD-105799,1/18/2023,Python Guide,Books,5,206.53,0.15,21,Debit Card,Chicago
ORD-105913,7/23/2023,History Book,Books,6,-1,0,72,Debit Card,Los Angeles
ORD-108399,2/11/2023,Biography,Books,6,,0.1,20,Debit Card,Online
ORD-107693,2/2/2023,Air Fryer,Home & Kitchen,5,172.7,0.15,55,Credit Card,New York
ORD-107223,1/12/2023,Headphones,Electronics,3,54.46,0.1,N/A,Debit Card,Phoenix
ORD-103015,12/3/2023,Mug,Home & Kitchen,1,216.2,0.05,34,PayPal,Chicago
ORD-104843,10/27/2023,Biography,Books,4,155.77,0.1,64,Cash,Chicago
ORD-107458,7/22/2023,Perfume,Beauty,3,287.37,0.2,44,Apple Pay,los angeles
ORD-104844,5/20/2023,Headphones,Electronics,4,386.72,0,69,PayPal,Houston
ORD-102587,10/26/2023,Wireless Mouse,Electronics,3,359.69,0.1,57,Cash,Phoenix
ORD-100401,6/9/2023,Blender,Home & Kitchen,0,322.78,0.1,27,Cash,New York
ORD-103693,12/17/2023,Monitor,Electronics,5,425.07,0.05,58,Cash,Online
ORD-103134,7/30/2023,Headphones,Electronics,8,165.17,0,50,Debit Card,Houston
ORD-101124,7/6/2023,Mug,Home & Kitchen,7,,0,36,Credit Card,Online
ORD-102184,6/24/2023,Perfume,Beauty,9,258.97,0.1,36,Debit Card,Phoenix
ORD-108611,5/11/2023,Fiction Novel,Books,9,57.89,0.15,28,Apple Pay,Houston
ORD-103155,10/26/2023,Biography,Books,1,55.06,0.05,65,Debit Card,Chicago
ORD-100060,11/13/2023,Wireless Mouse,Electronics,1,290.57,0.1,21,Credit Card,Houston
ORD-103062,3/14/2023,USB-C Cable,Electronics,5,108.12,0.1,68,Debit Card,Phoenix
ORD-103469,5/20/2023,Biography,Books,9,443.22,0.1,34,Apple Pay,Online
ORD-100108,9/10/2023,USB-C Cable,Electronics,0,381.95,0.2,57,Credit Card,Houston
ORD-104851,11/23/2023,Python Guide,Books,9,464.98,0.1,31,Debit Card,Online
ORD-101329,1/15/2023,Monitor,Electronics,4,379.68,0.05,74,PayPal,Online
ORD-102345,12/13/2023,Mechanical Keyboard,Electronics,5,103.69,0.15,40,Apple Pay,Phoenix
ORD-108630,5/1/2023,Headphones,Electronics,8,389.12,0.2,27,Cash,Houston
ORD-103861,1/8/2023,Mechanical Keyboard,Electronics,3,499.11,0.05,52,PayPal,Houston
ORD-104194,10/18/2023,Jeans,Clothing,4,317.43,0.05,34,Cash,Phoenix
ORD-101551,7/1/2023,Air Fryer,Home & Kitchen,-5,494.62,0.05,39,Debit Card,Los Angeles
ORD-101010,1/27/2023,Perfume,Beauty,5,403.69,0.15,46,Credit Card,Online
ORD-101613,2/24/2023,T-Shirt,Clothing,7,23.58,0.05,65,Apple Pay,Phoenix
ORD-102110,2/23/2023,Jacket,Clothing,3,478.29,0.05,67,PayPal,Online
ORD-105528,9/11/2023,Shampoo,Beauty,4,11.39,0.2,45,PayPal,Chicago
ORD-100649,7/7/2023,Blender,Home & Kitchen,8,59.94,0.2,62,Debit Card,Los Angeles
ORD-100880,1/15/2023,Mechanical Keyboard,Electronics,8,477,0.2,19,Apple Pay,New York
ORD-102767,9/17/2023,Fiction Novel,Books,7,397.12,0.15,22,Debit Card,Chicago
ORD-109851,9/3/2023,Monitor,Electronics,3,480.4,0.2,51,Debit Card,Chicago
ORD-107933,5/14/2023,History Book,Books,7,78.78,0.1,999,Cash,Los Angeles
ORD-100551,1/15/2023,Blender,Home & Kitchen,2,375.67,0,22,PayPal,Phoenix
ORD-107329,9/28/2023,Blender,Home & Kitchen,7,281.72,0.15,21,Debit Card,los angeles
ORD-102589,12/2/2023,Mug,Home & Kitchen,9,362.84,0.2,38,Cash,Online
ORD-102516,9/9/2023,Data Science 101,Books,6,0,0.1,32,Cash,New York
ORD-105034,5/23/2023,Cookware Set,Home & Kitchen,6,93.81,0.05,53,Credit Card,Chicago
ORD-100212,4/28/2023,Cookware Set,Home & Kitchen,9,78.59,0.15,57,Credit Card,New York
ORD-109968,2/27/2023,Hoodie,Clothing,4,141.94,0.1,45,DEBIT CARD,Chicago
ORD-105317,5/10/2023,Perfume,Beauty,2,202.5,0,23,PayPal,Houston
ORD-108340,6/11/2023,Hoodie,Clothing,1,280.85,0.15,54,Debit Card,Phoenix
ORD-101439,10/28/2023,T-Shirt,Clothing,6,312.51,0.05,30,PayPal,Houston
ORD-109749,Invalid_Date,Perfume,Beauty,1,278.98,0.05,45,Credit Card,Online
ORD-100697,1/26/2023,Wireless Mouse,Electronics,7,74.7,,27,Credit Card,Houston
ORD-106897,7/5/2023,Jacket,Clothing,7,94.33,0,72,Cash,Los Angeles
ORD-107131,12/14/2023,Headphones,Electronics,7,336.5,0.15,30,Credit Card,Houston
ORD-101315,3/15/2023,Data Science 101,Books,5,465.05,0.1,74,Credit Card,Online
ORD-102304,8/15/2023,History Book,Books,7,374.2,0,64,Cash,Los Angeles
ORD-102407,4/17/2023,Lip Balm,Beauty,1,250.18,0.2,57,PayPal,Los Angeles
ORD-100013,1/15/2023,Python Guide,Books,6,20.5,0.15,51,Apple Pay,Chicago
ORD-102933,2/24/2023,Jeans,Clothing,4,50000,0,32,Apple Pay,Phoenix
ORD-107310,6/20/2023,Jacket,Clothing,7,141.06,0.15,67,PayPal,Phoenix
ORD-101347,6/5/2023,Blender,Home & Kitchen,6,142.95,0.2,73,Debit Card,New York
ORD-108910,1/9/2023,Jacket,Clothing,3,496.75,,45,Cash,Phoenix
ORD-100454,8/2/2023,Mechanical Keyboard,Electronics,7,331.38,0,32,Cash,Online
ORD-104630,6/16/2023,Monitor,Electronics,9,478.32,0,28,PayPal,Online
ORD-107671,1/6/2023,Blender,Home & Kitchen,6,468.74,0.05,N/A,Apple Pay,Chicago
ORD-108727,11/29/2023,Cookware Set,Home & Kitchen,3,73.72,0.05,37,Debit Card,CHICAGO
ORD-108988,7/14/2023,T-Shirt,Clothing,1,188.05,0,49,Credit Card,Phoenix
ORD-108342,11/8/2023,History Book,Books,7,305.68,0.05,59,Cash,Phoenix
ORD-100038,4/23/2023,Monitor,Electronics,8,23.26,0.05,19,Apple Pay,Phoenix
ORD-108591,11/16/2023,Moisturizer,Beauty,1,65.09,0.2,47,PayPal,New York
ORD-104792,5/9/2023,Lip Balm,Beauty,6,9999.99,0.15,48,Credit Card,Chicago
ORD-100941,10/31/2023,T-Shirt,Clothing,1,49.05,0,29,PayPal,Online
ORD-104128,11/15/2023,Monitor,Electronics,9,466.45,0.05,73,Cash,Chicago
ORD-106872,4/3/2023,Headphones,Electronics,6,478.87,0,63,Debit Card,New York
ORD-103470,9/26/2023,Wireless Mouse,Electronics,2,422.62,0.2,,Cash,Online
ORD-100539,6/25/2023,USB-C Cable,Electronics,8,447.52,0.1,54,Apple Pay,Houston
ORD-103778,5/20/2023,Data Science 101,Books,1,255.74,0.2,69,PayPal,Phoenix
ORD-107029,8/25/2023,Data Science 101,Books,9,73.42,0.2,46,Credit Card,New York
ORD-101401,1/16/2023,Monitor,electronics,2,114.06,0.1,51,Apple Pay,Los Angeles
ORD-104334,4/2/2023,Blender,Home & Kitchen,9,425.56,0.1,65,Credit Card,Chicago
ORD-107230,8/16/2023,Moisturizer,Beauty,3,490.99,0,18,Cash,Houston
ORD-107229,1/27/2023,Perfume,Beauty,-1,186.69,0.2,21,PayPal,New York
ORD-109199,3/27/2023,Shampoo,Beauty,6,289.77,,48,PayPal,Chicago
ORD-103306,3/23/2023,Mug,Home & Kitchen,6,219.12,0.05,51,Cash,Houston
ORD-104048,8/6/2023,Shampoo,beauty,2,490.29,0.2,64,Cash,Online
ORD-109554,9/6/2023,Fiction Novel,Books,4,183.66,0.1,33,Apple Pay,Online
ORD-105265,12/4/2023,Cookware Set,Home & Kitchen,6,6.57,0.2,41,Debit Card,New York
ORD-103144,12/19/2023,Monitor,Electronics,4,358.77,0.2,33,Apple Pay,Online
ORD-107093,8/28/2023,Lip Balm,Beauty,8,388.13,0,71,paypal,New York
ORD-103464,1/7/2023,Air Fryer,Home & Kitchen,7,50000,0,71,PayPal,New York
ORD-106663,8/5/2023,Blender,Home & Kitchen,4,401.66,0.15,72,Cash,Los Angeles
ORD-109323,2/8/2023,Blender,Home & Kitchen,5,131.09,0.05,55,Cash,Los Angeles
ORD-105004,4/6/2023,Coffee Maker,Home & Kitchen,1,167.74,0.2,74,Debit Card,Houston
ORD-101740,6/28/2023,Shampoo,Beauty,7,454.66,0,23,Apple Pay,Chicago
ORD-109106,1/5/2023,Jeans,Clothing,9,50000,0.2,32,PayPal,Los Angeles
ORD-106341,7/2/2023,Cookware Set,Home & Kitchen,1,0,0.2,59,Cash,Houston
ORD-109081,1/5/2023,Sunscreen,Beauty,1,41.1,0.15,41,Apple Pay,Chicago
ORD-102883,6/10/2023,Biography,Books,3,50000,0,70,Cash,Phoenix
ORD-107094,7/8/2023,Shampoo,Beauty,9,197.73,0.05,44,Credit Card,Los Angeles
ORD-106058,3/21/2023,Cookware Set,Home & Kitchen,7,193.23,0.05,999,Cash,Phoenix
ORD-103033,2023-13-45,Lip Balm,Beauty,8,362.32,0.2,60,Credit Card,New York
ORD-101564,5/26/2023,Lip Balm,Beauty,3,32.68,0,25,Credit Card,Los Angeles
ORD-109040,1/30/2023,Coffee Maker,Home & Kitchen,2,281.78,0.1,42,Debit Card,Houston
ORD-107031,7/2/2023,Cookware Set,Home & Kitchen,3,50000,0,70,Debit Card,Houston
ORD-107796,8/24/2023,Jeans,Clothing,5,10.98,0.15,62,PayPal,Los Angeles
ORD-105400,4/10/2023,T-Shirt,Clothing,7,314.37,0.05,46,Credit Card,Online
ORD-106115,5/1/2023,Perfume,Beauty,1,171.76,0.2,22,PayPal,Chicago
ORD-108175,11/4/2023,Headphones,Electronics,1,25.65,0.05,65,Credit Card,New York
ORD-109214,2023-13-45,USB-C Cable,Electronics,7,7.72,0,73,Credit Card,New York
ORD-109549,11/5/2023,T-Shirt,Clothing,7,313.21,0,70,Apple Pay,Houston
ORD-108004,1/6/2023,Lip Balm,Beauty,5,263.47,0.2,24,Credit Card,HOUSTON
ORD-104683,10/4/2023,USB-C Cable,Electronics,7,35.9,0.15,20,apple pay,New York
ORD-107551,12/3/2023,Sunscreen,Beauty,7,202.44,0.15,69,PayPal,Los Angeles
ORD-106751,2/15/2023,Moisturizer,Beauty,4,496.48,0,28,Credit Card,PHOENIX
ORD-103461,3/19/2023,Mechanical Keyboard,Electronics,3,262.27,0.15,65,Cash,Phoenix
ORD-108938,9/25/2023,Fiction Novel,Books,1,9999.99,0,73,Debit Card,Online
ORD-102827,6/21/2023,Air Fryer,Home & Kitchen,1,237.29,0.1,39,Apple Pay,New York
ORD-109489,8/9/2023,Monitor,Electronics,5,217.28,0,58,Debit Card,Chicago
ORD-100834,5/20/2023,Python Guide,Books,9,402.75,0.05,49,PayPal,Phoenix
ORD-106935,1/24/2023,Wireless Mouse,Electronics,1,131.28,0.15,73,PayPal,Phoenix
ORD-109052,4/12/2023,Python Guide,Books,5,252.98,0.2,55,Debit Card,Los Angeles
ORD-109861,12/21/2023,Air Fryer,Home & Kitchen,8,182.15,0.2,33,Apple Pay,Phoenix
ORD-102665,Invalid_Date,Fiction Novel,Books,8,130.31,0.05,66,PayPal,New York
ORD-105378,12/3/2023,T-Shirt,Clothing,9,179.41,0.05,40,Cash,Phoenix
ORD-104404,Invalid_Date,Coffee Maker,Home & Kitchen,7,378.78,0.05,19,Cash,Online
ORD-103405,6/24/2023,Data Science 101,Books,9,378.57,0.2,29,Cash,Los Angeles
ORD-103316,8/29/2023,Python Guide,Books,8,338.85,0.05,67,cash,New York
ORD-107676,11/11/2023,Moisturizer,Beauty,2,232.21,0,69,Cash,Houston
ORD-105701,11/25/2023,Blender,Home & Kitchen,7,230.94,0.05,62,PayPal,Houston
ORD-102674,7/20/2023,T-Shirt,Clothing,4,50000,0,20,Debit Card,Online
ORD-109313,9/24/2023,Blender,Home & Kitchen,6,19.16,0.05,40,Apple Pay,Phoenix
ORD-102596,5/3/2023,History Book,Books,8,430.95,0.1,23,Apple Pay,New York
ORD-107656,8/6/2023,Cookware Set,Home & Kitchen,1,152.6,0.05,51,Debit Card,Houston
ORD-106179,8/30/2023,Perfume,Beauty,7,44.24,0,200,Apple Pay,Los Angeles
ORD-101198,3/23/2023,Perfume,Beauty,4,258.63,0.1,60,Credit Card,Chicago
ORD-107851,12/15/2023,Air Fryer,Home & Kitchen,9,181.19,0.1,28,Credit Card,Chicago
ORD-104238,8/14/2023,Python Guide,Books,6,190.05,0.2,32,Cash,Phoenix
ORD-106766,8/25/2023,Socks,Clothing,5,,0.05,46,Debit Card,New York
ORD-101430,8/8/2023,Blender,Home & Kitchen,3,133.9,0.2,22,Cash,Online
ORD-106502,10/28/2023,Hoodie,Clothing,1,268.53,0.1,34,Cash,Houston
ORD-109113,9/11/2023,Data Science 101,Books,6,257.67,0.15,43,Debit Card,Online
ORD-101154,10/25/2023,Data Science 101,Books,5,5.46,0.2,53,Cash,Los Angeles
ORD-106721,1/30/2023,Jeans,Clothing,7,449.22,0.15,56,Cash,Houston
ORD-109031,2/8/2023,Jacket,Clothing,7,123.03,0.05,25,Credit Card,New York
ORD-107195,1/24/2023,Air Fryer,Home & Kitchen,8,247,0.2,22,Cash,Houston
ORD-108763,3/19/2023,Biography,Books,3,355.06,0.15,71,Cash,Phoenix
ORD-103834,2023-13-45,Data Science 101,Books,2,475.7,0,25,Cash,Los Angeles
ORD-100965,7/10/2023,Data Science 101,Books,-1,130.16,0.05,71,Debit Card,Online
ORD-107069,9/10/2023,History Book,books,7,263.03,0,25,PayPal,New York
ORD-109067,10/23/2023,Socks,clothing,8,220.05,0.15,24,Apple Pay,Phoenix
ORD-109744,3/4/2023,Mechanical Keyboard,Electronics,4,488.73,0.1,28,Cash,Online
ORD-106730,3/25/2023,Monitor,Electronics,5,75.64,0.15,,Debit Card,New York
ORD-101484,6/19/2023,Hoodie,Clothing,3,261.42,0.2,0,Apple Pay,Houston
ORD-102466,9/19/2023,Blender,Home & Kitchen,8,106.22,0.15,53,Apple Pay,Los Angeles
ORD-106388,10/10/2023,Jacket,Clothing,1,482.47,0.05,21,CREDIT CARD,New York
ORD-109308,5/28/2023,Moisturizer,Beauty,9,434.5,0.05,26,Debit Card,Los Angeles
ORD-101427,8/20/2023,Perfume,Beauty,5,33.22,0.2,33,,Chicago
ORD-104130,5/20/2023,Blender,Home & Kitchen,5,349.46,0.05,57,Debit Card,Online
ORD-102179,9/12/2023,Headphones,Electronics,9,196.94,0.05,63,Debit Card,Houston
ORD-105988,12/4/2023,History Book,Books,4,476.96,0.2,-1,Apple Pay,Online
ORD-105951,1/12/2023,T-Shirt,Clothing,3,409.37,0,47,PayPal,New York
ORD-101058,12/6/2023,History Book,Books,1,204.34,0.2,65,Credit Card,Phoenix
ORD-104475,3/24/2023,Hoodie,Clothing,2,428.06,0.15,44,Cash,Los Angeles
ORD-104504,9/23/2023,T-Shirt,Clothing,3,177.99,0.15,73,Apple Pay,Houston
ORD-106570,1/9/2023,Sunscreen,Beauty,8,151.64,0,34,Apple Pay,Los Angeles
ORD-108238,5/20/2023,T-Shirt,Clothing,8,84.38,0.2,51,Credit Card,Chicago
ORD-103128,1/25/2023,Perfume,Beauty,7,485.18,0.2,19,Debit Card,Online
ORD-108275,8/11/2023,Monitor,Electronics,4,305.09,0.1,50,apple pay,New York
ORD-101545,8/25/2023,Sunscreen,Beauty,2,293.8,0.05,74,Debit Card,Houston
ORD-103603,6/28/2023,Monitor,Electronics,4,136.9,0.2,30,Credit Card,Online
ORD-106707,10/5/2023,Monitor,Electronics,1,69.23,0,66,Debit Card,Online
ORD-103724,3/10/2023,Monitor,Electronics,9,288.96,0,18,Apple Pay,New York
ORD-100725,7/12/2023,Sunscreen,Beauty,9,24.27,0,39,Apple Pay,Phoenix
ORD-104930,11/9/2023,Jacket,CLOTHING,7,259.38,0.05,57,Credit Card,Phoenix
ORD-105857,3/16/2023,Biography,Books,5,200.62,0.05,67,Cash,Phoenix
ORD-101128,8/2/2023,Lip Balm,Beauty,8,83.57,0.2,43,Apple Pay,Los Angeles
ORD-104217,10/24/2023,Wireless Mouse,Electronics,8,300.88,0,73,Debit Card,Phoenix
ORD-105507,9/15/2023,Biography,Books,4,319.97,0.1,24,,Houston
ORD-105139,3/30/2023,Data Science 101,Books,2,456.22,0.2,39,Credit Card,New York
ORD-103397,11/16/2023,Monitor,Electronics,4,438.96,0.2,19,Credit Card,Online
ORD-106381,1/24/2023,Perfume,Beauty,2,36.68,0.15,46,Cash,Online
ORD-108406,4/8/2023,History Book,Books,9,50000,0,63,Credit Card,Los Angeles
ORD-105633,2/21/2023,Blender,Home & Kitchen,5,47.09,0.15,48,Apple Pay,Chicago
ORD-101562,11/2/2023,Moisturizer,Beauty,6,249.27,0.2,22,CASH,Los Angeles
ORD-107435,5/20/2023,Biography,Books,7,288.72,0.05,40,Cash,Los Angeles
ORD-104950,5/23/2023,Wireless Mouse,Electronics,4,347.57,0.2,69,Cash,Chicago
ORD-106180,11/7/2023,Jacket,Clothing,3,62.04,0.05,25,PayPal,Phoenix
ORD-105152,10/2/2023,Biography,Books,1,77.12,0.1,59,PayPal,Chicago
ORD-105858,3/25/2023,Biography,Books,7,199.64,0.15,28,Credit Card,New York
ORD-104820,2/18/2023,USB-C Cable,Electronics,2,37.17,0.1,52,PayPal,Los Angeles
ORD-104490,1/31/2023,Mug,Home & Kitchen,6,-5,0.1,25,Apple Pay,Houston
ORD-106500,6/21/2023,History Book,Books,8,9999.99,0,21,PayPal,Los Angeles
ORD-102679,2/10/2023,Data Science 101,Books,6,262.97,0,69,CASH,Los Angeles
ORD-102875,1/18/2023,Wireless Mouse,Electronics,8,83.02,0.1,44,PayPal,Online
ORD-107936,7/14/2023,Wireless Mouse,Electronics,7,197.88,0,53,Cash,New York
ORD-106614,1/6/2023,Biography,Books,4,235.38,0.15,40,PayPal,Chicago
ORD-106473,11/2/2023,Monitor,Electronics,8,473.91,0.1,N/A,Cash,Los Angeles
ORD-108531,1/28/2023,Blender,Home & Kitchen,8,444.71,0.05,60,Debit Card,Chicago
ORD-108491,6/4/2023,USB-C Cable,Electronics,1,211.18,0.2,61,Debit Card,Phoenix
ORD-108029,9/9/2023,Data Science 101,Books,2,228.11,0.05,48,Credit Card,Phoenix
ORD-101393,3/16/2023,Air Fryer,Home & Kitchen,3,30.33,0.2,24,Apple Pay,Online
ORD-100753,3/17/2023,Lip Balm,Beauty,1,N/A,0.2,72,Credit Card,New York
ORD-109899,4/28/2023,Sunscreen,Beauty,7,118.9,0.1,72,Cash,Online
ORD-103296,7/13/2023,Perfume,Beauty,6,180.99,0,74,Debit Card,New York
ORD-105984,9/24/2023,Hoodie,Clothing,7,466.85,0.2,49,PayPal,Phoenix
ORD-103425,12/26/2023,History Book,Books,8,329.92,0.1,21,Debit Card,New York
ORD-100018,5/9/2023,Air Fryer,Home & Kitchen,7,214.58,0.15,-1,PayPal,Online
ORD-101771,2/2/2023,Headphones,Electronics,2,256.8,0,63,Credit Card,New York
ORD-101889,8/7/2023,Lip Balm,Beauty,4,228.1,0,39,Credit Card,Houston
ORD-101643,3/23/2023,Socks,Clothing,8,298.28,0.2,68,PayPal,Online
ORD-100133,6/14/2023,Blender,Home & Kitchen,N/A,385.65,0.05,27,PayPal,Los Angeles
ORD-106888,9/24/2023,T-Shirt,Clothing,8,286.2,0.2,62,Apple Pay,New York
ORD-105268,11/18/2023,Mug,Home & Kitchen,-1,149.13,0.2,21,Cash,Houston
ORD-103465,7/6/2023,Mug,Home & Kitchen,4,345.45,0.15,51,Apple Pay,Houston
ORD-108262,6/21/2023,Wireless Mouse,Electronics,9,9.63,0.1,21,Credit Card,Chicago
ORD-101096,1/15/2023,Wireless Mouse,Electronics,7,451.69,0.2,50,Credit Card,Houston
ORD-103533,6/8/2023,USB-C Cable,Electronics,5,35.62,0.05,40,Cash,Online
ORD-104216,11/19/2023,Moisturizer,Beauty,5,408.31,0.15,68,Debit Card,New York
ORD-100528,8/2/2023,History Book,Books,4,379.59,0.2,32,Cash,Los Angeles
ORD-104368,4/17/2023,USB-C Cable,Electronics,8,307.81,0,32,Credit Card,Chicago
ORD-102003,4/17/2023,Biography,Books,3,108.97,0.05,64,Credit Card,NEW YORK
ORD-107952,9/14/2023,History Book,Books,3,50000,0,68,Cash,Phoenix
ORD-100169,8/11/2023,T-Shirt,Clothing,8,350,0.05,150,Apple Pay,Los Angeles
ORD-109928,11/20/2023,Fiction Novel,Books,6,50000,0.2,18,Cash,Online
ORD-101920,1/11/2023,USB-C Cable,Electronics,7,199.33,0,55,Credit Card,Los Angeles
ORD-100702,8/14/2023,Hoodie,Clothing,6,210.74,,38,Cash,Chicago
ORD-107324,2023-13-45,Perfume,Beauty,7,294.74,0.2,62,Cash,Chicago
ORD-103571,8/10/2023,Fiction Novel,Books,8,486.22,0.05,59,Credit Card,Los Angeles
ORD-103003,8/26/2023,Blender,Home & Kitchen,5,69.66,0.05,47,Apple Pay,Chicago
ORD-104467,3/22/2023,Data Science 101,Books,9,187.61,0.1,62,Cash,Los Angeles
ORD-108449,7/18/2023,Perfume,Beauty,6,349.1,0.2,23,cash,Phoenix
ORD-105327,1/15/2023,History Book,Books,5,429.8,0,71,Cash,New York
ORD-100773,8/7/2023,History Book,Books,9,370.25,0,29,Credit Card,Online
ORD-101299,10/12/2023,Headphones,Electronics,6,128.62,0.1,43,Cash,Los Angeles
ORD-102649,5/16/2023,Moisturizer,Beauty,6,486.56,0.1,24,Credit Card,Phoenix
ORD-101353,12/3/2023,Jeans,Clothing,1,455.25,0.2,19,Apple Pay,Chicago
ORD-103384,11/25/2023,Air Fryer,Home & Kitchen,5,127.62,0,26,PayPal,New York
ORD-107875,2/17/2023,Hoodie,Clothing,5,492.91,0.1,19,Apple Pay,Phoenix
ORD-101288,2/1/2023,Moisturizer,Beauty,9,385.53,0.05,43,Apple Pay,Los Angeles
ORD-106164,9/18/2023,Python Guide,Books,8,114.06,0,20,Debit Card,Los Angeles
ORD-106803,3/7/2023,Data Science 101,Books,4,13.76,0.15,37,Apple Pay,Chicago
ORD-103521,1/8/2023,Cookware Set,Home & Kitchen,6,329.02,0.2,59,Cash,New York
ORD-104314,6/30/2023,Cookware Set,Home & Kitchen,6,58.85,0.15,22,Debit Card,Los Angeles
ORD-102014,5/22/2023,Jeans,Clothing,5,387.4,0.15,22,Credit Card,New York
ORD-109240,5/8/2023,Jacket,Clothing,3,64.01,0.05,48,Apple Pay,Houston
ORD-103964,10/11/2023,Perfume,Beauty,7,450.18,0.15,58,APPLE PAY,Online
ORD-108588,2/6/2023,Perfume,Beauty,2,31.7,0.2,55,Apple Pay,Phoenix
ORD-106342,6/22/2023,T-Shirt,Clothing,3,461.39,0.1,30,Credit Card,New York
ORD-108805,3/8/2023,Jeans,Clothing,8,336.28,0.2,36,Debit Card,Los Angeles
ORD-102148,5/16/2023,Mechanical Keyboard,Electronics,1,284.71,0,33,PayPal,New York
ORD-109086,4/29/2023,Shampoo,Beauty,9,224.74,0.15,73,Debit Card,Chicago
ORD-107143,9/25/2023,Shampoo,Beauty,1,430.64,0,18,,Houston
ORD-109435,10/4/2023,Monitor,Electronics,8,481.61,0.2,68,Apple Pay,Houston
ORD-100450,2/11/2023,Wireless Mouse,Electronics,3,191.06,0.2,59,Credit Card,Chicago
ORD-102517,7/24/2023,Monitor,Electronics,2,155.79,0.2,66,Credit Card,Online
ORD-105390,9/28/2023,Sunscreen,Beauty,3,11.35,0.1,66,Credit Card,Online
ORD-108847,9/5/2023,Headphones,Electronics,1,225.62,0.1,71,Debit Card,Houston
ORD-100811,11/7/2023,Air Fryer,Home & Kitchen,8,395.7,0.2,53,Apple Pay,Chicago
ORD-105796,12/25/2023,Fiction Novel,Books,5,61.07,0.05,50,Apple Pay,Houston
ORD-106927,2/24/2023,Cookware Set,Home & Kitchen,6,382.56,0,34,Apple Pay,Houston
ORD-108780,7/16/2023,History Book,Books,8,41.93,0.2,27,PayPal,New York
ORD-105334,7/17/2023,Jeans,Clothing,1,35.25,0.1,59,Debit Card,Chicago
ORD-107477,2/8/2023,Headphones,Electronics,3,256.28,0.05,51,Debit Card,Los Angeles
ORD-108081,12/12/2023,Biography,Books,6,131.28,0.2,200,Debit Card,Online
ORD-109724,4/9/2023,Lip Balm,Beauty,9,100.23,0.05,150,Credit Card,Los Angeles
ORD-106562,11/20/2023,Headphones,Electronics,1,134.37,0,44,Apple Pay,Houston
ORD-101478,1/11/2023,Fiction Novel,Books,1,,0.05,43,Credit Card,Phoenix
ORD-101791,12/12/2023,Python Guide,Books,9,471.94,0.15,33,Apple Pay,Los Angeles
ORD-106246,11/19/2023,Jeans,Clothing,2,305.68,0,999,Cash,New York
ORD-102009,2023-13-45,Lip Balm,Beauty,7,48.35,0.1,20,Debit Card,Online
ORD-100683,4/21/2023,Headphones,Electronics,3,248.97,0,29,Credit Card,New York
ORD-103188,4/25/2023,Python Guide,Books,8,211.76,0.2,37,Credit Card,New York
ORD-106889,3/3/2023,Hoodie,Clothing,6,494.68,,65,Cash,Houston
ORD-105000,2/22/2023,Moisturizer,Beauty,7,245.86,0,72,Cash,Online
ORD-100058,1/22/2023,Wireless Mouse,Electronics,1,273.56,0.2,68,Cash,Chicago
ORD-102376,2/12/2023,Fiction Novel,Books,8,249.05,0.1,63,Apple Pay,New York
ORD-106221,1/23/2023,History Book,Books,9,124.53,0.2,43,Debit Card,Phoenix
ORD-102681,10/4/2023,Fiction Novel,Books,6,100.04,0.1,73,Apple Pay,Los Angeles
ORD-103740,11/30/2023,USB-C Cable,Electronics,7,256.24,0.2,19,PayPal,Phoenix
ORD-100047,5/31/2023,Hoodie,Clothing,1,339.47,0.05,52,PayPal,Online
ORD-100031,11/27/2023,Jeans,Clothing,4,446.82,0.05,72,Cash,Phoenix
ORD-108324,5/23/2023,Perfume,Beauty,5,186.86,0.1,19,Debit Card,Phoenix
ORD-104958,1/12/2023,Perfume,Beauty,8,26.64,0.1,55,PayPal,Phoenix
ORD-101469,1/30/2023,Sunscreen,Beauty,1,153.21,0.05,29,Credit Card,Los Angeles
ORD-101666,5/29/2023,Blender,Home & Kitchen,4,410.28,0.2,71,Debit Card,Los Angeles
ORD-101417,7/8/2023,Fiction Novel,Books,5,180.87,0.2,62,Apple Pay,Los Angeles
ORD-103017,1/9/2023,Python Guide,Books,4,5.08,0,50,Apple Pay,Los Angeles
ORD-109337,12/24/2023,Jeans,Clothing,5,9999.99,0,43,Apple Pay,Chicago
ORD-108895,9/30/2023,Lip Balm,Beauty,1,386.07,0,55,PayPal,Houston
ORD-107717,4/27/2023,Mechanical Keyboard,Electronics,4,15,0.1,62,Credit Card,Houston
ORD-103072,8/11/2023,Sunscreen,Beauty,1,372.65,0.2,35,Cash,Chicago
ORD-100430,11/6/2023,Hoodie,Clothing,1,305.1,0.2,69,Cash,Los Angeles
ORD-105602,1/27/2023,Biography,BOOKS,5,16.87,0,53,Apple Pay,Los Angeles
ORD-109524,9/11/2023,Jacket,Clothing,1,484.97,0.1,71,Credit Card,Houston
ORD-100386,11/30/2023,Monitor,Electronics,6,101.31,0.2,21,Apple Pay,Houston
ORD-101946,10/20/2023,Cookware Set,Home & Kitchen,5,-5,0.2,30,Credit Card,Online
ORD-107800,11/29/2023,T-Shirt,Clothing,9,50000,0.1,34,PayPal,Chicago
ORD-103429,10/24/2023,T-Shirt,Clothing,2,469.37,0.05,45,Apple Pay,Phoenix
ORD-100474,8/1/2023,Jacket,Clothing,2,58.43,0.15,44,Debit Card,New York
ORD-102408,2/23/2023,Fiction Novel,Books,5,52.05,0.15,34,Apple Pay,Chicago
ORD-109200,10/20/2023,Coffee Maker,Home & Kitchen,1,,0.1,27,Cash,New York
ORD-107444,8/9/2023,Moisturizer,Beauty,7,87.38,0.2,35,PayPal,Los Angeles
ORD-107345,10/9/2023,Hoodie,Clothing,8,496.15,0.15,55,Credit Card,New York
ORD-107458,7/22/2023,Perfume,Beauty,3,287.37,0.2,44,Apple Pay,los angeles
ORD-101056,4/9/2023,Blender,home & kitchen,6,437.44,0.15,63,Credit Card,Online
ORD-108161,6/11/2023,USB-C Cable,Electronics,5,173.05,0,68,Cash,Houston
ORD-103680,2/10/2023,Blender,Home & Kitchen,9,422.26,,69,PayPal,Houston
ORD-103527,3/31/2023,Jeans,Clothing,8,419.88,,19,Credit Card,Houston
ORD-109550,5/31/2023,Air Fryer,Home & Kitchen,8,0,0.05,18,PayPal,Online
ORD-106203,3/5/2023,Data Science 101,Books,8,407.54,0.1,29,Apple Pay,New York
ORD-105203,1/12/2023,Monitor,Electronics,5,387.54,0.15,74,PayPal,Online
ORD-100812,10/22/2023,Sunscreen,Beauty,1,255.29,0,66,PayPal,Houston
ORD-109656,11/7/2023,Headphones,Electronics,2,322.04,0.2,-5,Cash,Los Angeles
ORD-106174,9/22/2023,Mechanical Keyboard,Electronics,3,7.82,0,33,Debit Card,Los Angeles
ORD-106844,10/26/2023,Mug,Home & Kitchen,1,153.63,0.2,200,Apple Pay,Houston
ORD-104793,8/19/2023,Blender,Home & Kitchen,2,291.02,0.15,36,Apple Pay,Houston
ORD-107056,3/24/2023,Perfume,Beauty,5,-1,0.2,46,Credit Card,Chicago
ORD-100112,9/9/2023,Monitor,Electronics,4,178.36,0.1,61,Debit Card,Online
ORD-109174,9/8/2023,Blender,Home & Kitchen,3,499.95,0.2,21,Debit Card,Houston
ORD-107663,10/29/2023,Monitor,Electronics,0,136.93,0,53,Apple Pay,Chicago
ORD-101746,11/11/2023,Air Fryer,Home & Kitchen,6,167.66,0,65,Debit Card,New York
ORD-102393,1/6/2023,Headphones,Electronics,6,,0.05,31,Credit Card,Chicago
ORD-101453,10/27/2023,Data Science 101,Books,2,340.18,0.2,71,Debit Card,Phoenix
ORD-102150,Invalid_Date,History Book,Books,7,459.42,0,52,Credit Card,Houston
ORD-100320,10/1/2023,Perfume,Beauty,1,50000,0.05,63,Debit Card,New York
ORD-105248,12/6/2023,Shampoo,Beauty,6,170.76,0,45,Cash,New York
ORD-103081,3/7/2023,Mechanical Keyboard,Electronics,4,162.29,0,55,Credit Card,New York
ORD-101923,10/2/2023,Coffee Maker,Home & Kitchen,4,368.46,0.2,39,Debit Card,New York
ORD-106253,3/13/2023,Wireless Mouse,Electronics,1,420.96,0,19,Apple Pay,Chicago
ORD-108038,9/6/2023,Biography,Books,1,330.67,0.1,68,Credit Card,New York
ORD-106055,2/9/2023,T-Shirt,Clothing,1,-5,0.05,19,Debit Card,Houston
ORD-107370,12/1/2023,Mug,Home & Kitchen,6,166.83,0.15,59,Credit Card,New York
ORD-107426,12/18/2023,Cookware Set,Home & Kitchen,4,206.28,0.1,27,Cash,Chicago
ORD-102130,2/11/2023,Data Science 101,Books,2,197.13,0.1,44,Cash,Online
ORD-106898,12/19/2023,T-Shirt,Clothing,6,205.82,0.05,33,PayPal,Phoenix
ORD-107539,10/22/2023,History Book,Books,4,420.88,0.1,52,Apple Pay,NEW YORK
ORD-108497,7/16/2023,Socks,Clothing,5,476.23,0,51,Apple Pay,Los Angeles
ORD-109678,11/20/2023,Cookware Set,Home & Kitchen,7,361.8,0,43,Cash,Phoenix
ORD-107961,4/11/2023,Coffee Maker,Home & Kitchen,-1,388.87,0.05,24,Credit Card,Houston
ORD-104095,6/3/2023,Data Science 101,Books,8,70.89,0,74,PayPal,Houston
ORD-101053,11/21/2023,Air Fryer,Home & Kitchen,6,334.8,0.15,44,Debit Card,Online
ORD-109270,1/28/2023,Sunscreen,Beauty,5,392.58,0.2,44,Debit Card,Chicago
ORD-108356,3/21/2023,Mug,Home & Kitchen,8,91.64,0.1,56,Apple Pay,New York
ORD-100100,3/3/2023,Mug,Home & Kitchen,9,191.98,0.15,65,Apple Pay,Los Angeles
ORD-106832,12/4/2023,T-Shirt,Clothing,3,456.33,0.1,57,Debit Card,ONLINE
ORD-101457,3/23/2023,Mug,Home & Kitchen,3,429.26,0.15,29,Cash,Los Angeles
ORD-100362,10/12/2023,Moisturizer,Beauty,2,164.95,0,56,Cash,Phoenix
ORD-100813,1/6/2023,Monitor,Electronics,5,452.26,0.1,62,PayPal,Online
ORD-101093,9/3/2023,Monitor,Electronics,6,310.88,0.2,29,Credit Card,Houston
ORD-105492,2023-13-45,Headphones,Electronics,1,499.09,0.15,33,Apple Pay,Chicago
ORD-103750,11/11/2023,Fiction Novel,Books,6,310.37,0.15,35,Credit Card,Houston
ORD-107966,1/20/2023,Fiction Novel,Books,9,389.42,0.05,73,Cash,New York
ORD-107665,7/17/2023,Moisturizer,Beauty,1,144.65,0.2,74,Credit Card,Los Angeles
ORD-107164,1/27/2023,USB-C Cable,Electronics,4,438.71,0.05,33,Credit Card,Houston
ORD-105273,2/18/2023,Coffee Maker,Home & Kitchen,8,495.24,0.1,27,Cash,LOS ANGELES
ORD-105385,2/28/2023,Blender,Home & Kitchen,4,271.06,0.05,25,Debit Card,chicago
ORD-101415,7/8/2023,Biography,Books,2,237.17,0.05,67,Credit Card,Online
ORD-100541,10/29/2023,Wireless Mouse,Electronics,9,50000,0,62,Debit Card,Houston
ORD-106202,7/29/2023,Socks,Clothing,4,373.93,0.2,53,Cash,Los Angeles
ORD-104276,2/27/2023,History Book,Books,1,257.28,0.1,72,Cash,Los Angeles
ORD-101147,1/10/2023,Lip Balm,Beauty,7,362.92,0,69,Cash,Online
ORD-107238,6/30/2023,History Book,Books,4,324.55,0.2,19,Apple Pay,Los Angeles
ORD-100755,5/20/2023,Sunscreen,Beauty,4,195.26,0.1,69,Apple Pay,Online
ORD-109682,11/30/2023,Sunscreen,Beauty,7,382.47,0,52,Debit Card,Houston
ORD-102997,10/2/2023,Biography,Books,6,61.82,0.1,46,Apple Pay,New York
ORD-106188,12/27/2023,Sunscreen,Beauty,2,222.55,0.05,52,PayPal,Phoenix
ORD-109802,3/31/2023,Python Guide,Books,7,488.06,0.2,73,Credit Card,Phoenix
ORD-107462,Invalid_Date,Coffee Maker,Home & Kitchen,4,240.34,0.1,63,Apple Pay,Chicago
ORD-103352,6/29/2023,Fiction Novel,Books,6,245.74,0,36,Credit Card,Chicago
ORD-104247,6/22/2023,Air Fryer,Home & Kitchen,9,439.08,0.1,68,PayPal,Chicago
ORD-103167,7/17/2023,Blender,Home & Kitchen,6,391.82,0.05,71,PayPal,Houston
ORD-105475,10/29/2023,Cookware Set,Home & Kitchen,4,152.08,0,42,PayPal,Phoenix
ORD-105419,8/9/2023,Mechanical Keyboard,Electronics,1,474.39,0.2,70,Apple Pay,Chicago
ORD-108732,10/6/2023,Data Science 101,Books,-1,444.98,0,27,Credit Card,Online
ORD-105754,2023-13-45,Headphones,Electronics,7,49.18,0.05,46,Debit Card,Los Angeles
ORD-102639,3/27/2023,T-Shirt,Clothing,2,138.29,0.1,35,Credit Card,Houston
ORD-104685,4/2/2023,Socks,Clothing,4,403.84,0.2,25,PayPal,Online
ORD-107218,4/15/2023,Coffee Maker,Home & Kitchen,3,431.54,0,29,PayPal,Los Angeles
ORD-100602,8/23/2023,T-Shirt,Clothing,9,213.91,0,72,,Chicago
ORD-108485,5/30/2023,Biography,Books,1,143.46,0.15,45,PayPal,New York
ORD-109913,8/18/2023,Jacket,Clothing,5,464.3,0.15,61,Credit Card,Houston
ORD-104602,10/20/2023,Monitor,Electronics,8,61.64,0.2,30,Debit Card,Phoenix
ORD-103935,11/5/2023,Coffee Maker,Home & Kitchen,3,396.08,0.15,67,Credit Card,Los Angeles
ORD-106727,8/27/2023,Hoodie,Clothing,7,9.21,0.15,65,CASH,Los Angeles
ORD-108929,1/23/2023,Lip Balm,Beauty,7,370.92,0,25,Credit Card,Los Angeles
ORD-105036,3/30/2023,Jacket,Clothing,2,366.77,,68,Apple Pay,Los Angeles
ORD-101045,4/14/2023,Mug,Home & Kitchen,5,332.61,0.1,31,Debit Card,Online
ORD-108856,7/1/2023,Coffee Maker,Home & Kitchen,9,338.04,,19,PayPal,Los Angeles
ORD-101558,2/19/2023,Socks,Clothing,5,379.49,0.05,52,Debit Card,Phoenix
ORD-107710,2/20/2023,Jacket,Clothing,9,459.5,0.2,32,Debit Card,Phoenix
ORD-104003,5/20/2023,Headphones,Electronics,1,440.19,0,69,Credit Card,Chicago
ORD-100181,10/23/2023,Coffee Maker,Home & Kitchen,3,37.92,0.15,46,,Houston
ORD-108258,8/4/2023,Fiction Novel,Books,7,24.7,0,54,Cash,Los Angeles
ORD-102116,10/7/2023,Jacket,Clothing,7,96.4,0,63,PayPal,New York
ORD-101700,8/19/2023,USB-C Cable,Electronics,2,155.74,0.15,150,PayPal,Chicago
ORD-101380,8/7/2023,T-Shirt,Clothing,6,381.36,0.2,36,PayPal,Chicago
ORD-109895,12/26/2023,Sunscreen,Beauty,1,79.26,0,42,Credit Card,Phoenix
ORD-109453,6/23/2023,Coffee Maker,Home & Kitchen,7,155.2,0.2,60,Apple Pay,Houston
ORD-107702,5/20/2023,Cookware Set,Home & Kitchen,9,,0.15,68,Apple Pay,New York
ORD-106439,12/27/2023,Socks,Clothing,5,101.34,0.1,19,Debit Card,Los Angeles
ORD-100619,3/18/2023,Coffee Maker,Home & Kitchen,N/A,492.09,0.1,64,Apple Pay,New York
ORD-102949,7/10/2023,Mug,Home & Kitchen,7,278.13,0,53,Apple Pay,Chicago
ORD-106831,6/25/2023,Hoodie,Clothing,5,332.11,0.15,41,Credit Card,Chicago
ORD-101601,8/24/2023,Jeans,Clothing,2,265.34,0,50,PayPal,Los Angeles
ORD-106356,4/9/2023,Sunscreen,Beauty,3,477.66,0.2,74,Cash,New York
ORD-101616,2023-13-45,Mug,Home & Kitchen,2,237.55,0.05,45,Apple Pay,Phoenix
ORD-106309,4/19/2023,Mechanical Keyboard,Electronics,4,222.84,0.15,21,PayPal,Online
ORD-100439,9/30/2023,Coffee Maker,Home & Kitchen,4,50000,0.2,56,Cash,Chicago
ORD-107580,6/22/2023,Fiction Novel,Books,3,285.13,0,59,Cash,Phoenix
ORD-102084,10/20/2023,Data Science 101,books,6,200.52,0.05,43,Cash,Los Angeles
ORD-103435,9/14/2023,Data Science 101,Books,6,437.54,,47,Debit Card,Los Angeles
ORD-103488,9/11/2023,Wireless Mouse,Electronics,2,77.2,0.15,18,Apple Pay,Houston
ORD-108009,7/15/2023,Socks,Clothing,6,205.71,0.05,53,Credit Card,Los Angeles
ORD-109566,9/10/2023,Cookware Set,Home & Kitchen,3,361.83,0.1,37,Apple Pay,los angeles
ORD-105236,9/17/2023,T-Shirt,Clothing,6,415.95,0.15,25,Credit Card,Houston
ORD-107260,3/14/2023,Hoodie,Clothing,-1,339.37,0.15,48,Credit Card,Chicago
ORD-105505,9/7/2023,Jacket,Clothing,8,346.98,0.2,39,Cash,Chicago
ORD-105340,11/15/2023,Data Science 101,Books,4,206.98,0.05,43,PayPal,New York
ORD-108580,1/22/2023,Mug,Home & Kitchen,3,284.8,0,63,Apple Pay,Chicago
ORD-101919,2/6/2023,Hoodie,Clothing,8,19.14,0,48,Cash,Chicago
ORD-108576,9/4/2023,Perfume,Beauty,3,158.52,0.15,24,debit card,Los Angeles
ORD-106084,3/26/2023,Socks,Clothing,6,479.1,0.1,52,PayPal,Online
ORD-107763,11/15/2023,Data Science 101,Books,Unknown,40.63,0.2,74,Apple Pay,Los Angeles
ORD-104012,7/16/2023,History Book,Books,4,152.37,0.2,53,Cash,Houston
ORD-106760,11/26/2023,T-Shirt,Clothing,9,314.73,0.15,34,Debit Card,Online
ORD-102055,1/17/2023,Perfume,Beauty,9,50000,0.15,26,Cash,Los Angeles
ORD-106715,6/29/2023,Python Guide,Books,5,328.52,0.05,41,Debit Card,New York
ORD-109484,2/8/2023,Socks,Clothing,7,483.47,0.05,150,Credit Card,New York
ORD-102363,4/28/2023,Jeans,Clothing,2,233.87,0,33,Cash,chicago
ORD-102226,2/15/2023,Cookware Set,Home & Kitchen,5,67.95,0,34,PAYPAL,Phoenix
ORD-105129,8/16/2023,Mechanical Keyboard,Electronics,6,412.95,0,69,Apple Pay,Los Angeles
ORD-101127,1/28/2023,Air Fryer,Home & Kitchen,6,34.29,0.1,62,Credit Card,Online
ORD-105617,1/15/2023,Mechanical Keyboard,Electronics,N/A,465.72,0,18,Credit Card,Chicago
ORD-104961,4/8/2023,Hoodie,Clothing,9,-5,0.1,72,PayPal,New York
ORD-104282,5/28/2023,Biography,Books,N/A,177.06,0.1,25,Cash,Los Angeles
ORD-103061,6/15/2023,Shampoo,Beauty,4,66.32,0.05,999,PayPal,Phoenix
ORD-102445,1/29/2023,Data Science 101,Books,7,392.29,0.2,70,Debit Card,Online
ORD-102692,7/15/2023,USB-C Cable,Electronics,2,90.53,0.05,25,Apple Pay,Phoenix
ORD-101323,1/1/2023,History Book,Books,5,148.18,0.05,34,APPLE PAY,Online
ORD-101604,5/1/2023,Jeans,Clothing,6,310.96,0.2,18,Credit Card,Phoenix
ORD-109860,5/27/2023,Mechanical Keyboard,Electronics,6,34.81,0.05,21,Debit Card,Los Angeles
ORD-108127,10/16/2023,Data Science 101,Books,8,303.49,0.05,56,Apple Pay,Online
ORD-108625,7/27/2023,Jeans,Clothing,8,55.63,0.15,31,PayPal,Houston
ORD-105415,1/22/2023,Lip Balm,Beauty,3,262.49,0.1,67,Apple Pay,Online
ORD-104701,2023-13-45,Mug,Home & Kitchen,6,233.07,0,42,PayPal,Online
ORD-108673,8/7/2023,Socks,clothing,3,293.59,0.1,51,Debit Card,New York
ORD-107845,2/28/2023,Blender,Home & Kitchen,9,50000,0.15,31,Cash,Chicago
ORD-109621,3/16/2023,Fiction Novel,Books,8,123.59,0,0,Debit Card,Online
ORD-102699,2/10/2023,Shampoo,Beauty,6,41.71,0.15,36,CREDIT CARD,New York
ORD-101508,12/12/2023,Wireless Mouse,Electronics,1,65.19,0.05,26,Debit Card,Chicago
ORD-101560,3/19/2023,Jeans,Clothing,3,29.91,0.15,200,Apple Pay,Phoenix
ORD-104994,5/4/2023,Fiction Novel,Books,2,231.44,0.2,53,Cash,New York
ORD-108409,8/18/2023,Cookware Set,Home & Kitchen,8,490.34,0.15,22,Credit Card,Chicago
ORD-108052,8/8/2023,Coffee Maker,Home & Kitchen,1,360.59,0,74,Apple Pay,Chicago
ORD-104739,1/19/2023,Lip Balm,Beauty,5,191.38,0.1,72,Apple Pay,Phoenix
ORD-108234,7/19/2023,Blender,Home & Kitchen,6,40.65,0.2,27,cash,Los Angeles
ORD-106481,12/26/2023,Jeans,CLOTHING,8,156.8,0.15,38,Cash,New York
ORD-108629,8/15/2023,Monitor,Electronics,8,341.55,0.2,70,Credit Card,Online
ORD-101355,10/10/2023,Biography,Books,4,395.16,0.05,53,Credit Card,Phoenix
ORD-100046,5/8/2023,Mug,Home & Kitchen,7,91.31,0.05,57,Apple Pay,Houston
ORD-109906,10/15/2023,Socks,Clothing,7,416.48,0.15,68,Apple Pay,Los Angeles
ORD-100749,4/6/2023,Socks,Clothing,2,350.12,0.1,200,Cash,New York
ORD-109467,1/13/2023,Biography,BOOKS,7,126.02,0.15,24,Apple Pay,Los Angeles
ORD-105322,11/10/2023,Wireless Mouse,Electronics,5,157.97,0.15,22,Apple Pay,ONLINE
ORD-105853,8/15/2023,Jeans,Clothing,9,201.32,0.15,69,Credit Card,Los Angeles
ORD-106804,3/23/2023,Cookware Set,Home & Kitchen,1,301.08,0.15,200,Cash,Los Angeles
ORD-102992,10/16/2023,Hoodie,Clothing,5,436.05,0.15,65,Apple Pay,Los Angeles
ORD-103934,5/20/2023,Fiction Novel,Books,9,494.91,0.2,35,PayPal,Los Angeles
ORD-106487,11/26/2023,Python Guide,Books,2,151.95,0.2,39,Debit Card,houston
ORD-106073,4/12/2023,Monitor,Electronics,3,407.66,0,24,PayPal,Los Angeles
ORD-109789,8/25/2023,Perfume,Beauty,4,206.29,0.1,66,Cash,New York
ORD-102252,11/27/2023,History Book,Books,2,7.16,0.05,28,Cash,Houston
ORD-103444,12/24/2023,Perfume,Beauty,3,497.61,0.15,41,Credit Card,New York
ORD-107199,1/15/2023,Shampoo,Beauty,7,322.56,0.15,21,Cash,Los Angeles
ORD-109822,8/24/2023,Sunscreen,Beauty,4,308.72,0.2,200,Apple Pay,New York
ORD-108255,10/5/2023,Blender,Home & Kitchen,9,235.54,0.15,37,Credit Card,Houston
ORD-108584,10/2/2023,Air Fryer,home & kitchen,3,171.32,0.1,66,Debit Card,Los Angeles
ORD-102834,9/24/2023,Shampoo,Beauty,4,189.3,0.2,26,PayPal,Houston
ORD-104943,5/29/2023,Shampoo,Beauty,1,160.82,0.05,41,PayPal,Houston
ORD-104978,9/15/2023,History Book,Books,1,436.04,0.2,41,,New York
ORD-104396,2023-13-45,Fiction Novel,Books,9,286.12,0.05,63,PayPal,Houston
ORD-109929,3/18/2023,Sunscreen,Beauty,8,284.55,0.1,45,DEBIT CARD,Online
ORD-106631,6/24/2023,History Book,Books,8,175.47,0,43,PayPal,Online
ORD-100665,4/10/2023,Data Science 101,Books,2,160.11,0.05,32,Debit Card,Chicago
ORD-102616,10/7/2023,Headphones,Electronics,8,470.45,0.05,25,Credit Card,New York
ORD-103413,8/19/2023,Cookware Set,Home & Kitchen,5,325.55,0.15,56,Cash,Online
ORD-109399,12/28/2023,T-Shirt,Clothing,4,203.79,0.15,73,Apple Pay,New York
ORD-109888,12/17/2023,Jeans,Clothing,7,142.54,0.2,34,Credit Card,Chicago
ORD-109863,4/2/2023,Mug,Home & Kitchen,7,188.9,0,68,Cash,Online
ORD-100676,4/10/2023,Lip Balm,Beauty,6,238.78,0.2,40,Cash,Chicago
ORD-109211,5/31/2023,Data Science 101,Books,2,246.05,0.05,21,Debit Card,Houston
ORD-106253,3/13/2023,Wireless Mouse,Electronics,1,420.96,0,19,Apple Pay,Chicago
ORD-107349,2023-13-45,Socks,Clothing,8,208.05,0,51,Credit Card,Houston
ORD-101963,12/2/2023,Mechanical Keyboard,Electronics,8,195.66,0.2,38,Apple Pay,Chicago
ORD-101841,8/6/2023,Wireless Mouse,Electronics,4,491.16,0.2,30,Credit Card,Phoenix
ORD-102628,10/18/2023,T-Shirt,Clothing,8,33.5,0,50,Debit Card,New York
ORD-108210,12/23/2023,History Book,Books,4,341.37,0.15,61,Debit Card,Houston
ORD-108853,9/13/2023,Cookware Set,Home & Kitchen,7,332.31,0.1,150,PayPal,Los Angeles
ORD-107751,8/27/2023,Data Science 101,Books,8,9999.99,0.2,72,Apple Pay,Houston
ORD-105713,12/23/2023,Shampoo,Beauty,3,190.58,0.2,20,PayPal,Phoenix
ORD-108274,1/21/2023,Perfume,Beauty,2,40.57,0.2,49,Credit Card,Houston
ORD-103446,10/24/2023,Perfume,Beauty,1,205.61,0,65,PayPal,Phoenix
ORD-106374,9/13/2023,Monitor,Electronics,2,325.28,0,56,Cash,Online
ORD-104093,8/13/2023,Moisturizer,Beauty,7,78.55,0.1,62,Cash,Phoenix
ORD-106628,7/30/2023,Hoodie,Clothing,4,352.83,0,24,PayPal,chicago
ORD-108879,1/15/2023,USB-C Cable,Electronics,1,405.54,0.05,42,Cash,Los Angeles
ORD-107516,5/4/2023,T-Shirt,Clothing,6,42.06,0.15,150,Debit Card,New York
ORD-100412,6/21/2023,T-Shirt,Clothing,6,30.91,0.05,55,PayPal,Online
ORD-100614,12/10/2023,Jeans,Clothing,2,245.37,0.1,20,PayPal,Houston
ORD-107969,9/13/2023,Perfume,Beauty,1,203.64,0.2,-1,Credit Card,Los Angeles
ORD-105565,4/7/2023,Coffee Maker,Home & Kitchen,2,343.25,,72,Credit Card,Houston
ORD-101431,2023-13-45,Mechanical Keyboard,Electronics,7,346.26,0.1,63,Credit Card,Los Angeles
ORD-103528,9/15/2023,Wireless Mouse,Electronics,9,22.94,0.1,18,Cash,Online
ORD-108365,6/23/2023,Blender,Home & Kitchen,4,48.07,0.1,27,,Chicago
ORD-104223,2/24/2023,Headphones,Electronics,5,50000,0.2,48,Credit Card,Online
ORD-108148,5/2/2023,Fiction Novel,Books,4,24.42,0,34,Debit Card,Chicago
ORD-103300,8/30/2023,Data Science 101,Books,9,487.29,0.1,69,Cash,Phoenix
ORD-101418,1/26/2023,Headphones,Electronics,6,156.93,0.2,32,Debit Card,Los Angeles
ORD-104402,4/13/2023,Biography,Books,1,412.24,0.05,51,Apple Pay,chicago
ORD-100605,3/14/2023,USB-C Cable,Electronics,2,204.93,0.2,999,Credit Card,Los Angeles
ORD-101273,8/26/2023,Headphones,Electronics,6,266.16,0.05,58,PayPal,Houston
ORD-104289,6/19/2023,Air Fryer,Home & Kitchen,3,332.48,0.05,65,PayPal,Online
ORD-106795,4/27/2023,Python Guide,Books,7,235.23,0.2,74,PayPal,Chicago
ORD-106999,11/4/2023,T-Shirt,Clothing,1,101.51,0.1,200,Apple Pay,New York
ORD-109083,5/25/2023,T-Shirt,Clothing,4,431.09,0.05,25,Apple Pay,New York
ORD-100248,8/27/2023,Mug,Home & Kitchen,1,138.61,0.15,36,Cash,Online
ORD-104614,8/27/2023,Coffee Maker,Home & Kitchen,1,366.68,0.1,63,Debit Card,Houston
ORD-101983,11/12/2023,Coffee Maker,Home & Kitchen,7,32.98,0.05,50,CREDIT CARD,Los Angeles
ORD-109796,5/5/2023,Data Science 101,Books,1,155.65,0.15,35,Cash,Online
ORD-106651,12/20/2023,Headphones,Electronics,4,357.77,,21,PayPal,Los Angeles
ORD-100200,5/13/2023,Fiction Novel,Books,4,459.78,0.2,25,Debit Card,Chicago
ORD-105131,Invalid_Date,Blender,Home & Kitchen,5,193.69,0.05,43,Cash,Chicago
ORD-100486,7/30/2023,Fiction Novel,Books,7,237.81,0.2,21,Apple Pay,Online
ORD-106486,1/29/2023,Data Science 101,Books,8,165.19,0.1,,Credit Card,Phoenix
ORD-104703,10/25/2023,Coffee Maker,Home & Kitchen,3,337.89,0,48,Cash,Houston
ORD-100456,3/28/2023,Biography,Books,5,370.03,0.2,25,Apple Pay,New York
ORD-107943,7/23/2023,Air Fryer,Home & Kitchen,7,251.4,0.05,150,Debit Card,Chicago
ORD-109089,12/5/2023,Moisturizer,Beauty,2,N/A,0.05,43,Cash,Los Angeles
ORD-106952,8/20/2023,Fiction Novel,Books,9,265.99,0.2,36,Debit Card,Phoenix
ORD-101722,5/18/2023,Socks,Clothing,4,140.83,0,51,Cash,Online
ORD-105506,1/1/2023,Moisturizer,Beauty,5,429.02,0.15,58,Debit Card,Los Angeles
ORD-106385,4/10/2023,Shampoo,BEAUTY,8,266.17,0.2,26,Apple Pay,Chicago
ORD-108424,9/24/2023,Perfume,Beauty,3,Unknown,0.2,53,Apple Pay,Los Angeles
ORD-106146,1/1/2023,Moisturizer,Beauty,7,170.24,0.2,49,Apple Pay,Houston
ORD-106195,12/7/2023,Python Guide,Books,6,363.26,0.1,71,Credit Card,New York
ORD-104614,8/27/2023,Coffee Maker,Home & Kitchen,1,366.68,0.1,63,Debit Card,Houston
ORD-100863,10/31/2023,Moisturizer,Beauty,6,285.26,0.2,52,Debit Card,New York
ORD-102095,9/13/2023,Socks,Clothing,9,165.5,0.2,22,Cash,New York
ORD-100948,12/6/2023,Shampoo,Beauty,2,428.79,0.15,40,PayPal,Houston
ORD-102751,8/2/2023,Monitor,Electronics,3,,0.15,33,PayPal,Phoenix
ORD-101445,2/18/2023,Socks,Clothing,3,133.19,0.05,50,Debit Card,New York
ORD-101281,12/8/2023,Hoodie,Clothing,6,376.23,0.2,61,Apple Pay,Los Angeles
ORD-108526,12/12/2023,Hoodie,Clothing,3,305.35,0,32,Apple Pay,Chicago
ORD-104484,3/16/2023,Cookware Set,Home & Kitchen,3,255.97,0.2,22,Cash,Houston
ORD-103460,1/2/2023,Socks,Clothing,2,96.71,0.15,33,Apple Pay,Los Angeles
ORD-109238,7/9/2023,Monitor,Electronics,1,67.88,,38,Debit Card,Phoenix
ORD-107298,2/15/2023,Jeans,Clothing,3,27.19,0.05,23,Debit Card,New York
ORD-102303,12/19/2023,Moisturizer,Beauty,7,27.33,0,30,PayPal,Phoenix
ORD-102005,6/22/2023,Sunscreen,Beauty,7,42.23,0.1,45,PayPal,New York
ORD-105309,7/2/2023,Shampoo,Beauty,5,37.8,0.15,58,Credit Card,chicago
ORD-108962,8/25/2023,Jeans,Clothing,1,50000,0.05,53,Credit Card,Houston
ORD-101006,10/19/2023,USB-C Cable,Electronics,5,49.51,0.15,71,PayPal,Online
ORD-103289,5/20/2023,Cookware Set,Home & Kitchen,7,174.5,0.2,57,Apple Pay,Houston
ORD-106743,1/20/2023,Headphones,Electronics,8,209.74,0.2,22,Cash,Chicago
ORD-108778,6/29/2023,Mug,Home & Kitchen,8,482.04,0.1,32,Debit Card,Houston
ORD-104148,12/16/2023,Hoodie,Clothing,0,219.82,0.15,47,Credit Card,New York
ORD-102133,7/11/2023,Blender,Home & Kitchen,6,9999.99,0.2,42,Cash,Chicago
ORD-104540,9/26/2023,Jacket,Clothing,5,467.76,0.2,69,Debit Card,Online
ORD-102058,9/11/2023,Socks,Clothing,6,189.44,0.2,23,Cash,Chicago
ORD-106726,2/4/2023,Sunscreen,Beauty,7,102.64,0,56,Cash,Houston
ORD-100230,2023-13-45,Mug,Home & Kitchen,7,21.94,0.2,54,Apple Pay,Chicago
ORD-108455,8/1/2023,Mug,Home & Kitchen,6,263.23,0.15,N/A,Debit Card,Houston
ORD-103354,8/30/2023,Biography,Books,8,63.69,0.05,26,PayPal,HOUSTON
ORD-106391,Invalid_Date,Jeans,Clothing,6,354.12,0.2,41,PayPal,Chicago
ORD-106960,2/28/2023,USB-C Cable,Electronics,7,50000,0.2,65,Credit Card,Chicago
ORD-107460,7/24/2023,Wireless Mouse,Electronics,8,452.69,0,63,Debit Card,New York
ORD-108627,10/28/2023,Shampoo,Beauty,3,120.72,0,47,,Online
ORD-100210,6/26/2023,Shampoo,Beauty,5,457.85,0.2,60,CASH,Houston
ORD-107040,3/10/2023,Monitor,Electronics,5,307.55,0.05,22,Apple Pay,Online
ORD-103471,3/29/2023,USB-C Cable,Electronics,7,197.88,0.2,65,PayPal,New York
ORD-109454,3/23/2023,Jeans,Clothing,6,293.97,0.15,46,PayPal,Los Angeles
ORD-107584,7/18/2023,Shampoo,Beauty,9,,0,60,Debit Card,New York
ORD-104123,12/11/2023,Fiction Novel,Books,-5,348.07,0.2,57,Credit Card,Chicago
ORD-101729,1/20/2023,Shampoo,Beauty,5,54.38,,19,Credit Card,New York
ORD-108869,9/10/2023,Python Guide,Books,7,334.18,0.05,59,PayPal,Chicago
ORD-100338,4/3/2023,Moisturizer,Beauty,3,341.71,0,,Apple Pay,New York
ORD-107538,4/16/2023,T-Shirt,Clothing,8,370.54,0,72,Cash,online
ORD-102651,12/11/2023,Sunscreen,Beauty,7,145.61,0.05,47,,New York
ORD-105581,11/1/2023,Moisturizer,Beauty,5,239.65,0,23,Credit Card,Los Angeles
ORD-107723,4/29/2023,Mechanical Keyboard,Electronics,6,354.93,0.15,62,Credit Card,Phoenix
ORD-104255,11/23/2023,Hoodie,CLOTHING,3,220.52,0.05,60,Debit Card,Los Angeles
ORD-101227,1/15/2023,Coffee Maker,Home & Kitchen,7,312.02,0.2,43,Apple Pay,Phoenix
ORD-104211,1/23/2023,Data Science 101,BOOKS,9,149.05,0.1,52,Cash,Online
ORD-104599,2/4/2023,Mechanical Keyboard,Electronics,0,395.08,0,38,Debit Card,Los Angeles
ORD-104023,11/12/2023,Shampoo,Beauty,4,43.05,0.05,56,Credit Card,Los Angeles
ORD-109033,1/6/2023,Perfume,beauty,8,316.84,0.2,22,Apple Pay,Phoenix
ORD-105134,8/22/2023,Python Guide,Books,8,298.77,0.05,N/A,PayPal,Online
ORD-102112,10/27/2023,USB-C Cable,Electronics,5,24.96,0.1,36,Debit Card,Los Angeles
ORD-103039,1/25/2023,Coffee Maker,Home & Kitchen,2,163.78,0.15,200,PayPal,New York
ORD-103155,10/26/2023,Biography,Books,1,55.06,0.05,65,Debit Card,Chicago
ORD-104386,2/7/2023,Moisturizer,Beauty,3,384.96,0,23,Debit Card,Chicago
ORD-101018,10/27/2023,Data Science 101,Books,6,-1,0.05,30,Apple Pay,Phoenix
ORD-108482,2/26/2023,T-Shirt,Clothing,2,39.92,0,59,Debit Card,Phoenix
ORD-104795,2023-13-45,Data Science 101,Books,3,474.55,0.15,32,Apple Pay,Online
ORD-105355,7/20/2023,Socks,Clothing,8,93.34,0,59,Credit Card,Los Angeles
ORD-101929,12/4/2023,Sunscreen,Beauty,7,335.67,0.05,70,DEBIT CARD,Houston
ORD-100351,6/13/2023,Fiction Novel,Books,1,387.87,0.2,40,Debit Card,Chicago
ORD-108814,1/16/2023,Coffee Maker,Home & Kitchen,1,Unknown,0.1,68,Cash,Houston
ORD-102202,1/10/2023,T-Shirt,Clothing,4,465.9,0.1,55,PayPal,New York
ORD-105762,9/15/2023,USB-C Cable,Electronics,6,10.47,0.1,38,Debit Card,New York
ORD-101935,7/29/2023,History Book,Books,2,189.57,0.05,46,PayPal,Phoenix
ORD-107626,9/25/2023,Air Fryer,Home & Kitchen,9,376.69,0.15,36,Cash,New York
ORD-106775,9/16/2023,Moisturizer,beauty,1,425.44,0.2,72,Cash,Online
ORD-105439,6/26/2023,Mug,Home & Kitchen,5,281.88,0.1,39,PayPal,Houston
ORD-109022,8/29/2023,T-Shirt,Clothing,5,290.87,0.1,24,Debit Card,Chicago
ORD-100565,9/22/2023,Lip Balm,Beauty,8,135.34,0,73,Cash,Los Angeles
ORD-101583,10/17/2023,Headphones,Electronics,7,334.59,0.05,36,Credit Card,Houston
ORD-104044,10/25/2023,Jeans,Clothing,5,296.72,0.05,55,Apple Pay,New York
ORD-102176,6/30/2023,Mug,Home & Kitchen,4,449.22,0,73,Apple Pay,Houston
ORD-108092,7/7/2023,Jacket,Clothing,7,140.71,0.15,25,Apple Pay,New York
ORD-102541,4/30/2023,Data Science 101,books,2,254.09,0.2,38,Credit Card,Online
ORD-107941,11/10/2023,Shampoo,Beauty,4,214.26,0.1,200,Credit Card,New York
ORD-102229,12/28/2023,Hoodie,Clothing,8,386.94,0.15,69,Cash,New York
ORD-101116,3/9/2023,Jacket,Clothing,4,291.91,0,51,Debit Card,Houston
ORD-108109,1/3/2023,Coffee Maker,Home & Kitchen,Unknown,69.72,0,58,Debit Card,New York
ORD-109791,8/29/2023,Perfume,Beauty,0,353.06,0.15,59,Cash,New York
ORD-109027,3/16/2023,Mug,Home & Kitchen,3,288.37,0.1,18,Credit Card,New York
ORD-104985,9/11/2023,Shampoo,Beauty,8,124.12,0.05,36,Apple Pay,Chicago
ORD-108031,9/4/2023,Biography,Books,4,46.15,0.15,35,Debit Card,Phoenix
ORD-107965,8/6/2023,Biography,Books,1,244.43,0.15,62,Cash,Los Angeles
ORD-100822,5/17/2023,Perfume,Beauty,8,310.07,0,50,PayPal,Houston
ORD-109059,Invalid_Date,Socks,Clothing,4,410.27,0.1,38,Apple Pay,Phoenix
ORD-102273,1/15/2023,USB-C Cable,Electronics,7,393.55,0.1,26,Debit Card,Phoenix
ORD-109048,1/15/2023,Fiction Novel,Books,8,133.03,0.1,45,Apple Pay,Phoenix
ORD-100082,7/8/2023,Cookware Set,Home & Kitchen,5,320.94,0.2,39,PayPal,Online
ORD-101324,6/19/2023,Shampoo,Beauty,8,293.74,0.05,66,Apple Pay,New York
ORD-105216,8/4/2023,Shampoo,Beauty,2,199.51,0.2,68,Apple Pay,New York
ORD-101615,12/11/2023,USB-C Cable,Electronics,0,108.48,0.15,34,PayPal,Los Angeles
ORD-102698,1/1/2023,Moisturizer,Beauty,1,212.67,0,33,PayPal,New York
ORD-100832,12/5/2023,Fiction Novel,Books,9,268.13,0.1,19,PayPal,Houston
ORD-104246,3/30/2023,Data Science 101,Books,4,-1,0.1,67,PayPal,Phoenix
ORD-105821,8/13/2023,Air Fryer,Home & Kitchen,5,423.72,0,65,Apple Pay,Houston
ORD-102421,3/7/2023,Cookware Set,Home & Kitchen,2,158.44,0.2,46,PayPal,Houston
ORD-104760,12/21/2023,Sunscreen,Beauty,1,161.08,0,39,debit card,Houston
ORD-107822,10/19/2023,Socks,Clothing,5,332.86,0,44,Apple Pay,Phoenix
ORD-106437,2023-13-45,Lip Balm,Beauty,1,419.64,0.1,66,Cash,Chicago
ORD-101650,8/17/2023,Moisturizer,Beauty,7,177.69,0,29,Apple Pay,Phoenix
ORD-104343,5/30/2023,USB-C Cable,Electronics,5,476.3,0,38,Cash,Chicago
ORD-108098,10/11/2023,Jacket,Clothing,2,422.82,0.15,27,Debit Card,Online
ORD-107535,1/1/2023,Coffee Maker,Home & Kitchen,3,421.32,0,26,Cash,Phoenix
ORD-103887,2/7/2023,Coffee Maker,Home & Kitchen,7,354.42,0.1,40,Credit Card,Chicago
ORD-107755,11/6/2023,Socks,Clothing,8,218.17,0.05,39,Cash,Online
ORD-107613,11/3/2023,Blender,Home & Kitchen,8,436.77,0.2,38,Cash,Chicago
ORD-107898,12/12/2023,Moisturizer,Beauty,7,9999.99,0.15,58,PayPal,New York
ORD-105683,1/6/2023,Blender,Home & Kitchen,9,452.55,0,54,PayPal,Chicago
ORD-102690,4/11/2023,Monitor,Electronics,3,74.33,0.2,60,Credit Card,Online
ORD-104157,7/21/2023,Wireless Mouse,Electronics,4,180.13,0.1,23,Credit Card,Houston
ORD-103056,1/12/2023,Cookware Set,Home & Kitchen,6,274.05,0.1,47,PayPal,Chicago
ORD-100750,6/16/2023,Biography,Books,1,65.41,0.2,74,Cash,Phoenix
ORD-105630,1/15/2023,USB-C Cable,Electronics,7,447.77,0.15,50,Debit Card,Houston
ORD-102374,2/22/2023,Monitor,Electronics,2,268.01,0.05,49,Cash,Houston
ORD-102443,10/7/2023,Hoodie,Clothing,3,9999.99,0,57,Cash,Online
ORD-108433,3/5/2023,Jeans,Clothing,5,164.36,0.1,200,Apple Pay,Phoenix
ORD-107387,5/28/2023,Headphones,Electronics,-5,269.49,0.05,57,Apple Pay,New York
ORD-104522,2/26/2023,Hoodie,Clothing,6,9999.99,0,64,PayPal,Los Angeles
ORD-106602,3/25/2023,Headphones,Electronics,7,209,0.1,72,Cash,New York
ORD-108616,2/17/2023,Perfume,Beauty,4,473.68,0.05,50,Debit Card,Chicago
ORD-104809,4/14/2023,Wireless Mouse,Electronics,5,320.13,0.2,57,Cash,Houston
ORD-103942,7/21/2023,Socks,Clothing,7,156.88,0,29,Credit Card,Online
ORD-104956,1/18/2023,USB-C Cable,Electronics,7,71.1,0.15,56,Apple Pay,Phoenix
ORD-103729,11/24/2023,Data Science 101,Books,2,129.3,0.2,69,Credit Card,Phoenix
ORD-108382,3/8/2023,Shampoo,Beauty,1,73.61,0.2,33,PayPal,Online
ORD-107581,5/25/2023,History Book,Books,5,148.79,0.15,37,Debit Card,Phoenix
ORD-104419,7/28/2023,Mechanical Keyboard,Electronics,3,-1,0.05,29,Credit Card,Phoenix
ORD-109449,7/5/2023,Jeans,Clothing,8,30.86,0.1,25,PayPal,Online
ORD-108397,Invalid_Date,Coffee Maker,Home & Kitchen,5,172.83,0.2,35,PayPal,Chicago
ORD-101140,8/29/2023,Coffee Maker,Home & Kitchen,3,314.71,0.15,41,Cash,Online
ORD-108133,12/30/2023,Biography,Books,6,252.42,0,46,Apple Pay,HOUSTON
ORD-102232,9/7/2023,Air Fryer,Home & Kitchen,1,257.07,0.15,37,Debit Card,Online
ORD-102165,2/26/2023,Moisturizer,Beauty,5,78.52,0.2,35,PayPal,New York
ORD-104953,3/4/2023,Biography,Books,4,175.3,0.1,26,Credit Card,Los Angeles
ORD-106830,1/25/2023,Coffee Maker,Home & Kitchen,5,327.35,0.05,62,Cash,Houston
ORD-100040,5/20/2023,Lip Balm,Beauty,3,341.95,0.15,43,Credit Card,Phoenix
ORD-102803,12/1/2023,Headphones,Electronics,5,196.28,0,200,PayPal,Chicago
ORD-101571,6/17/2023,T-Shirt,Clothing,8,N/A,0.1,39,Debit Card,New York
ORD-100173,11/20/2023,Sunscreen,Beauty,6,484.16,0.1,,PayPal,Chicago
ORD-107635,2/28/2023,Sunscreen,Beauty,5,95.1,0.15,70,Debit Card,Phoenix
ORD-102088,11/15/2023,Coffee Maker,Home & Kitchen,1,67.88,0,51,Debit Card,Phoenix
ORD-109871,1/25/2023,Jeans,Clothing,6,54.98,0.05,22,Credit Card,Los Angeles
ORD-105013,3/24/2023,Lip Balm,Beauty,9,264.78,0.1,52,,Houston
ORD-107553,8/23/2023,Biography,Books,3,74.07,0.05,55,Cash,New York
ORD-106761,7/24/2023,Lip Balm,Beauty,4,9999.99,0.05,48,Credit Card,New York
ORD-109396,8/8/2023,Mechanical Keyboard,Electronics,5,237.39,0.1,40,Apple Pay,Los Angeles
ORD-103860,2/12/2023,T-Shirt,Clothing,3,214.41,0.2,37,paypal,Online
ORD-108576,9/4/2023,Perfume,Beauty,3,158.52,0.15,24,debit card,Los Angeles
ORD-101833,8/9/2023,Moisturizer,Beauty,6,131.32,0,,PayPal,New York
ORD-105696,8/16/2023,Jacket,Clothing,9,487.95,0.05,61,Debit Card,Online
ORD-108694,1/31/2023,Biography,Books,1,202.08,0.05,35,PayPal,Online
ORD-109401,6/19/2023,Shampoo,Beauty,2,178.79,0.05,63,Apple Pay,Phoenix
ORD-106699,4/20/2023,Python Guide,Books,1,42.94,0.1,39,Debit Card,Houston
ORD-104923,1/29/2023,Moisturizer,Beauty,4,9999.99,0.1,63,Apple Pay,Houston
ORD-104066,10/17/2023,Sunscreen,Beauty,5,127.45,0.15,45,PAYPAL,Online
ORD-105401,12/17/2023,Lip Balm,Beauty,6,11.71,0.2,58,Cash,Online
ORD-100835,7/23/2023,Hoodie,Clothing,8,439.29,0,57,CASH,New York
ORD-102487,7/15/2023,Headphones,Electronics,7,314.48,0.05,60,PayPal,New York
ORD-107274,1/18/2023,Perfume,Beauty,4,447.33,0.05,39,PayPal,New York
ORD-109718,11/21/2023,Cookware Set,Home & Kitchen,8,366.92,0.05,35,PayPal,Phoenix
ORD-109975,5/14/2023,Socks,Clothing,7,457.77,0.15,32,Apple Pay,Houston
ORD-107836,8/16/2023,Shampoo,Beauty,1,N/A,0.05,33,Credit Card,Chicago
ORD-109486,1/3/2023,Monitor,Electronics,2,388.43,0.2,66,Cash,New York
ORD-104783,12/16/2023,Monitor,Electronics,1,125.31,0.2,36,Debit Card,Los Angeles
ORD-103888,5/22/2023,Shampoo,Beauty,4,6.67,0.2,73,PayPal,Online
ORD-100066,4/24/2023,Mechanical Keyboard,Electronics,8,39.86,0.05,44,PayPal,Houston
ORD-103650,1/11/2023,Moisturizer,Beauty,8,300.46,0,66,Cash,Chicago
ORD-102025,10/26/2023,Mechanical Keyboard,Electronics,3,453.4,0.2,66,Apple Pay,Online
ORD-109109,4/26/2023,Lip Balm,Beauty,5,129.49,0.1,51,Debit Card,Los Angeles
ORD-100355,7/23/2023,Lip Balm,Beauty,5,181.58,0.2,66,Apple Pay,Chicago
ORD-109620,4/30/2023,Biography,Books,7,33.09,0.05,19,Credit Card,ONLINE
ORD-105251,8/9/2023,Fiction Novel,Books,7,280.44,0.05,26,Cash,Online
ORD-107034,7/18/2023,Moisturizer,Beauty,4,18.64,0.1,22,Credit Card,Phoenix
ORD-101809,10/14/2023,Socks,Clothing,9,-1,0,30,Credit Card,Houston
ORD-109234,12/5/2023,Shampoo,Beauty,1,233.38,0,45,Debit Card,Houston
ORD-103747,5/20/2023,Python Guide,Books,9,230.52,0.15,69,PayPal,Houston
ORD-105520,5/9/2023,Headphones,Electronics,6,404.5,0.1,21,Debit Card,Chicago
ORD-109082,8/12/2023,Hoodie,Clothing,9,422.69,0.1,150,Cash,Houston
ORD-109259,2/21/2023,Air Fryer,Home & Kitchen,2,378.79,0.05,62,DEBIT CARD,Phoenix
ORD-109179,10/2/2023,Perfume,Beauty,3,,0.1,50,Debit Card,Houston
ORD-100473,12/11/2023,Perfume,Beauty,6,377.83,0.15,46,Debit Card,New York
ORD-108995,12/3/2023,Socks,Clothing,6,404.55,0.1,999,PayPal,Online
ORD-105808,10/9/2023,Monitor,Electronics,N/A,172.59,0.2,64,Apple Pay,Houston
ORD-106339,11/24/2023,Biography,Books,2,174.18,0,40,Apple Pay,Phoenix
ORD-102821,1/15/2023,Biography,Books,8,374.31,0.1,38,Cash,Phoenix
ORD-104829,2/11/2023,Python Guide,Books,5,463.05,0.2,0,Cash,Phoenix
ORD-100869,5/19/2023,Lip Balm,Beauty,3,9999.99,0.05,72,Credit Card,Chicago
ORD-108589,3/5/2023,Biography,Books,3,202.55,0.15,62,Cash,New York
ORD-109316,3/25/2023,T-Shirt,Clothing,5,9999.99,0.2,53,PayPal,Online
ORD-101507,9/13/2023,Coffee Maker,Home & Kitchen,3,326.81,0,65,Apple Pay,HOUSTON
ORD-106559,12/8/2023,Shampoo,Beauty,3,425.4,0.1,65,Debit Card,Los Angeles
ORD-103687,5/20/2023,Wireless Mouse,Electronics,1,307.71,0.2,47,Credit Card,Online
ORD-106400,10/30/2023,Lip Balm,Beauty,3,371.69,0.1,74,credit card,Phoenix
ORD-104922,1/10/2023,History Book,Books,1,438.72,0.05,39,PayPal,Online
ORD-102771,9/9/2023,Blender,Home & Kitchen,2,34.81,0.05,61,Credit Card,Los Angeles
ORD-109608,11/18/2023,Python Guide,Books,9,401.33,0.15,25,Credit Card,Phoenix
ORD-102250,1/3/2023,Fiction Novel,Books,5,211.91,0.15,46,PayPal,Los Angeles
ORD-105606,4/21/2023,Coffee Maker,Home & Kitchen,7,10.08,0.1,57,Credit Card,Phoenix
ORD-104191,4/19/2023,Shampoo,Beauty,7,23.46,0.1,21,apple pay,Chicago
ORD-101076,11/30/2023,Wireless Mouse,Electronics,1,255.44,0.1,47,Cash,Chicago
ORD-104979,12/9/2023,Lip Balm,Beauty,5,439.13,0.1,47,Apple Pay,Online
ORD-105380,12/7/2023,Jacket,Clothing,4,7.98,0,57,Apple Pay,LOS ANGELES
ORD-107200,1/6/2023,Biography,Books,4,50000,0.05,74,PayPal,New York
ORD-109056,9/6/2023,Mug,Home & Kitchen,5,321.12,0.2,33,Cash,Houston
ORD-109743,8/1/2023,USB-C Cable,Electronics,4,366.48,0.2,39,Cash,New York
ORD-107754,1/6/2023,Blender,Home & Kitchen,6,306.21,0.05,67,Cash,Phoenix
ORD-104741,2023-13-45,Lip Balm,Beauty,1,371.93,0.1,52,PayPal,Houston
ORD-107485,4/12/2023,Python Guide,Books,4,185.67,0.15,44,Credit Card,Houston
ORD-106293,8/13/2023,Socks,Clothing,6,259.7,0.2,71,Cash,New York
ORD-107633,5/20/2023,History Book,Books,4,176.42,0.15,39,Apple Pay,Chicago
ORD-100074,3/1/2023,Biography,Books,1,414.8,0.15,61,Apple Pay,Los Angeles
ORD-105640,4/18/2023,Socks,Clothing,8,9999.99,0.2,42,PayPal,New York
ORD-103785,3/24/2023,Socks,Clothing,4,420.25,0.15,21,Debit Card,Chicago
ORD-105370,3/9/2023,Biography,Books,8,354.47,0.05,31,Credit Card,Houston
ORD-109141,7/23/2023,Hoodie,Clothing,5,416.04,0.2,200,Apple Pay,New York
ORD-108010,10/23/2023,USB-C Cable,Electronics,2,477.3,0.15,58,Apple Pay,PHOENIX
ORD-101102,11/26/2023,Lip Balm,Beauty,5,383.03,0.1,56,Credit Card,Chicago
ORD-103406,11/20/2023,Fiction Novel,Books,5,419,0.1,44,PayPal,Los Angeles
ORD-109821,10/5/2023,Socks,Clothing,1,194.79,0.05,34,Apple Pay,Phoenix
ORD-108159,8/5/2023,History Book,Books,7,351.69,0.2,56,Apple Pay,Houston
ORD-103083,5/11/2023,Data Science 101,Books,2,388.4,0.2,42,PAYPAL,New York
ORD-108457,11/26/2023,Cookware Set,Home & Kitchen,9,27.81,0.1,66,Debit Card,Online
ORD-100119,1/20/2023,Coffee Maker,Home & Kitchen,4,279.16,0,,Cash,New York
ORD-102023,6/7/2023,USB-C Cable,Electronics,5,17.95,0.2,43,Cash,Chicago
ORD-108314,2/5/2023,Lip Balm,Beauty,5,155.47,0,27,Debit Card,Houston
ORD-102890,4/5/2023,Monitor,Electronics,5,89.05,0.2,39,Debit Card,Los Angeles
ORD-102035,3/29/2023,Air Fryer,Home & Kitchen,4,132.4,0.1,19,Apple Pay,New York
ORD-109383,2/11/2023,Jacket,Clothing,4,43.86,0.05,59,PayPal,Online
ORD-108923,11/3/2023,Headphones,Electronics,6,312.62,0.05,46,PayPal,Houston
ORD-107481,5/22/2023,Lip Balm,Beauty,7,258.08,0,N/A,Cash,New York
ORD-101220,7/25/2023,Sunscreen,Beauty,2,191.64,0.1,19,Apple Pay,NEW YORK
ORD-106740,3/13/2023,Python Guide,Books,4,443.17,0.2,65,Apple Pay,Los Angeles
ORD-109044,6/1/2023,Jacket,Clothing,9,229.33,0.1,29,Debit Card,Phoenix
ORD-103291,1/3/2023,Moisturizer,Beauty,7,215.92,0.2,56,DEBIT CARD,Online
ORD-103610,10/14/2023,Mug,Home & Kitchen,6,163.9,0.1,-5,Debit Card,New York
ORD-102511,6/13/2023,Sunscreen,Beauty,9,25.59,0,64,Debit Card,New York
ORD-103686,7/10/2023,Blender,Home & Kitchen,7,,0,28,PayPal,Houston
ORD-107376,8/15/2023,Mug,Home & Kitchen,8,105.98,0,200,Credit Card,Chicago
ORD-105206,8/12/2023,Data Science 101,Books,9,296.33,0.15,21,Credit Card,Chicago
ORD-104787,3/11/2023,Lip Balm,Beauty,6,204.36,0.15,68,Cash,Phoenix
ORD-106683,1/22/2023,USB-C Cable,Electronics,8,425.88,0.2,25,PayPal,Los Angeles
ORD-103059,11/15/2023,Wireless Mouse,Electronics,-5,405.19,0.05,20,Debit Card,Online
ORD-100178,11/25/2023,Sunscreen,Beauty,1,73.72,0,26,Apple Pay,New York
ORD-101644,9/29/2023,Biography,Books,0,485.37,0.05,69,Debit Card,Houston
ORD-109567,1/5/2023,Wireless Mouse,Electronics,9,272.48,0.05,25,Credit Card,Los Angeles
ORD-109648,9/9/2023,Air Fryer,Home & Kitchen,8,131.98,0,68,Apple Pay,Houston
ORD-106626,7/23/2023,Headphones,Electronics,2,226.38,0.05,24,Debit Card,Online
ORD-101375,4/29/2023,Socks,Clothing,3,305.63,0.05,23,credit card,Los Angeles
ORD-101721,10/22/2023,History Book,Books,7,180.73,0.2,18,PayPal,New York
ORD-105345,7/1/2023,Wireless Mouse,Electronics,6,314.71,0,67,Credit Card,Los Angeles
ORD-108998,6/22/2023,Data Science 101,Books,1,477.54,0.1,23,Credit Card,New York
ORD-102265,10/6/2023,Cookware Set,Home & Kitchen,Unknown,298.26,0.15,60,PayPal,Phoenix
ORD-100088,9/14/2023,Socks,Clothing,3,254.05,0.2,62,Apple Pay,Online
ORD-106836,7/5/2023,Perfume,Beauty,3,-1,0.2,54,PayPal,New York
ORD-108475,7/4/2023,Fiction Novel,Books,2,317.14,0,58,Cash,Houston
ORD-108945,4/1/2023,Jeans,Clothing,2,473.81,0.15,N/A,Cash,Chicago
ORD-100404,8/29/2023,Monitor,Electronics,6,225.67,0.1,56,Cash,Houston
ORD-104668,11/22/2023,Data Science 101,Books,2,9.73,0.15,20,PayPal,Chicago
ORD-104210,4/9/2023,USB-C Cable,Electronics,3,-5,0.2,36,Credit Card,Chicago
ORD-106480,8/31/2023,Python Guide,Books,8,253.84,0.15,-1,Apple Pay,Houston
ORD-107290,10/15/2023,Monitor,Electronics,3,214.29,0,70,PayPal,Los Angeles
ORD-106975,12/13/2023,Monitor,Electronics,9,313.05,0.05,65,Cash,New York
ORD-102457,1/3/2023,Fiction Novel,Books,2,384.75,0.1,57,cash,Chicago
ORD-103112,1/4/2023,Perfume,Beauty,6,160.7,0.15,42,Apple Pay,Chicago
ORD-102215,10/19/2023,Lip Balm,Beauty,5,450.83,0,41,Apple Pay,Online
ORD-101028,7/1/2023,Moisturizer,Beauty,3,339.86,0.05,66,Credit Card,Chicago
ORD-109994,9/5/2023,Sunscreen,Beauty,8,29.7,0.1,20,Apple Pay,Chicago
ORD-101422,9/21/2023,Hoodie,Clothing,9,439.17,0,70,Apple Pay,Online
ORD-102437,12/23/2023,Perfume,Beauty,1,,0.05,74,PayPal,New York
ORD-107337,1/6/2023,Air Fryer,Home & Kitchen,8,65.18,0.15,70,PayPal,Online
ORD-105919,10/7/2023,T-Shirt,Clothing,3,50000,0.2,71,Apple Pay,Los Angeles
ORD-109357,8/20/2023,Shampoo,Beauty,9,260.15,0.2,69,PAYPAL,Houston
ORD-101279,9/7/2023,Hoodie,Clothing,9,206.91,0.1,70,PayPal,Online
ORD-103961,2/25/2023,Mug,Home & Kitchen,3,442.47,0.2,21,Credit Card,Houston
ORD-102761,5/20/2023,Coffee Maker,Home & Kitchen,4,45.31,0.2,52,Credit Card,Chicago
ORD-109519,5/12/2023,Socks,Clothing,9,119.49,0.2,48,Debit Card,Los Angeles
ORD-109521,4/23/2023,Python Guide,Books,4,9999.99,0,68,Cash,Los Angeles
ORD-107039,5/20/2023,Lip Balm,Beauty,9,89.08,0.2,19,Debit Card,Chicago
ORD-101979,3/11/2023,USB-C Cable,Electronics,9,5.35,0,61,Credit Card,Chicago
ORD-101062,2/21/2023,Moisturizer,Beauty,9,145.85,0.2,62,Debit Card,New York
ORD-101426,3/25/2023,Biography,Books,6,97.36,0.2,,Cash,Chicago
ORD-106341,7/2/2023,Cookware Set,Home & Kitchen,1,0,0.2,59,Cash,Houston
ORD-107453,4/22/2023,Monitor,Electronics,1,144.93,0.2,33,PayPal,Chicago
ORD-104885,3/12/2023,Sunscreen,Beauty,9,343.25,0.15,42,Debit Card,New York
ORD-101503,11/10/2023,Coffee Maker,Home & Kitchen,4,498.02,0.2,52,APPLE PAY,Houston
ORD-103621,9/25/2023,Coffee Maker,Home & Kitchen,9,196.01,0,50,Apple Pay,New York
ORD-108824,2/6/2023,Mug,Home & Kitchen,4,,0.05,55,PayPal,Chicago
ORD-105315,2/27/2023,USB-C Cable,Electronics,Unknown,395.53,0.2,54,Credit Card,Houston
ORD-103679,7/12/2023,Moisturizer,Beauty,9,346.32,0.1,34,PayPal,Houston
ORD-103922,2/7/2023,Cookware Set,Home & Kitchen,5,389.14,0.15,48,Credit Card,Online
ORD-108135,1/5/2023,T-Shirt,Clothing,7,253.01,0.1,64,Debit Card,Online
ORD-100679,12/22/2023,Shampoo,Beauty,6,103.61,0.2,60,Debit Card,Houston
ORD-104027,1/15/2023,USB-C Cable,Electronics,4,21.48,0.15,18,PayPal,Online
ORD-107049,10/12/2023,Mechanical Keyboard,Electronics,5,40.1,0.1,56,Cash,Houston
ORD-109103,10/26/2023,Python Guide,Books,7,408,0.05,44,PayPal,Chicago
ORD-108064,8/10/2023,Fiction Novel,Books,8,447.45,,72,Apple Pay,Chicago
ORD-107283,5/29/2023,USB-C Cable,Electronics,5,424.58,0.2,68,Apple Pay,Online
ORD-100103,7/25/2023,T-Shirt,Clothing,9,163.06,0.15,,Debit Card,Phoenix
ORD-100958,2/25/2023,History Book,Books,5,234.67,0.1,62,Debit Card,Los Angeles
ORD-104716,2/5/2023,Monitor,Electronics,7,322.58,0.1,67,PayPal,Phoenix
ORD-104190,Invalid_Date,Jacket,Clothing,6,133.51,0,30,Cash,Chicago
ORD-106068,7/17/2023,Coffee Maker,Home & Kitchen,9,411.04,0.15,67,Cash,Los Angeles
ORD-107704,2/19/2023,Wireless Mouse,Electronics,8,42.45,0.1,,Credit Card,Houston
ORD-103060,10/29/2023,Monitor,Electronics,7,450.08,0.1,50,PayPal,Houston
ORD-102689,12/17/2023,Fiction Novel,Books,2,211.59,0.2,64,Apple Pay,Los Angeles
ORD-106616,7/24/2023,Lip Balm,Beauty,8,346.68,0.1,57,PayPal,Online
ORD-106395,4/6/2023,Cookware Set,Home & Kitchen,8,-5,0.15,27,Debit Card,Phoenix
ORD-107690,3/16/2023,History Book,Books,9,5.79,0.15,999,Cash,Chicago
ORD-106276,1/16/2023,Jeans,Clothing,7,273.72,0,58,Apple Pay,Chicago
ORD-103707,10/15/2023,Fiction Novel,Books,8,328.36,0.15,32,PayPal,Online
ORD-104771,5/12/2023,Lip Balm,Beauty,-1,436.67,0.1,41,Cash,Chicago
ORD-107018,3/31/2023,Python Guide,Books,2,411.37,0.1,50,Cash,New York
ORD-100419,8/19/2023,Moisturizer,Beauty,5,51,0,999,Debit Card,New York
ORD-105901,6/2/2023,Socks,Clothing,4,356.7,0.2,21,Apple Pay,New York
ORD-106691,7/15/2023,Perfume,Beauty,2,178.04,0,39,Debit Card,NEW YORK
ORD-103398,7/18/2023,T-Shirt,Clothing,2,186.16,0,29,Debit Card,Los Angeles
ORD-101948,3/18/2023,T-Shirt,Clothing,1,482.52,0,40,Credit Card,Chicago
ORD-102319,7/21/2023,Python Guide,Books,2,469.69,0.05,59,Apple Pay,Chicago
ORD-102300,3/21/2023,Coffee Maker,Home & Kitchen,5,406.85,0.05,71,Credit Card,HOUSTON
ORD-104831,1/30/2023,Mechanical Keyboard,Electronics,5,207.36,0.2,46,PayPal,New York
ORD-105130,5/5/2023,Shampoo,Beauty,8,309.67,0.1,29,,New York
ORD-100209,1/25/2023,Socks,Clothing,3,127.87,0.15,23,Credit Card,new york
ORD-103318,11/4/2023,Moisturizer,Beauty,3,420.49,0.15,36,Cash,New York
ORD-105021,1/28/2023,Coffee Maker,Home & Kitchen,1,Unknown,0,50,PayPal,Phoenix
ORD-109386,3/11/2023,Fiction Novel,Books,7,222.24,0.15,70,Credit Card,New York
ORD-100529,Invalid_Date,Mug,Home & Kitchen,6,85,0.1,58,PayPal,Chicago
ORD-101234,2/1/2023,Mechanical Keyboard,Electronics,8,295.32,0.1,45,Apple Pay,New York
ORD-100780,2/17/2023,Biography,Books,9,354.78,0,53,Debit Card,Phoenix
ORD-100723,9/14/2023,Lip Balm,Beauty,4,424.4,0.05,43,apple pay,Houston
ORD-103012,9/17/2023,Mug,Home & Kitchen,8,69.45,0.2,51,PayPal,Houston
ORD-107362,6/20/2023,Socks,Clothing,7,111.78,0.05,,Apple Pay,Chicago
ORD-101861,8/15/2023,USB-C Cable,Electronics,9,50000,0.2,63,PayPal,Los Angeles
ORD-109011,11/24/2023,Python Guide,Books,6,256.74,0.2,30,Cash,Los Angeles
ORD-107887,1/13/2023,Moisturizer,Beauty,2,189.54,0.15,26,Debit Card,Los Angeles
ORD-107429,7/6/2023,Python Guide,Books,6,260.56,0.15,999,Cash,Los Angeles
ORD-109631,3/14/2023,Hoodie,Clothing,3,97.02,0.1,35,Cash,Phoenix
ORD-101993,6/13/2023,Socks,Clothing,2,63.64,0,47,Credit Card,Chicago
ORD-102333,5/6/2023,USB-C Cable,Electronics,4,422.37,0.1,73,PayPal,New York
ORD-105479,5/22/2023,Jacket,Clothing,9,83.36,0.05,32,Cash,Los Angeles
ORD-107714,10/23/2023,Sunscreen,Beauty,4,358.14,0.05,31,Debit Card,Houston
ORD-105663,9/29/2023,Blender,Home & Kitchen,1,379,0.1,40,Credit Card,Online
ORD-107266,6/4/2023,Perfume,Beauty,5,365.8,0.15,42,Apple Pay,Phoenix
ORD-104268,7/20/2023,Wireless Mouse,Electronics,6,362.55,0.1,72,Debit Card,Los Angeles
ORD-102472,7/23/2023,Lip Balm,Beauty,3,114.72,0.1,27,Apple Pay,Houston
ORD-105381,2/24/2023,Blender,Home & Kitchen,9,127.54,0,52,Debit Card,New York
ORD-104318,3/12/2023,Coffee Maker,Home & Kitchen,9,257.34,0.1,64,Debit Card,Online
ORD-106890,3/15/2023,T-Shirt,Clothing,2,365.02,0.1,19,PayPal,Phoenix
ORD-105012,Invalid_Date,Jeans,Clothing,7,388.79,0.05,29,PayPal,Online
ORD-101397,9/9/2023,Jacket,Clothing,4,61.41,,46,Credit Card,Los Angeles
ORD-101490,6/25/2023,Air Fryer,Home & Kitchen,7,256.16,0,66,Cash,Online
ORD-104990,10/8/2023,USB-C Cable,Electronics,7,37.59,0,,Credit Card,Chicago
ORD-102885,5/20/2023,Socks,Clothing,5,219.37,0.15,66,Credit Card,Phoenix
ORD-103678,10/14/2023,Headphones,Electronics,7,168.7,0,20,Cash,Phoenix
ORD-101043,6/13/2023,USB-C Cable,Electronics,8,397.13,0.15,35,PayPal,Online
ORD-104039,3/4/2023,Mechanical Keyboard,Electronics,8,N/A,0.2,54,Apple Pay,Chicago
ORD-105229,10/2/2023,Jacket,Clothing,2,128.11,0,58,Cash,Los Angeles
ORD-107733,6/3/2023,Lip Balm,Beauty,2,224.26,0,67,Apple Pay,Los Angeles
ORD-100258,2/28/2023,Moisturizer,Beauty,9,325.1,0.05,58,Cash,Los Angeles
ORD-107764,12/4/2023,Socks,Clothing,2,487.16,0.15,60,,Houston
ORD-108873,12/30/2023,Biography,Books,6,369.26,0.15,58,Debit Card,Phoenix
ORD-108249,4/29/2023,Shampoo,Beauty,6,111.56,0,46,Debit Card,Los Angeles
ORD-102836,6/7/2023,Monitor,Electronics,8,495.14,0.05,39,PayPal,Online
ORD-109261,8/7/2023,Sunscreen,Beauty,8,362.29,,54,Apple Pay,Los Angeles
ORD-102090,10/9/2023,Jacket,Clothing,1,186.66,0.1,64,Cash,Online
ORD-100703,3/3/2023,Wireless Mouse,Electronics,5,312.35,0.05,31,Debit Card,Phoenix
ORD-100504,2/18/2023,Mechanical Keyboard,Electronics,5,50000,0.2,27,PayPal,Los Angeles
ORD-103828,5/21/2023,History Book,Books,3,282.45,0.05,20,Credit Card,Chicago
ORD-109077,8/22/2023,Python Guide,Books,5,376.9,0.05,43,PayPal,Los Angeles
ORD-101346,3/21/2023,Mug,Home & Kitchen,5,472.96,0.15,37,Apple Pay,New York
ORD-109676,7/25/2023,Mug,Home & Kitchen,4,9999.99,0.2,70,Credit Card,New York
ORD-108828,12/14/2023,Mechanical Keyboard,Electronics,9,339.86,0.05,64,Credit Card,New York
ORD-102249,2/15/2023,Monitor,Electronics,8,393.04,0.1,31,Debit Card,Online
ORD-109058,1/25/2023,Sunscreen,Beauty,1,275.06,0.15,21,Credit Card,Online
ORD-100373,4/8/2023,Wireless Mouse,Electronics,9,-1,0.2,55,Debit Card,Houston
ORD-108701,4/8/2023,Perfume,Beauty,9,118.48,0.15,61,Apple Pay,Online
ORD-109882,5/6/2023,Jeans,Clothing,1,337.54,0.2,45,Apple Pay,Los Angeles
ORD-102007,2/24/2023,Perfume,Beauty,1,114.47,0.2,61,Credit Card,Los Angeles
ORD-104122,7/28/2023,Jacket,Clothing,6,204.15,0.2,,Debit Card,Houston
ORD-109808,3/17/2023,Mechanical Keyboard,Electronics,3,362.16,0.1,19,Credit Card,Phoenix
ORD-104300,3/1/2023,Moisturizer,Beauty,7,158.29,0.15,39,PayPal,Online
ORD-102499,3/20/2023,Fiction Novel,Books,7,420.06,0.2,N/A,PayPal,New York
ORD-108574,3/17/2023,USB-C Cable,Electronics,3,339.3,0.05,62,Apple Pay,Chicago
ORD-105971,5/20/2023,Monitor,Electronics,9,11.28,0.05,30,Cash,Phoenix
ORD-102103,11/23/2023,Shampoo,Beauty,5,307.69,0.15,71,Cash,Online
ORD-100998,8/14/2023,Biography,Books,3,,0.05,52,PayPal,Phoenix
ORD-108431,11/30/2023,Mug,Home & Kitchen,9,408.53,0,45,Apple Pay,Houston
ORD-108905,1/15/2023,Monitor,Electronics,8,83.13,0,73,Credit Card,Los Angeles
ORD-101177,3/28/2023,Air Fryer,Home & Kitchen,6,48.64,0,28,PayPal,New York
ORD-100552,9/29/2023,Perfume,Beauty,3,20.4,0.05,Unknown,Apple Pay,New York
ORD-100745,1/9/2023,Sunscreen,Beauty,2,50000,0,28,Cash,Online
ORD-105939,12/21/2023,T-Shirt,Clothing,9,474.21,0.1,45,PayPal,Phoenix
ORD-103502,6/15/2023,Jeans,Clothing,N/A,218.87,0.05,25,PayPal,Houston
ORD-106692,11/19/2023,Wireless Mouse,Electronics,4,499.57,0.2,43,Apple Pay,Chicago
ORD-103054,12/8/2023,Mug,Home & Kitchen,2,284.76,0.1,67,Apple Pay,Chicago
ORD-105121,12/23/2023,Perfume,Beauty,5,123.72,0.1,19,Debit Card,Online
ORD-109771,9/2/2023,USB-C Cable,Electronics,8,258.89,0.05,66,Credit Card,Phoenix
ORD-107302,6/30/2023,Wireless Mouse,Electronics,9,309.44,0.05,26,Apple Pay,New York
ORD-108116,7/20/2023,Monitor,Electronics,5,268.11,0,67,Debit Card,New York
ORD-109226,6/6/2023,Shampoo,Beauty,2,126.31,0.15,35,PayPal,New York
ORD-104606,2/14/2023,Coffee Maker,Home & Kitchen,6,337.07,0.2,31,Apple Pay,Phoenix
ORD-103308,5/17/2023,Socks,Clothing,6,153.21,0,52,Cash,Online
ORD-105720,9/18/2023,Data Science 101,Books,5,166.99,0,64,Debit Card,Los Angeles
ORD-105817,11/3/2023,Air Fryer,Home & Kitchen,7,452.35,0.05,32,PayPal,Chicago
ORD-107047,3/5/2023,Mug,Home & Kitchen,2,15.62,0.05,44,Debit Card,los angeles
ORD-106504,1/15/2023,Jeans,Clothing,8,231.91,0.2,20,Apple Pay,Houston
ORD-100694,1/4/2023,Air Fryer,Home & Kitchen,7,337.46,0.05,57,Debit Card,Houston
ORD-102534,5/27/2023,Jeans,Clothing,6,455.36,0.1,200,Credit Card,Houston
ORD-104826,9/9/2023,Fiction Novel,Books,8,9999.99,0.1,21,PayPal,New York
ORD-100983,11/9/2023,Lip Balm,Beauty,7,319.53,0.1,47,Debit Card,Online
ORD-104394,6/15/2023,Monitor,Electronics,9,310.86,0.2,66,,Los Angeles
ORD-100080,5/2/2023,Lip Balm,Beauty,5,33.81,0,64,Apple Pay,Chicago
ORD-104338,4/16/2023,Socks,Clothing,3,202.19,0.05,48,Credit Card,Chicago
ORD-109301,6/15/2023,Hoodie,Clothing,2,220.38,0.05,21,Cash,Phoenix
ORD-106921,1/9/2023,Cookware Set,Home & Kitchen,8,273.27,0.05,61,Cash,Houston
ORD-103880,3/30/2023,Shampoo,Beauty,4,419.9,0,31,Apple Pay,Los Angeles
ORD-107772,8/3/2023,Mechanical Keyboard,Electronics,1,,0.1,36,Debit Card,Chicago
ORD-103881,1/7/2023,Moisturizer,Beauty,8,206.73,0,53,Debit Card,Los Angeles
ORD-109742,8/5/2023,Socks,Clothing,2,329.76,0.15,21,Debit Card,Phoenix
ORD-100262,4/13/2023,Mug,Home & Kitchen,4,423.05,0,31,Apple Pay,Online
ORD-102143,6/17/2023,Cookware Set,Home & Kitchen,6,69.52,0.1,22,DEBIT CARD,Chicago
ORD-108779,3/25/2023,Blender,Home & Kitchen,8,368.32,0,18,PayPal,Houston
ORD-102269,12/17/2023,Lip Balm,Beauty,3,391.85,0.2,150,Debit Card,Los Angeles
ORD-100446,6/30/2023,Monitor,Electronics,2,316.5,0.05,54,PayPal,New York
ORD-105533,4/12/2023,Wireless Mouse,Electronics,3,246.85,0.2,200,Debit Card,New York
ORD-107073,2/9/2023,Perfume,Beauty,6,139.48,0,56,Debit Card,Chicago
ORD-103953,1/27/2023,Perfume,Beauty,9,422.27,0.05,47,Debit Card,Online
ORD-107074,5/20/2023,Cookware Set,Home & Kitchen,8,263.65,0.15,64,Debit Card,New York
ORD-104439,5/21/2023,USB-C Cable,Electronics,2,370.97,0.1,66,Credit Card,Houston
ORD-101702,12/22/2023,Perfume,Beauty,9,137.25,0.15,N/A,Debit Card,Houston
ORD-107730,6/26/2023,Data Science 101,Books,4,96.58,0.2,65,Cash,Phoenix
ORD-102527,11/4/2023,Headphones,Electronics,7,335.12,0.1,62,Credit Card,Houston
ORD-103974,6/2/2023,Monitor,Electronics,7,9999.99,0.05,27,Apple Pay,New York
ORD-100069,1/13/2023,Fiction Novel,Books,2,434.2,0.15,24,Cash,Chicago
ORD-101169,1/15/2023,Air Fryer,Home & Kitchen,6,346.71,0.2,42,PayPal,Online
ORD-100049,2023-13-45,Perfume,Beauty,1,124.72,0.15,22,Credit Card,Los Angeles
ORD-101054,5/9/2023,Blender,Home & Kitchen,9,198,0.15,61,PayPal,Phoenix
ORD-100085,7/23/2023,Wireless Mouse,Electronics,1,159.15,0.05,150,Apple Pay,Los Angeles
ORD-100881,11/18/2023,Wireless Mouse,Electronics,5,417.73,0.15,71,,New York
ORD-102652,11/6/2023,Lip Balm,Beauty,2,138.41,0.2,55,PayPal,Houston
ORD-105839,1/30/2023,Moisturizer,Beauty,2,268.72,0.1,44,APPLE PAY,New York
ORD-102440,11/20/2023,Monitor,Electronics,6,120.6,,57,PayPal,Phoenix
ORD-103945,Invalid_Date,Hoodie,Clothing,4,96.09,0.2,55,PayPal,Online
ORD-105024,2/6/2023,Cookware Set,Home & Kitchen,4,401.53,0.1,25,Apple Pay,Chicago
ORD-101468,2/14/2023,Fiction Novel,Books,5,72.19,0,59,Credit Card,New York
ORD-106966,11/16/2023,USB-C Cable,Electronics,3,36.57,0.2,62,Cash,New York
ORD-103438,5/30/2023,Headphones,ELECTRONICS,2,365.54,0,44,Credit Card,Phoenix
ORD-102442,9/16/2023,USB-C Cable,Electronics,7,141.4,0.2,59,Apple Pay,New York
ORD-104986,5/20/2023,Jacket,Clothing,6,338.58,0.2,55,Apple Pay,Chicago
ORD-100231,Invalid_Date,Python Guide,Books,6,388.05,0.2,61,Cash,Online
ORD-101321,9/17/2023,Monitor,Electronics,2,379.32,0.2,58,PayPal,Chicago
ORD-100042,10/7/2023,Air Fryer,Home & Kitchen,1,365.47,0.2,200,PayPal,New York
ORD-103040,7/17/2023,Blender,Home & Kitchen,1,431,0,22,PayPal,New York
ORD-100778,11/18/2023,Jacket,Clothing,3,9999.99,0.2,51,Debit Card,Los Angeles
ORD-109217,9/3/2023,Jacket,Clothing,6,440.67,0.15,N/A,Debit Card,Phoenix
ORD-104681,2/14/2023,Python Guide,Books,-5,255.18,0.2,45,Debit Card,Los Angeles
ORD-101730,12/22/2023,Perfume,Beauty,5,32.08,0.05,42,Debit Card,New York
ORD-107364,5/12/2023,History Book,Books,6,160.19,0.15,60,Debit Card,Phoenix
ORD-100580,8/2/2023,Perfume,Beauty,7,,0,35,Cash,Chicago
ORD-104229,3/22/2023,Sunscreen,Beauty,1,352.65,0.15,33,Apple Pay,Houston
ORD-106226,7/10/2023,Monitor,Electronics,1,233.68,0.2,,PayPal,Phoenix
ORD-109413,7/13/2023,Mechanical Keyboard,Electronics,4,195.53,0.2,38,Credit Card,Los Angeles
ORD-103458,7/15/2023,Monitor,Electronics,6,76.07,0.15,33,Debit Card,Los Angeles
ORD-102868,1/16/2023,Headphones,Electronics,8,256.89,0.05,44,Debit Card,New York
ORD-101492,3/13/2023,Lip Balm,Beauty,8,50000,0.15,27,PayPal,Houston
ORD-108075,3/5/2023,USB-C Cable,Electronics,1,367.14,0.2,31,Cash,Online
ORD-109372,9/14/2023,Python Guide,BOOKS,9,163.02,0.05,51,Debit Card,Houston
ORD-100062,8/21/2023,Hoodie,Clothing,5,442.33,0.2,41,Cash,Los Angeles
ORD-107888,8/4/2023,Biography,Books,2,246.37,0.1,21,Debit Card,Los Angeles
ORD-108454,4/16/2023,Biography,Books,5,496.45,0.15,68,Apple Pay,Los Angeles
ORD-106968,11/9/2023,Perfume,Beauty,9,242.4,0.1,50,Apple Pay,New York
ORD-100403,5/26/2023,Sunscreen,Beauty,3,300.54,0.1,59,Debit Card,Phoenix
ORD-100333,3/28/2023,Blender,Home & Kitchen,0,34.87,0.15,30,Apple Pay,Chicago
ORD-102085,7/19/2023,T-Shirt,Clothing,1,,0.2,46,PayPal,Los Angeles
ORD-103058,2/12/2023,Air Fryer,Home & Kitchen,3,307.15,0.15,34,PayPal,Chicago
ORD-109826,10/3/2023,Data Science 101,Books,7,246.53,0.05,200,Debit Card,Chicago
ORD-106441,6/7/2023,Wireless Mouse,Electronics,4,5.72,0.2,32,PayPal,Chicago
ORD-100165,11/11/2023,Fiction Novel,Books,2,125.95,0.2,23,cash,Chicago
ORD-104526,2023-13-45,Coffee Maker,Home & Kitchen,4,236.92,0.05,46,PayPal,Los Angeles
ORD-102716,8/15/2023,Jacket,Clothing,7,166.53,0,33,Apple Pay,Online
ORD-109189,3/4/2023,USB-C Cable,Electronics,1,359.66,0,54,Debit Card,New York
ORD-107782,9/3/2023,Fiction Novel,Books,4,259.86,0.2,20,Credit Card,Phoenix
ORD-102756,7/23/2023,Blender,Home & Kitchen,2,232.87,0,150,Credit Card,Online
ORD-105816,1/4/2023,Data Science 101,Books,8,382.82,0.05,54,Debit Card,Chicago
ORD-107509,12/1/2023,T-Shirt,Clothing,9,360.82,0,33,Debit Card,Online
ORD-101335,12/31/2023,Blender,Home & Kitchen,4,391.12,0.15,24,Apple Pay,Los Angeles
ORD-107686,10/28/2023,History Book,Books,1,86.63,0,68,Credit Card,Phoenix
ORD-102865,12/22/2023,Blender,Home & Kitchen,4,62.62,0.05,57,Cash,Online
ORD-101660,8/13/2023,T-Shirt,Clothing,7,489.74,0,68,Apple Pay,Online
ORD-104065,10/21/2023,Headphones,Electronics,-5,352.84,0.1,20,Credit Card,Houston
ORD-100754,9/28/2023,Jacket,Clothing,1,Unknown,0.15,49,PayPal,Online
ORD-103065,9/22/2023,Headphones,Electronics,3,126.72,0.1,40,Cash,Online
ORD-107022,12/6/2023,Shampoo,Beauty,7,416.24,0.1,0,PayPal,Online
ORD-107457,11/27/2023,Cookware Set,Home & Kitchen,4,161.95,,52,Apple Pay,New York
ORD-100707,3/31/2023,Moisturizer,Beauty,8,-5,0,29,Apple Pay,Houston
ORD-102974,4/27/2023,Biography,Books,1,327.77,0.2,54,PayPal,Online
ORD-109919,9/12/2023,History Book,Books,1,9999.99,0.1,46,Credit Card,Chicago
ORD-106193,12/7/2023,Hoodie,Clothing,9,109.12,0.05,22,Credit Card,Houston
ORD-108812,3/26/2023,Sunscreen,Beauty,4,67.77,0,69,Debit Card,New York
ORD-109841,3/30/2023,Hoodie,Clothing,1,476.27,0.2,32,Apple Pay,Houston
ORD-100994,11/25/2023,Socks,Clothing,1,155.72,0.05,36,Credit Card,Chicago
ORD-109870,1/11/2023,Fiction Novel,Books,5,271.82,0.05,26,Apple Pay,New York
ORD-107110,3/30/2023,Mechanical Keyboard,Electronics,6,15.86,0.05,20,Credit Card,Chicago
ORD-109842,8/10/2023,Air Fryer,Home & Kitchen,2,294.73,0,41,Apple Pay,Houston
ORD-109252,8/31/2023,Mechanical Keyboard,Electronics,3,235.94,0,52,Debit Card,Phoenix
ORD-101835,5/4/2023,Lip Balm,Beauty,1,223.98,0.05,26,PayPal,Houston
ORD-103401,12/3/2023,Python Guide,Books,9,348.56,0.15,68,Apple Pay,Chicago
ORD-106924,4/8/2023,Monitor,Electronics,1,438.01,0,72,PayPal,New York
ORD-109927,3/20/2023,Headphones,Electronics,9,21.04,0,70,Cash,New York
ORD-108306,4/17/2023,Headphones,Electronics,8,118.87,0,19,Debit Card,Phoenix
ORD-105428,9/7/2023,Monitor,Electronics,4,158.82,0,N/A,Credit Card,Online
ORD-107399,3/25/2023,Jacket,Clothing,6,143.92,0.15,74,,Online
ORD-107719,11/6/2023,Hoodie,Clothing,2,310.19,0.15,24,PayPal,Chicago
ORD-106290,6/21/2023,Fiction Novel,Books,7,484.69,0.05,43,Apple Pay,Phoenix
ORD-105757,9/18/2023,Cookware Set,Home & Kitchen,6,212.53,0,26,PayPal,PHOENIX
ORD-102263,3/30/2023,Fiction Novel,Books,3,59.69,0.1,54,Cash,Los Angeles
ORD-102247,2/15/2023,Python Guide,Books,1,346.46,0.2,36,PayPal,Houston
ORD-100836,4/26/2023,Monitor,Electronics,4,Unknown,0,66,Credit Card,Houston
ORD-108641,6/23/2023,Data Science 101,BOOKS,4,32.97,0,23,Apple Pay,Online
ORD-109477,9/16/2023,Fiction Novel,Books,2,168.52,0.2,63,Debit Card,Los Angeles
ORD-100433,11/12/2023,Socks,Clothing,4,222.56,0.2,60,Apple Pay,Chicago
ORD-103838,7/3/2023,Fiction Novel,Books,9,Unknown,0,22,Debit Card,Phoenix
ORD-109297,1/12/2023,Jacket,Clothing,Unknown,222.78,0.15,46,Debit Card,Houston
ORD-109760,9/16/2023,Biography,Books,3,478.11,0.05,,Credit Card,Chicago
ORD-107372,3/19/2023,Mug,Home & Kitchen,6,136.65,0.2,41,Credit Card,New York
ORD-109677,5/27/2023,Air Fryer,Home & Kitchen,3,178.64,0.15,59,Cash,Los Angeles
ORD-101194,7/20/2023,Cookware Set,Home & Kitchen,3,32.09,0.2,59,Apple Pay,Phoenix
ORD-107392,2/15/2023,T-Shirt,Clothing,8,96.01,0.15,28,Cash,New York
ORD-102907,4/11/2023,Mug,Home & Kitchen,7,17.36,0.15,200,Apple Pay,Chicago
ORD-105825,5/17/2023,Headphones,Electronics,9,265.7,0.15,-5,Debit Card,Phoenix
ORD-107757,5/20/2023,History Book,Books,7,299.61,0.2,-1,Cash,Online
ORD-106688,7/8/2023,Blender,Home & Kitchen,5,264.46,0.1,72,Cash,Los Angeles
ORD-108966,3/30/2023,Air Fryer,Home & Kitchen,6,428.69,0.05,20,,Online
ORD-109186,4/15/2023,Hoodie,Clothing,2,326.18,0.2,18,Debit Card,Los Angeles
ORD-108118,4/14/2023,Moisturizer,Beauty,4,153.75,0.1,26,Cash,Chicago
ORD-108253,3/16/2023,Biography,Books,9,146.26,0.15,46,Credit Card,New York
ORD-102730,6/26/2023,Jacket,Clothing,9,353.99,0.1,24,Apple Pay,Phoenix
ORD-104517,3/1/2023,Lip Balm,Beauty,5,207.08,0.15,,Debit Card,Phoenix
ORD-106736,9/2/2023,USB-C Cable,Electronics,7,58.73,0.1,35,PayPal,Phoenix
ORD-100434,10/14/2023,Data Science 101,Books,2,326.85,0.1,22,APPLE PAY,Los Angeles
ORD-105567,10/18/2023,Socks,CLOTHING,3,223.17,0.15,18,PayPal,Chicago
ORD-107461,2/4/2023,Shampoo,Beauty,1,127.18,0.2,54,Debit Card,Los Angeles
ORD-109363,4/30/2023,Perfume,Beauty,4,277.13,0.05,200,Credit Card,Houston
ORD-100105,5/24/2023,Jeans,Clothing,4,473.37,0,56,Cash,New York
ORD-109793,6/10/2023,Jacket,Clothing,8,85.22,0,200,Cash,Phoenix
ORD-101657,11/22/2023,Biography,Books,9,128.93,0.1,46,Credit Card,Houston
ORD-107253,1/10/2023,Coffee Maker,Home & Kitchen,3,65.43,0.15,42,Debit Card,Phoenix
ORD-101534,3/18/2023,Monitor,Electronics,3,399.45,0.05,40,Cash,Houston
ORD-102987,6/2/2023,Monitor,Electronics,3,321.52,0.1,34,Debit Card,Phoenix
ORD-107920,3/11/2023,Socks,Clothing,5,399.25,0,29,PayPal,New York
ORD-101333,5/25/2023,Wireless Mouse,Electronics,5,N/A,0.05,54,Apple Pay,Chicago
ORD-105590,9/13/2023,Hoodie,Clothing,2,35.85,0.1,38,Credit Card,Los Angeles
ORD-104827,11/20/2023,Python Guide,Books,4,260.48,0.05,999,Credit Card,New York
ORD-104962,11/21/2023,Moisturizer,Beauty,6,297.59,0.05,21,Apple Pay,Online
ORD-101444,6/27/2023,Coffee Maker,Home & Kitchen,7,453.54,0.1,56,PayPal,new york
ORD-103285,2/13/2023,Blender,Home & Kitchen,N/A,342.43,0.15,58,Cash,Online
ORD-100215,9/14/2023,Coffee Maker,Home & Kitchen,8,295.79,0.1,64,PayPal,New York
ORD-107526,10/8/2023,Sunscreen,Beauty,5,324.09,0.15,64,Credit Card,Phoenix
ORD-105408,10/25/2023,Hoodie,Clothing,2,261.21,0.15,58,Apple Pay,New York
ORD-102911,5/20/2023,Socks,Clothing,7,134.92,0.1,69,PayPal,Online
ORD-107067,3/14/2023,Wireless Mouse,Electronics,6,27,0.2,60,Apple Pay,New York
ORD-109876,5/13/2023,Moisturizer,Beauty,9,50000,0.05,40,Cash,Phoenix
ORD-101420,8/23/2023,Jeans,Clothing,8,491.62,0.2,19,Cash,Houston
ORD-108182,2/7/2023,Fiction Novel,Books,5,78.77,0,68,Cash,Houston
ORD-108725,4/20/2023,Jacket,Clothing,4,81.88,0.05,69,Apple Pay,Chicago
ORD-100182,8/17/2023,USB-C Cable,Electronics,-1,414.83,0.15,47,Debit Card,Online
ORD-109134,10/21/2023,Blender,Home & Kitchen,-5,405.6,0.2,33,Credit Card,Chicago
ORD-108958,10/7/2023,Fiction Novel,Books,9,325.72,0.2,27,Debit Card,Chicago
ORD-102447,6/24/2023,History Book,Books,5,461.29,0.05,70,Debit Card,Phoenix
ORD-105681,12/3/2023,Fiction Novel,Books,8,484.96,0.15,23,Cash,Los Angeles
ORD-106731,12/14/2023,Mug,Home & Kitchen,6,24.4,0.1,31,PayPal,Los Angeles
ORD-106061,12/17/2023,Socks,Clothing,5,318.59,0,22,Credit Card,New York
ORD-109965,12/28/2023,Data Science 101,Books,1,484.02,0.1,33,Apple Pay,Online
ORD-103449,1/10/2023,T-Shirt,Clothing,4,182.87,0.1,46,Debit Card,Online
ORD-108329,11/10/2023,History Book,Books,6,259.72,0.2,50,Debit Card,Chicago
ORD-103173,2/24/2023,Mug,Home & Kitchen,3,109.71,0.05,52,PayPal,Online
ORD-101224,1/27/2023,USB-C Cable,Electronics,7,134.15,0.05,50,PayPal,Phoenix
ORD-106664,6/12/2023,Jacket,Clothing,6,317.69,0.05,52,Cash,New York
ORD-100071,4/2/2023,Jacket,Clothing,3,172.31,0.05,999,PayPal,New York
ORD-100545,5/13/2023,USB-C Cable,Electronics,4,445.68,0.1,45,Credit Card,Phoenix
ORD-101205,7/12/2023,Fiction Novel,Books,8,143.33,0.15,63,Apple Pay,Online
ORD-105823,8/28/2023,Fiction Novel,Books,3,368.83,0.15,30,Credit Card,Phoenix
ORD-106088,2023-13-45,Mug,Home & Kitchen,5,109,0.2,60,Apple Pay,Online
ORD-109377,3/11/2023,Shampoo,Beauty,8,432.13,0.15,32,Debit Card,New York
ORD-103147,12/22/2023,Hoodie,Clothing,1,412.87,0.15,65,Cash,Chicago
ORD-108349,10/20/2023,History Book,Books,6,402.44,0.15,-5,Cash,New York
ORD-109971,3/1/2023,Sunscreen,Beauty,3,140.7,0.15,64,Debit Card,Los Angeles
ORD-109187,9/16/2023,Biography,Books,7,375.52,0.15,52,Credit Card,Phoenix
ORD-108575,4/12/2023,Jeans,Clothing,5,84.45,0.1,72,Debit Card,Houston
ORD-104563,7/21/2023,Socks,Clothing,3,14.07,0.05,69,Credit Card,Chicago
ORD-105271,2/17/2023,Shampoo,Beauty,4,459.61,0.2,26,paypal,New York
ORD-108971,7/6/2023,Socks,Clothing,5,382.96,0.15,35,PayPal,New York
ORD-100878,4/22/2023,Biography,Books,2,14.48,0,72,PayPal,Chicago
ORD-108372,1/15/2023,Coffee Maker,Home & Kitchen,4,453.58,0.05,39,PayPal,Phoenix
ORD-100197,10/10/2023,Jacket,Clothing,4,,0.2,37,Apple Pay,Chicago
ORD-105590,9/13/2023,Hoodie,Clothing,2,35.85,0.1,38,Credit Card,Los Angeles
ORD-103746,12/3/2023,Lip Balm,Beauty,6,445.45,0.1,22,,Online
ORD-106701,4/13/2023,Biography,Books,6,50000,0.05,62,Apple Pay,Chicago
ORD-102998,3/11/2023,Biography,Books,8,19.95,0.1,40,Apple Pay,New York
ORD-102572,7/16/2023,Jacket,Clothing,6,457.94,0.15,30,Cash,New York
ORD-106256,12/1/2023,Socks,Clothing,4,,0,32,Apple Pay,Phoenix
ORD-109650,4/5/2023,Perfume,Beauty,4,247.38,,25,PayPal,Phoenix
ORD-108885,7/25/2023,Sunscreen,Beauty,1,309.23,0.05,42,PAYPAL,New York
ORD-109646,3/31/2023,Jacket,Clothing,9,388.58,0.05,47,PayPal,Houston
ORD-106568,12/1/2023,Air Fryer,Home & Kitchen,4,442.33,0.15,36,PayPal,Phoenix
ORD-105112,9/16/2023,Perfume,Beauty,2,430.29,0,N/A,Apple Pay,Houston
ORD-105699,8/6/2023,USB-C Cable,Electronics,2,155.88,0.05,N/A,PayPal,Online
ORD-106483,3/17/2023,Air Fryer,Home & Kitchen,7,277.31,0.05,20,Cash,Houston
ORD-102869,2/4/2023,Coffee Maker,Home & Kitchen,8,419.96,0,69,Credit Card,Phoenix
ORD-102719,1/15/2023,Headphones,Electronics,4,10.52,0.05,31,PayPal,New York
ORD-108913,3/17/2023,Lip Balm,Beauty,3,312.61,0,35,Apple Pay,Los Angeles
ORD-106209,10/6/2023,Sunscreen,Beauty,4,233.74,0.05,31,Apple Pay,Los Angeles
ORD-108107,11/14/2023,Python Guide,Books,8,334.62,0,69,Debit Card,Houston
ORD-105441,5/6/2023,Data Science 101,Books,9,477.02,0.15,35,Cash,Phoenix
ORD-105088,9/17/2023,Headphones,Electronics,7,187.86,0.15,,Cash,Houston
ORD-108271,1/27/2023,Coffee Maker,Home & Kitchen,5,287.61,0.15,47,Debit Card,Chicago
ORD-102233,4/21/2023,Jeans,Clothing,8,9999.99,0.05,18,Apple Pay,New York
ORD-102683,2/21/2023,Fiction Novel,Books,8,238.78,0.2,N/A,Cash,Chicago
ORD-104711,7/31/2023,Wireless Mouse,Electronics,3,62.82,0,999,Apple Pay,Houston
ORD-104619,9/12/2023,Fiction Novel,Books,5,111.2,0.05,53,Debit Card,Los Angeles
ORD-103567,11/7/2023,USB-C Cable,Electronics,8,95,0,71,Apple Pay,Houston
ORD-108270,9/23/2023,Python Guide,Books,1,401.75,0.2,18,PayPal,Phoenix
ORD-100219,3/28/2023,Fiction Novel,Books,3,,0.15,49,Apple Pay,Phoenix
ORD-109907,2/1/2023,Mechanical Keyboard,Electronics,5,488.38,0.2,57,Cash,Los Angeles
ORD-105014,1/27/2023,Jeans,Clothing,5,105.47,0.2,63,Apple Pay,Phoenix
ORD-107478,7/18/2023,Sunscreen,Beauty,5,256.35,0.1,38,Cash,Phoenix
ORD-102544,11/16/2023,Perfume,Beauty,9,254.8,0.05,,Credit Card,Online
ORD-109920,2/27/2023,Wireless Mouse,Electronics,9,308.54,0.15,27,Credit Card,New York
ORD-101245,1/14/2023,Blender,Home & Kitchen,2,104.63,0,46,Debit Card,Houston
ORD-100421,3/7/2023,Data Science 101,Books,7,135.24,0,38,Apple Pay,Online
ORD-107499,Invalid_Date,Jacket,Clothing,7,147.31,0.05,57,Credit Card,Online
ORD-109230,5/12/2023,Jeans,Clothing,4,272.44,0.15,71,Cash,Phoenix
ORD-102059,11/4/2023,Lip Balm,Beauty,8,453.13,0.05,18,Cash,Online
ORD-108743,8/2/2023,Wireless Mouse,ELECTRONICS,7,494.65,0,28,Debit Card,Houston
ORD-106865,4/2/2023,Jacket,Clothing,6,455.04,0.15,33,Debit Card,Chicago
ORD-103885,12/9/2023,Cookware Set,Home & Kitchen,1,99.4,0,23,Apple Pay,Houston
ORD-104808,3/31/2023,Moisturizer,BEAUTY,2,451.33,0.05,27,Debit Card,Los Angeles
ORD-101167,3/24/2023,Shampoo,Beauty,2,161.89,0.05,34,Apple Pay,Online
ORD-100255,10/30/2023,Mechanical Keyboard,Electronics,9,225.77,0.15,999,Cash,Online
ORD-100416,5/16/2023,Sunscreen,Beauty,1,153.92,0.15,20,Debit Card,New York
ORD-108651,12/25/2023,History Book,Books,5,230.94,0.1,63,Cash,Los Angeles
ORD-109448,5/27/2023,Biography,Books,-1,6.66,0.1,24,PayPal,Online
ORD-109694,8/14/2023,Moisturizer,Beauty,1,424.32,0.1,30,Debit Card,Los Angeles
ORD-103283,3/30/2023,Wireless Mouse,Electronics,4,401.34,0.15,67,Credit Card,Chicago
ORD-100760,3/21/2023,History Book,Books,3,476.47,0.1,60,Apple Pay,Online
ORD-101386,6/20/2023,Moisturizer,Beauty,2,168.04,0.1,43,Debit Card,Chicago
ORD-100655,2/22/2023,Cookware Set,Home & Kitchen,5,21.67,0.1,74,PayPal,Phoenix
ORD-101202,3/20/2023,Wireless Mouse,Electronics,-5,408.46,0.05,40,Debit Card,Houston
ORD-102414,2/22/2023,History Book,Books,7,416.96,0.05,45,Apple Pay,Online
ORD-105548,9/12/2023,Sunscreen,Beauty,4,111.64,0.1,59,PayPal,Online
ORD-104554,3/28/2023,Jacket,Clothing,4,469.4,0.05,64,Debit Card,Los Angeles
ORD-105379,9/29/2023,Jacket,Clothing,0,94.53,0.05,21,Apple Pay,Phoenix
ORD-105654,6/10/2023,Lip Balm,Beauty,5,209.57,0.2,55,Credit Card,Phoenix
ORD-109350,8/13/2023,Jeans,Clothing,2,85.15,0,25,PayPal,Online
ORD-103045,12/26/2023,Jacket,Clothing,6,488.93,0.05,,PayPal,Los Angeles
ORD-102831,5/22/2023,Mechanical Keyboard,Electronics,8,178.25,,38,PayPal,Phoenix
ORD-104819,9/5/2023,Shampoo,Beauty,8,402.42,0,59,Apple Pay,Chicago
ORD-100329,3/14/2023,Jeans,Clothing,6,299.41,0,67,Debit Card,Los Angeles
ORD-106413,2/12/2023,Mechanical Keyboard,Electronics,8,368.78,0.15,45,Cash,Los Angeles
ORD-106389,8/1/2023,Python Guide,Books,1,325.93,0.15,19,Apple Pay,Chicago
ORD-107930,12/15/2023,USB-C Cable,Electronics,1,86.97,0,33,PayPal,Online
ORD-106225,12/15/2023,Headphones,Electronics,5,54.68,0.1,57,Credit Card,Phoenix
ORD-102064,11/20/2023,Headphones,Electronics,1,50000,0.1,19,PayPal,Chicago
ORD-107008,3/4/2023,Python Guide,Books,9,375.3,0.2,61,Cash,Chicago
ORD-105169,8/22/2023,USB-C Cable,Electronics,2,299.58,0.15,57,Credit Card,Houston
ORD-103034,1/3/2023,Air Fryer,Home & Kitchen,3,422.96,0.15,150,Cash,Phoenix
ORD-108640,2/28/2023,Air Fryer,Home & Kitchen,8,409.64,0,35,Credit Card,New York
ORD-108652,5/21/2023,Air Fryer,Home & Kitchen,4,0,0,58,PayPal,Online
ORD-107483,6/16/2023,Cookware Set,Home & Kitchen,3,496.08,0.2,69,Cash,Los Angeles
ORD-108299,9/14/2023,Sunscreen,Beauty,6,5.05,0.15,55,Debit Card,Houston
ORD-101282,1/20/2023,Hoodie,Clothing,2,39.51,0,18,Credit Card,Phoenix
ORD-103020,Invalid_Date,Socks,Clothing,9,171.8,0.2,20,Debit Card,Los Angeles
ORD-103030,2/11/2023,Mechanical Keyboard,Electronics,5,397.15,0.2,48,Cash,Houston
ORD-103899,4/1/2023,Fiction Novel,Books,6,329.5,0.2,29,Credit Card,Phoenix
ORD-102637,6/1/2023,Socks,Clothing,9,202.98,0,55,Credit Card,Houston
ORD-103781,11/13/2023,Lip Balm,Beauty,1,185.07,0,30,Debit Card,Phoenix
ORD-106867,11/30/2023,Monitor,Electronics,6,453.87,0.05,33,Cash,Houston
ORD-107017,7/7/2023,USB-C Cable,Electronics,3,179.92,0.2,52,Cash,Chicago
ORD-103019,7/11/2023,Perfume,Beauty,5,178.27,0,72,Credit Card,Online
ORD-102946,7/16/2023,T-Shirt,Clothing,4,395.4,0.1,N/A,Apple Pay,Houston
ORD-105199,1/1/2023,Data Science 101,Books,5,266.66,0,57,Debit Card,Phoenix
ORD-104195,10/27/2023,Python Guide,Books,3,332.48,0.05,36,Debit Card,Phoenix
ORD-105845,12/2/2023,Python Guide,Books,2,366.88,0.15,47,Apple Pay,HOUSTON
ORD-102664,8/21/2023,Mechanical Keyboard,Electronics,9,218.71,0.2,33,Cash,Online
ORD-109849,11/1/2023,Monitor,Electronics,9,321.67,0,38,,Los Angeles
ORD-101283,7/8/2023,T-Shirt,Clothing,6,419.03,0.15,39,PayPal,Chicago
ORD-103956,2/26/2023,Coffee Maker,Home & Kitchen,7,493.74,0.05,55,PayPal,Chicago
ORD-101363,4/19/2023,Perfume,Beauty,4,122.95,0,27,Debit Card,online
ORD-104202,8/30/2023,Mug,Home & Kitchen,6,81.94,0.1,150,Cash,Phoenix
ORD-103980,8/21/2023,History Book,Books,6,312.83,0.2,68,Cash,Online
ORD-101438,2/15/2023,Mechanical Keyboard,Electronics,9,87.42,0.1,41,Cash,Houston
ORD-109918,4/20/2023,Hoodie,Clothing,1,491.81,0.05,58,Apple Pay,New York
ORD-109154,12/21/2023,Biography,Books,1,130.95,0.2,49,Cash,Los Angeles
ORD-100057,5/15/2023,Socks,Clothing,4,186.4,0.1,34,Cash,Los Angeles
ORD-104903,8/28/2023,Socks,Clothing,9,430.47,0.15,47,Debit Card,New York
ORD-108728,8/14/2023,Python Guide,Books,8,170.11,0.2,43,Cash,Houston
ORD-109150,2/27/2023,Python Guide,Books,3,229.4,0.2,53,Credit Card,Chicago
ORD-101845,3/5/2023,Data Science 101,Books,4,66.03,,65,Debit Card,Los Angeles
ORD-107402,9/12/2023,Hoodie,Clothing,4,140.02,0.15,25,Cash,Online
ORD-108829,5/29/2023,Sunscreen,Beauty,1,218.43,0,45,PayPal,Houston
ORD-105946,7/2/2023,Shampoo,Beauty,3,393.62,0.05,61,Credit Card,Los Angeles
ORD-102881,11/10/2023,History Book,Books,7,50000,0.05,35,Cash,Phoenix
ORD-101744,3/14/2023,Mechanical Keyboard,Electronics,2,156.67,0.15,30,Apple Pay,New York
ORD-108645,10/20/2023,Jacket,Clothing,9,100.81,0.1,200,Apple Pay,Houston
ORD-104631,Invalid_Date,Cookware Set,Home & Kitchen,2,416.37,0.2,43,PayPal,Chicago
ORD-105467,11/1/2023,Shampoo,Beauty,9,53.53,,33,Debit Card,Chicago
ORD-104059,7/25/2023,Moisturizer,Beauty,4,238.77,0.2,48,,Phoenix
ORD-100741,1/30/2023,Cookware Set,Home & Kitchen,7,306.77,,42,Apple Pay,Los Angeles
ORD-106799,10/6/2023,Headphones,Electronics,4,411.41,0.2,30,Cash,Chicago
ORD-104342,12/25/2023,Jeans,Clothing,5,,0,65,Apple Pay,Phoenix
ORD-105274,2/3/2023,Jacket,Clothing,5,9999.99,0,51,Apple Pay,Los Angeles
ORD-101625,5/25/2023,Sunscreen,Beauty,2,437.31,0.1,73,Cash,Online
ORD-100525,1/15/2023,Shampoo,Beauty,2,431.68,0.15,41,Debit Card,Houston
ORD-107026,9/19/2023,History Book,Books,4,483.6,0.2,19,Debit Card,Phoenix
ORD-105661,3/23/2023,Jacket,Clothing,7,221.88,0.2,68,Credit Card,Chicago
ORD-103236,5/25/2023,Lip Balm,Beauty,5,,0.2,69,PayPal,Los Angeles
ORD-105230,12/21/2023,Hoodie,Clothing,6,158.45,0.2,24,Apple Pay,Phoenix
ORD-103258,4/5/2023,Wireless Mouse,Electronics,3,189.79,0.15,69,Debit Card,Houston
ORD-109321,7/31/2023,Socks,Clothing,5,84.99,0.15,53,Cash,Phoenix
ORD-107133,1/26/2023,Socks,Clothing,3,451.97,0.2,55,Debit Card,Chicago
ORD-104588,5/12/2023,Headphones,Electronics,8,423.32,,65,PayPal,New York
ORD-100436,2/25/2023,Perfume,Beauty,2,33.6,0,40,Cash,Chicago
ORD-107783,8/7/2023,Perfume,Beauty,4,491.99,0.05,,Credit Card,Online
ORD-105360,8/20/2023,USB-C Cable,Electronics,4,434.45,0.2,21,Apple Pay,Chicago
ORD-100309,8/24/2023,USB-C Cable,Electronics,3,475.68,0.15,46,Debit Card,Online
ORD-101566,7/25/2023,History Book,Books,2,443.35,0.1,29,Debit Card,Houston
ORD-102632,9/15/2023,History Book,BOOKS,4,407.94,0,52,Credit Card,Online
ORD-105970,9/3/2023,Shampoo,Beauty,1,261.43,0.05,62,Apple Pay,Los Angeles
ORD-106933,2/3/2023,Sunscreen,Beauty,4,211.11,0.15,45,Cash,Chicago
ORD-100402,9/11/2023,History Book,Books,9,198.5,0,19,Debit Card,Chicago
ORD-104218,2/26/2023,Fiction Novel,Books,1,432.22,0.05,34,PayPal,Chicago
ORD-103069,2/22/2023,USB-C Cable,Electronics,5,223.06,0.2,26,PayPal,Phoenix
ORD-100882,10/26/2023,Fiction Novel,Books,8,51.98,0.15,25,Cash,Los Angeles
ORD-100435,12/11/2023,Cookware Set,Home & Kitchen,3,99.93,0.05,28,PAYPAL,Chicago
ORD-107586,1/31/2023,Jacket,Clothing,1,309.19,0,70,Credit Card,Houston
ORD-103298,9/14/2023,Python Guide,Books,3,460.67,0.05,36,Cash,Houston
ORD-103709,4/17/2023,Fiction Novel,Books,7,432.53,0.15,31,PAYPAL,New York
ORD-108319,8/27/2023,Mug,Home & Kitchen,3,219.87,0.1,44,Debit Card,Phoenix
ORD-108653,11/5/2023,Blender,Home & Kitchen,9,81.59,0.15,34,Debit Card,CHICAGO
ORD-105145,4/5/2023,Hoodie,Clothing,6,391.93,0,28,PayPal,New York
ORD-106114,4/24/2023,Data Science 101,Books,1,50000,0.05,53,Credit Card,Chicago
ORD-106597,1/23/2023,Mechanical Keyboard,Electronics,4,216.47,0.2,44,Credit Card,Houston
ORD-100289,4/24/2023,Moisturizer,Beauty,5,495.78,0.2,49,Credit Card,Houston
ORD-105793,11/5/2023,Wireless Mouse,Electronics,2,59.17,0.05,30,PayPal,Houston
ORD-108570,12/18/2023,Jeans,Clothing,7,128.25,0.1,39,Apple Pay,Phoenix
ORD-102624,11/16/2023,Data Science 101,Books,9,353.87,,51,Credit Card,Phoenix
ORD-106404,5/27/2023,Moisturizer,Beauty,6,25.71,0.15,18,Credit Card,Phoenix
ORD-100477,1/19/2023,Blender,Home & Kitchen,3,152.29,0.2,47,Cash,Online
ORD-108973,9/21/2023,Mechanical Keyboard,Electronics,8,58.72,0.1,60,PayPal,Los Angeles
ORD-109423,8/15/2023,T-Shirt,Clothing,9,232.66,0.15,34,PayPal,Los Angeles
ORD-100232,12/8/2023,Cookware Set,Home & Kitchen,3,474.48,0.15,41,Debit Card,Phoenix
ORD-109312,9/23/2023,Biography,BOOKS,7,331.26,0.15,34,Apple Pay,Phoenix
ORD-105937,2/8/2023,Jeans,Clothing,8,195.09,0.05,30,Apple Pay,Chicago
ORD-100738,3/26/2023,Biography,Books,8,116.93,0.2,37,PayPal,Chicago
ORD-106996,3/24/2023,Data Science 101,Books,4,62.96,0.05,72,Apple Pay,Online
ORD-100843,7/28/2023,Jeans,Clothing,7,340.35,0.1,54,CASH,Phoenix
ORD-109421,1/1/2023,T-Shirt,CLOTHING,2,464.15,0.15,63,Apple Pay,New York
ORD-105770,Invalid_Date,T-Shirt,Clothing,8,226.39,0.1,37,Credit Card,Phoenix
ORD-105932,8/6/2023,Blender,Home & Kitchen,9,122,0.2,30,PayPal,Chicago
ORD-105217,3/19/2023,Blender,Home & Kitchen,6,415.69,0.2,54,Credit Card,Chicago
ORD-103252,4/27/2023,Jacket,Clothing,6,239.09,0.2,67,Debit Card,HOUSTON
ORD-104421,1/24/2023,Mechanical Keyboard,Electronics,6,212.57,0.2,72,Cash,Los Angeles
ORD-105466,4/25/2023,Air Fryer,Home & Kitchen,8,96.69,0.15,29,PayPal,New York
ORD-105844,1/2/2023,Mug,Home & Kitchen,6,325.53,0.15,57,debit card,Online
ORD-104141,11/20/2023,Jeans,Clothing,1,100.04,0,25,Credit Card,Los Angeles
ORD-101322,6/19/2023,Headphones,Electronics,2,372.47,0.15,69,Credit Card,Online
ORD-101840,3/15/2023,Air Fryer,Home & Kitchen,2,465.06,0.1,34,Apple Pay,Houston
ORD-101996,Invalid_Date,Mug,Home & Kitchen,9,441.54,0.05,73,Credit Card,New York
ORD-102400,8/25/2023,Wireless Mouse,Electronics,4,144.79,0.2,25,Credit Card,Phoenix
ORD-107857,3/25/2023,Socks,Clothing,3,278.99,0.2,26,PayPal,Phoenix
ORD-103708,3/26/2023,Jeans,Clothing,7,289.4,,30,Apple Pay,Chicago
ORD-104383,1/16/2023,USB-C Cable,Electronics,2,125.53,0.15,22,Debit Card,Phoenix
ORD-104166,1/31/2023,Monitor,Electronics,4,9999.99,0.15,26,Cash,Houston
ORD-100801,12/7/2023,Mug,Home & Kitchen,2,9999.99,0.05,60,Debit Card,Phoenix
ORD-105664,12/8/2023,T-Shirt,Clothing,9,442.54,0,58,Credit Card,Online
ORD-108453,1/30/2023,Python Guide,Books,4,342.72,0,67,,Phoenix
ORD-101406,8/14/2023,History Book,Books,5,471.78,0.2,32,Apple Pay,Chicago
ORD-106861,7/29/2023,Mug,Home & Kitchen,2,0,0.05,59,Apple Pay,Phoenix
ORD-100070,5/20/2023,Biography,Books,9,315.81,0,25,Cash,Los Angeles
ORD-107235,6/29/2023,Mechanical Keyboard,Electronics,9,289.55,0.2,999,PayPal,Los Angeles
ORD-102760,2/13/2023,Perfume,Beauty,3,227.61,0.1,23,Debit Card,Chicago
ORD-108573,11/8/2023,Shampoo,Beauty,5,416.58,0.1,65,PayPal,Online
ORD-104412,2/11/2023,Monitor,Electronics,8,177.8,0.1,,Apple Pay,Online
ORD-101587,9/12/2023,Cookware Set,Home & Kitchen,4,277.19,0.15,38,Cash,Chicago
ORD-104534,5/31/2023,Jacket,Clothing,6,457.99,0,45,PayPal,Phoenix
ORD-104437,6/11/2023,Blender,Home & Kitchen,8,49.14,0.2,33,Cash,Phoenix
ORD-105954,4/12/2023,Biography,Books,2,248.2,0.1,19,Cash,Phoenix
ORD-101075,2/23/2023,Fiction Novel,Books,9,192.03,0.2,36,PayPal,Chicago
ORD-106177,7/26/2023,History Book,Books,7,498.79,0,50,PayPal,Houston
ORD-103509,3/29/2023,Headphones,Electronics,7,481.67,0,20,PayPal,Los Angeles
ORD-101470,9/10/2023,T-Shirt,Clothing,3,105.86,0,43,PayPal,New York
ORD-109339,11/11/2023,Jacket,Clothing,2,391.2,0.2,999,Credit Card,Online
ORD-102604,5/28/2023,USB-C Cable,Electronics,1,463.47,0.1,61,Apple Pay,Houston
ORD-108618,5/27/2023,Python Guide,Books,2,213.82,0.15,27,cash,Phoenix
ORD-101580,12/30/2023,Python Guide,Books,4,39.85,0,24,Apple Pay,Online
ORD-103530,5/6/2023,Blender,Home & Kitchen,3,264.72,0.2,38,Apple Pay,Online
ORD-103904,5/8/2023,Hoodie,Clothing,7,428.34,0.1,71,Credit Card,New York
ORD-104031,4/5/2023,Hoodie,Clothing,5,9999.99,0.15,73,PayPal,Phoenix
ORD-100410,7/19/2023,Moisturizer,Beauty,5,139.22,0.05,-1,Credit Card,Houston
ORD-103796,7/9/2023,Moisturizer,beauty,6,77.1,0.2,71,Credit Card,Online
ORD-102953,10/21/2023,T-Shirt,Clothing,1,16.13,0.15,62,Debit Card,Houston
ORD-107770,2023-13-45,Fiction Novel,Books,7,67.95,0.2,65,Apple Pay,Phoenix
ORD-107436,9/30/2023,Coffee Maker,Home & Kitchen,8,466.77,0.05,72,apple pay,Houston
ORD-104185,3/13/2023,Headphones,Electronics,3,338.19,0.05,56,PayPal,Phoenix
ORD-103092,10/2/2023,Perfume,Beauty,5,40.98,0,46,Cash,Chicago
ORD-102727,2/11/2023,Shampoo,Beauty,9,134.44,0.05,27,Apple Pay,Chicago
ORD-100478,5/20/2023,Fiction Novel,Books,7,290.7,0.2,64,Apple Pay,Chicago
ORD-101330,11/1/2023,Mechanical Keyboard,Electronics,2,242.88,0.15,72,Credit Card,Chicago
ORD-102284,3/2/2023,Lip Balm,Beauty,5,25.41,0,74,Apple Pay,Houston
ORD-109933,9/20/2023,Perfume,Beauty,9,50000,0.1,50,Cash,Online
ORD-104878,5/5/2023,Moisturizer,Beauty,2,474.92,0.15,40,Cash,Phoenix
ORD-101778,3/17/2023,Monitor,Electronics,3,418.76,0.15,54,Credit Card,Houston
ORD-106499,10/10/2023,Fiction Novel,Books,3,217.34,0.05,62,PayPal,New York
ORD-100752,11/4/2023,Biography,Books,6,171.13,0.2,20,Credit Card,Chicago
ORD-106178,9/16/2023,Mechanical Keyboard,Electronics,8,153.14,0,23,Debit Card,Phoenix
ORD-104340,10/7/2023,Perfume,Beauty,6,497.18,0.05,68,PayPal,ONLINE
ORD-109095,8/13/2023,Mug,Home & Kitchen,5,330.38,0.1,40,Credit Card,Houston
ORD-106429,8/23/2023,Moisturizer,Beauty,-1,137.82,0.05,52,Credit Card,New York
ORD-107627,5/20/2023,Fiction Novel,Books,4,430.66,0,71,Apple Pay,Online
ORD-106148,5/22/2023,Lip Balm,Beauty,4,388.64,0.2,33,Debit Card,Chicago
ORD-101032,8/25/2023,Python Guide,Books,5,326.96,0,37,Debit Card,Online
ORD-105545,9/12/2023,Mechanical Keyboard,Electronics,3,432.22,0.2,,Cash,New York
ORD-105501,4/15/2023,Wireless Mouse,Electronics,5,304.77,0.2,25,Debit Card,Chicago
ORD-100469,8/1/2023,History Book,Books,2,471.82,0.15,49,PayPal,Los Angeles
ORD-101546,5/20/2023,Lip Balm,Beauty,6,95.86,0.05,48,Credit Card,Los Angeles
ORD-108770,5/1/2023,History Book,Books,7,472.23,0.15,73,Debit Card,New York
ORD-108818,2/14/2023,Cookware Set,Home & Kitchen,2,281.47,0.2,32,Apple Pay,New York
ORD-102684,12/21/2023,Wireless Mouse,electronics,1,163.91,0.15,64,Credit Card,New York
ORD-108952,10/12/2023,Jacket,Clothing,6,20.57,0.2,71,paypal,Phoenix
ORD-106593,1/28/2023,Data Science 101,Books,6,371.08,0.1,65,Apple Pay,Chicago
ORD-101026,9/17/2023,Data Science 101,Books,2,303.22,0.15,36,Cash,Online
ORD-104263,3/11/2023,Monitor,Electronics,4,344.92,0.2,54,Credit Card,Chicago
ORD-109062,1/15/2023,Air Fryer,Home & Kitchen,1,315.66,0.1,21,Credit Card,New York
ORD-105730,7/24/2023,Headphones,Electronics,3,278.24,0.2,42,Cash,New York
ORD-106849,11/17/2023,Perfume,Beauty,5,234.01,0,37,Cash,New York
ORD-102355,6/23/2023,Perfume,Beauty,4,398.63,0.05,50,Cash,Phoenix
ORD-105457,4/27/2023,Fiction Novel,Books,1,-5,0.05,65,Credit Card,Online
ORD-104092,12/13/2023,Moisturizer,Beauty,8,487.11,0.1,27,Debit Card,Online
ORD-100774,9/23/2023,Moisturizer,Beauty,7,9999.99,0.05,42,Cash,Phoenix
ORD-103466,12/23/2023,Monitor,Electronics,7,40.78,0.2,31,PayPal,Phoenix
ORD-109072,5/10/2023,T-Shirt,Clothing,3,372.25,0.2,70,Cash,Chicago
ORD-104234,12/28/2023,Socks,Clothing,2,161.69,0.15,65,Credit Card,New York
ORD-108157,6/3/2023,Socks,Clothing,-5,319.79,0.1,26,Cash,Chicago
ORD-100642,2/4/2023,Mechanical Keyboard,Electronics,2,170.04,0,47,PayPal,New York
ORD-104503,12/2/2023,Fiction Novel,Books,6,315.35,0.15,51,PayPal,Los Angeles
ORD-106420,9/2/2023,Python Guide,Books,8,481.22,0.2,56,PayPal,New York
ORD-104367,3/20/2023,Blender,Home & Kitchen,Unknown,475.01,0.05,54,Debit Card,Houston
ORD-108070,6/17/2023,Perfume,Beauty,8,211.53,0.05,999,Credit Card,Phoenix
ORD-103593,11/17/2023,Jeans,Clothing,2,250.7,0.1,74,Debit Card,Chicago
ORD-108892,3/30/2023,Python Guide,Books,6,74.74,0.1,31,PayPal,Online
ORD-101109,1/1/2023,Perfume,Beauty,6,272.93,0.05,60,PayPal,New York
ORD-107830,7/6/2023,Blender,Home & Kitchen,5,411.06,0.1,71,Apple Pay,Los Angeles
ORD-106423,8/8/2023,USB-C Cable,Electronics,9,262.73,0.1,46,PayPal,Chicago
ORD-101421,3/31/2023,Jacket,Clothing,6,369.73,0.05,55,Credit Card,Houston
ORD-105341,6/6/2023,Jeans,Clothing,3,37.69,0.2,60,Debit Card,Los Angeles
ORD-105170,2/2/2023,Biography,Books,6,209.75,0.2,71,Credit Card,Houston
ORD-106953,8/10/2023,Jacket,Clothing,8,314.87,0.15,71,Debit Card,Chicago
ORD-106791,10/5/2023,Jeans,Clothing,9,0,0.1,27,Cash,Chicago
ORD-105273,2/18/2023,Coffee Maker,Home & Kitchen,8,495.24,0.1,27,Cash,LOS ANGELES
ORD-105864,4/2/2023,Coffee Maker,Home & Kitchen,3,88.01,0,32,PayPal,Los Angeles
ORD-100963,2/21/2023,Mechanical Keyboard,Electronics,2,29.92,0,200,Apple Pay,Chicago
ORD-101681,5/20/2023,Biography,Books,6,347.97,0.05,56,PayPal,New York
ORD-101248,1/26/2023,Sunscreen,BEAUTY,7,373.23,0,43,Debit Card,Los Angeles
ORD-100634,7/22/2023,Headphones,Electronics,1,283.54,0,Unknown,PayPal,Online
ORD-102570,9/17/2023,Hoodie,Clothing,4,66.04,0,47,PayPal,Chicago
ORD-109335,9/16/2023,Perfume,Beauty,7,205.87,0.2,70,PayPal,New York
ORD-103791,9/28/2023,Headphones,Electronics,2,254.09,0.1,45,Debit Card,Phoenix
ORD-103310,1/30/2023,Coffee Maker,Home & Kitchen,4,488.05,0.2,,PayPal,Phoenix
ORD-102167,5/14/2023,Headphones,Electronics,7,82.6,0.05,59,Apple Pay,Houston
ORD-100364,5/6/2023,Shampoo,Beauty,4,67.24,0.2,N/A,Credit Card,Los Angeles
ORD-102856,6/4/2023,Coffee Maker,HOME & KITCHEN,4,447.98,0.2,31,PayPal,Los Angeles
ORD-102826,1/30/2023,Shampoo,Beauty,7,62.62,0.2,72,Debit Card,LOS ANGELES
ORD-109750,5/8/2023,Headphones,Electronics,4,223.14,0.1,19,Credit Card,New York
ORD-106662,1/15/2023,Coffee Maker,Home & Kitchen,5,254.36,0.2,47,Credit Card,Phoenix
ORD-108013,11/18/2023,Socks,CLOTHING,5,238.75,0.2,66,PayPal,Phoenix
ORD-107653,2/12/2023,Coffee Maker,Home & Kitchen,6,283.62,0.1,33,Debit Card,Phoenix
ORD-103998,5/28/2023,Monitor,Electronics,5,277.63,0.05,200,Debit Card,New York
ORD-104149,4/16/2023,Jeans,Clothing,4,206.37,0.05,71,Debit Card,Los Angeles
ORD-104476,7/18/2023,Mechanical Keyboard,ELECTRONICS,7,403.51,0,55,Credit Card,Phoenix
ORD-103339,7/5/2023,Headphones,Electronics,5,403.12,0.05,45,PayPal,Chicago
ORD-103705,5/5/2023,Shampoo,Beauty,8,449.62,0.2,52,Debit Card,Chicago
ORD-101173,11/11/2023,Biography,Books,8,121.63,0.1,37,Debit Card,Houston
ORD-104329,11/20/2023,Headphones,Electronics,4,391.27,0,,Cash,New York
ORD-109175,7/14/2023,Python Guide,Books,7,50000,0,26,Apple Pay,Houston
ORD-107913,1/22/2023,History Book,Books,7,419.9,0.15,27,Credit Card,Los Angeles
ORD-102577,5/20/2023,Mug,Home & Kitchen,4,406.18,0.1,65,Apple Pay,Los Angeles
ORD-101990,11/16/2023,Fiction Novel,Books,5,453.4,0,31,Apple Pay,Los Angeles
ORD-107432,11/5/2023,Cookware Set,Home & Kitchen,7,449.94,0,63,Credit Card,Houston
ORD-103510,8/30/2023,Blender,Home & Kitchen,3,490.29,0.1,24,Cash,Phoenix
ORD-104455,1/1/2023,Moisturizer,Beauty,4,31.31,0.15,68,Debit Card,Phoenix
ORD-109163,3/26/2023,Jeans,Clothing,6,47.04,0,21,Apple Pay,Los Angeles
ORD-104863,9/10/2023,Biography,Books,7,230.87,0.1,65,Credit Card,Houston
ORD-103647,7/5/2023,Biography,Books,0,263.97,0.2,19,Credit Card,Chicago
ORD-105763,1/14/2023,Headphones,Electronics,4,417.8,0.2,44,Debit Card,Chicago
ORD-102629,1/28/2023,Coffee Maker,Home & Kitchen,6,226.8,0.15,55,Debit Card,Online
ORD-100378,10/18/2023,Coffee Maker,Home & Kitchen,1,122.58,0.15,55,PayPal,Houston
ORD-101411,12/4/2023,Moisturizer,Beauty,4,411.81,0.1,18,Credit Card,Houston
ORD-105138,3/28/2023,T-Shirt,Clothing,4,386.65,0.1,73,Cash,Houston
ORD-104239,12/21/2023,Wireless Mouse,Electronics,2,458.49,0,35,PayPal,Phoenix
ORD-104583,1/19/2023,Sunscreen,Beauty,3,435,0.05,21,Cash,Houston
ORD-106581,6/6/2023,Socks,Clothing,9,9999.99,0.2,36,PayPal,Phoenix
ORD-107198,1/15/2023,USB-C Cable,Electronics,7,167.74,0.05,30,PayPal,Los Angeles
ORD-106993,3/23/2023,Blender,Home & Kitchen,4,265.91,0.05,45,paypal,Houston
ORD-100816,6/9/2023,Hoodie,Clothing,5,208.49,0.15,,Debit Card,Online
ORD-102405,11/5/2023,Mechanical Keyboard,Electronics,7,219.14,0.15,37,Debit Card,Phoenix
ORD-105759,2/1/2023,Air Fryer,Home & Kitchen,7,399.86,0.05,57,Cash,New York
ORD-109702,10/28/2023,Cookware Set,Home & Kitchen,7,105.28,0,35,Cash,New York
ORD-105571,4/27/2023,Jacket,Clothing,6,94.75,0.15,32,Debit Card,New York
ORD-102132,5/20/2023,Headphones,ELECTRONICS,8,333.14,0,47,Credit Card,New York
ORD-101798,2023-13-45,Data Science 101,Books,6,158.37,0.1,26,Debit Card,Online
ORD-103091,8/2/2023,Headphones,Electronics,4,424.09,0.1,70,Apple Pay,Los Angeles
ORD-109310,12/21/2023,Perfume,Beauty,3,140.87,0.15,64,Cash,Phoenix
ORD-104866,3/25/2023,Air Fryer,Home & Kitchen,6,204.83,0.2,25,Credit Card,New York
ORD-103123,10/31/2023,History Book,Books,5,472.39,0.1,55,Cash,New York
ORD-109992,7/14/2023,Wireless Mouse,electronics,5,304.35,0.05,35,PayPal,Online
ORD-105372,8/27/2023,Blender,Home & Kitchen,7,287.34,0.15,27,Cash,Los Angeles
ORD-107385,Invalid_Date,Perfume,Beauty,9,109.52,0.2,25,Cash,New York
ORD-100123,7/5/2023,Cookware Set,Home & Kitchen,4,234.53,0.15,67,Debit Card,Houston
ORD-100180,5/17/2023,Coffee Maker,Home & Kitchen,2,66.53,0.05,29,Apple Pay,Online
ORD-109525,8/14/2023,Hoodie,Clothing,6,72.19,0.05,28,PayPal,Los Angeles
ORD-100971,3/1/2023,Data Science 101,Books,5,106.1,0.2,39,Cash,Houston
ORD-104823,9/18/2023,Headphones,Electronics,4,43.32,0.05,63,Credit Card,Phoenix
ORD-108730,5/11/2023,Jacket,Clothing,4,254.01,0.05,33,Cash,Los Angeles
ORD-104192,2/28/2023,Jeans,Clothing,7,206.43,0.2,71,Debit Card,Online
ORD-105737,6/30/2023,Moisturizer,Beauty,8,457.79,0.1,44,Credit Card,Houston
ORD-101158,8/11/2023,Headphones,Electronics,3,443.71,0,48,Credit Card,Phoenix
ORD-100238,11/22/2023,Socks,Clothing,7,343.18,0.05,38,Apple Pay,Online
ORD-101533,4/3/2023,Coffee Maker,Home & Kitchen,1,182.57,0.15,47,Debit Card,Online
ORD-105235,4/27/2023,Headphones,Electronics,5,263.91,0.15,62,Cash,Phoenix
ORD-103411,5/13/2023,Moisturizer,Beauty,3,366.11,0.1,74,Debit Card,Houston
ORD-106725,4/26/2023,Hoodie,Clothing,2,411.01,0.15,54,Debit Card,Online
ORD-109381,4/9/2023,Shampoo,Beauty,8,407.85,0.2,32,Debit Card,New York
ORD-101536,5/20/2023,Moisturizer,Beauty,6,288.52,0.1,73,PayPal,Phoenix
ORD-103394,10/6/2023,Fiction Novel,Books,8,120.15,0.05,23,Credit Card,Online
ORD-109938,8/9/2023,T-Shirt,Clothing,7,304.14,0.15,37,Debit Card,Phoenix
ORD-108066,9/11/2023,Mechanical Keyboard,Electronics,7,296.94,0,26,PayPal,Houston
ORD-100899,12/21/2023,Mechanical Keyboard,Electronics,8,155.29,0.15,65,Debit Card,New York
ORD-102606,5/13/2023,Blender,Home & Kitchen,3,489.73,0,44,PayPal,Los Angeles
ORD-101723,11/13/2023,Perfume,Beauty,1,277.52,0.05,71,Apple Pay,Los Angeles
ORD-107504,6/17/2023,Biography,Books,6,135.55,0.1,41,Cash,New York
ORD-107946,Invalid_Date,Python Guide,Books,3,254.72,0.05,60,Apple Pay,Los Angeles
ORD-102178,9/12/2023,Socks,Clothing,4,450.46,0,45,Cash,New York
ORD-108337,6/28/2023,Data Science 101,Books,3,386.54,0.15,73,Credit Card,New York
ORD-102352,12/15/2023,Shampoo,Beauty,4,44.5,0.15,55,Credit Card,Online
ORD-103326,4/10/2023,Shampoo,Beauty,4,168.8,0.05,57,Credit Card,Phoenix
ORD-106596,10/7/2023,Jeans,Clothing,2,258.08,0.15,67,Cash,Houston
ORD-106430,5/10/2023,Data Science 101,Books,6,9999.99,0.15,58,Apple Pay,Phoenix
ORD-108269,9/15/2023,Jacket,Clothing,5,48.56,0,39,PayPal,Phoenix
ORD-104861,10/7/2023,Air Fryer,Home & Kitchen,4,Unknown,0,66,Debit Card,New York
ORD-102135,4/22/2023,Mug,Home & Kitchen,4,9999.99,0.1,53,Apple Pay,Houston
ORD-101481,11/25/2023,Sunscreen,beauty,8,441.58,0.1,37,Credit Card,Online
ORD-102794,12/8/2023,History Book,Books,4,124.13,0.05,74,Credit Card,Phoenix
ORD-106920,8/27/2023,Shampoo,Beauty,1,98.3,0.05,52,PayPal,Phoenix
ORD-103571,8/10/2023,Fiction Novel,Books,8,486.22,0.05,59,Credit Card,Los Angeles
ORD-105382,11/29/2023,Wireless Mouse,Electronics,9,140.73,0.15,63,Apple Pay,New York
ORD-104933,3/28/2023,Sunscreen,Beauty,3,199.26,0,26,Debit Card,New York
ORD-103690,1/4/2023,Sunscreen,Beauty,8,328.81,0,51,Apple Pay,Online
ORD-108519,11/10/2023,Perfume,Beauty,5,175.65,0,70,Credit Card,Houston
ORD-104203,3/2/2023,Jacket,Clothing,6,498.28,0,N/A,Debit Card,Houston
ORD-103913,2/26/2023,Lip Balm,Beauty,3,351.83,0.15,-1,Cash,Phoenix
ORD-104909,10/13/2023,Blender,Home & Kitchen,9,448.95,0.2,40,Debit Card,Houston
ORD-105975,12/28/2023,Mug,Home & Kitchen,1,52.31,0,200,Apple Pay,New York
ORD-105304,10/16/2023,Socks,Clothing,1,76.59,0.15,56,Cash,Chicago
ORD-101953,4/25/2023,Sunscreen,Beauty,1,340.67,0.2,43,Debit Card,Los Angeles
ORD-100556,10/29/2023,Mug,Home & Kitchen,9,155.45,0.15,31,Debit Card,Los Angeles
ORD-105124,11/26/2023,Wireless Mouse,Electronics,5,167.04,,43,PayPal,New York
ORD-101164,Invalid_Date,Jacket,Clothing,9,165.25,0,36,Cash,Chicago
ORD-101585,4/18/2023,Perfume,Beauty,9,361.46,0,36,Credit Card,Phoenix
ORD-106310,9/8/2023,Data Science 101,Books,1,193.46,0.05,43,Credit Card,Chicago
ORD-106557,9/5/2023,History Book,Books,9,365.2,0.15,30,Cash,Online
ORD-103929,3/8/2023,Mug,Home & Kitchen,1,121.25,0.05,66,apple pay,Online
ORD-106224,2/17/2023,Coffee Maker,Home & Kitchen,4,374.25,0.2,52,PayPal,Online
ORD-107162,12/15/2023,Hoodie,Clothing,4,321.1,0,-1,Apple Pay,Phoenix
ORD-105596,12/6/2023,Perfume,Beauty,3,360.83,0.15,37,PayPal,Phoenix
ORD-101460,12/28/2023,Moisturizer,Beauty,1,476.65,0,66,Credit Card,Phoenix
ORD-105211,8/13/2023,Sunscreen,Beauty,9,190.36,0.1,54,Credit Card,New York
ORD-101599,6/12/2023,Socks,Clothing,8,15.74,0,63,Apple Pay,Houston
ORD-107654,7/27/2023,Jacket,Clothing,9,289.1,0.2,55,PayPal,Chicago
ORD-100301,1/17/2023,T-Shirt,Clothing,4,153.98,0.15,39,Debit Card,Chicago
ORD-108656,Invalid_Date,Python Guide,Books,4,41.59,0.05,30,Debit Card,Houston
ORD-109951,Invalid_Date,Perfume,Beauty,3,379.08,0.2,62,PayPal,Chicago
ORD-106588,Invalid_Date,Lip Balm,Beauty,5,39.93,0.2,18,PayPal,New York
ORD-107640,5/15/2023,Cookware Set,Home & Kitchen,1,10.63,0,47,Debit Card,Houston
ORD-107773,10/17/2023,Perfume,Beauty,4,114.89,0.1,55,Cash,Houston
ORD-107842,11/23/2023,Biography,Books,8,441.76,0.05,71,Debit Card,Los Angeles
ORD-104620,8/21/2023,Wireless Mouse,Electronics,2,288.79,0.1,30,Cash,Los Angeles
ORD-102859,1/7/2023,T-Shirt,Clothing,7,26.88,0.05,63,Apple Pay,Online
ORD-104036,8/11/2023,Sunscreen,Beauty,4,173.22,0.15,20,Cash,New York
ORD-104082,10/10/2023,Moisturizer,Beauty,3,Unknown,0.1,37,PayPal,Los Angeles
ORD-103143,2023-13-45,Mug,Home & Kitchen,5,286.13,0,48,Apple Pay,Houston
ORD-101360,12/10/2023,Headphones,Electronics,2,188.63,0.1,52,Cash,Houston
ORD-104833,9/16/2023,Python Guide,Books,7,368.8,0.05,-1,Apple Pay,Los Angeles
ORD-101936,6/22/2023,Sunscreen,Beauty,7,290.56,0,73,PayPal,Los Angeles
ORD-103206,10/20/2023,Jeans,Clothing,1,N/A,0.1,25,Apple Pay,Online
ORD-107779,8/4/2023,USB-C Cable,Electronics,7,274.18,0.05,21,debit card,Houston
ORD-100487,1/24/2023,T-Shirt,Clothing,4,,0.1,43,PayPal,Phoenix
ORD-109333,Invalid_Date,Wireless Mouse,Electronics,2,114.66,0.15,66,Debit Card,Chicago
ORD-109478,7/20/2023,Perfume,Beauty,5,180.26,0.2,65,Cash,Houston
ORD-109855,7/21/2023,Lip Balm,Beauty,7,415.93,0.15,999,Cash,New York
ORD-108305,9/6/2023,Jeans,Clothing,7,258.19,0.15,53,Cash,Houston
ORD-108623,9/13/2023,USB-C Cable,Electronics,3,398.24,0.05,66,Credit Card,New York
ORD-106479,2023-13-45,Air Fryer,Home & Kitchen,6,257.6,0.15,27,Debit Card,Los Angeles
ORD-103338,1/7/2023,Blender,Home & Kitchen,6,298.59,0.1,66,Apple Pay,New York
ORD-103609,4/23/2023,Biography,Books,3,346.45,0,39,Debit Card,Houston
ORD-109935,11/29/2023,Headphones,Electronics,5,22.42,0.05,56,Cash,New York
ORD-101153,7/10/2023,Moisturizer,Beauty,9,440.48,0,-5,PayPal,New York
ORD-105744,3/4/2023,Jacket,Clothing,7,,0.2,33,Apple Pay,Online
ORD-102679,2/10/2023,Data Science 101,Books,6,262.97,0,69,CASH,Los Angeles
ORD-101213,9/30/2023,Python Guide,Books,2,152.34,0,32,PayPal,New York
ORD-100408,3/11/2023,Sunscreen,Beauty,9,165.07,0,56,Cash,Phoenix
ORD-105205,3/28/2023,Fiction Novel,Books,3,307.15,0.2,61,Cash,Houston
ORD-107377,2/13/2023,Headphones,ELECTRONICS,8,208.92,0.05,34,Apple Pay,Online
ORD-109612,12/30/2023,Jeans,Clothing,9,416.77,0.15,41,PayPal,Online
ORD-109993,4/10/2023,History Book,Books,2,268.22,0.15,36,Credit Card,Houston
ORD-108515,7/7/2023,Hoodie,Clothing,3,232.68,,21,PayPal,Los Angeles
ORD-107144,9/1/2023,Shampoo,Beauty,7,296.33,0.05,71,Debit Card,New York
ORD-108037,9/10/2023,Jacket,Clothing,5,240.95,0,34,credit card,Houston
ORD-105016,3/7/2023,Coffee Maker,Home & Kitchen,9,280.34,0.15,26,Debit Card,Los Angeles
ORD-100666,6/26/2023,Mechanical Keyboard,Electronics,3,219.74,0.15,68,PayPal,Online
ORD-107169,8/19/2023,Moisturizer,Beauty,5,0,0,44,PayPal,Chicago
ORD-108498,8/24/2023,Perfume,Beauty,9,404.5,0.05,64,Cash,New York
ORD-108577,11/26/2023,Shampoo,Beauty,9,39.57,0.2,29,Credit Card,Los Angeles
ORD-100643,9/21/2023,Headphones,Electronics,3,498.92,0.05,66,Credit Card,Houston
ORD-109517,12/2/2023,Shampoo,Beauty,1,222,0.15,72,Debit Card,Los Angeles
ORD-100177,5/20/2023,T-Shirt,Clothing,7,276.72,0.05,37,Debit Card,Online
ORD-106443,7/12/2023,Cookware Set,Home & Kitchen,8,342.33,0.1,72,Apple Pay,New York
ORD-100488,11/6/2023,Python Guide,Books,5,333.21,0.2,999,PayPal,New York
ORD-109060,4/27/2023,T-Shirt,Clothing,4,192.42,0,20,Debit Card,Chicago
ORD-100787,5/25/2023,History Book,Books,6,-5,0.05,67,Apple Pay,Los Angeles
ORD-106819,8/26/2023,Moisturizer,Beauty,2,71.58,0.1,67,PayPal,Chicago
ORD-106787,6/27/2023,Python Guide,Books,6,75.25,0.1,57,Credit Card,Los Angeles
ORD-107319,12/21/2023,Jacket,Clothing,5,215.38,0.15,62,Cash,New York
ORD-103203,9/3/2023,Shampoo,Beauty,1,326.38,,69,Apple Pay,Online
ORD-105126,9/23/2023,Headphones,Electronics,9,80.18,0.05,49,Apple Pay,Chicago
ORD-105742,12/29/2023,Hoodie,Clothing,2,9999.99,0.2,63,Credit Card,Online
ORD-108311,11/19/2023,Hoodie,Clothing,6,269.65,0,200,Credit Card,New York
ORD-106482,3/24/2023,Jacket,Clothing,8,322.82,0.15,44,Debit Card,Houston
ORD-100092,11/26/2023,Moisturizer,Beauty,1,480.79,0.1,61,Debit Card,Chicago
ORD-109283,6/22/2023,Hoodie,Clothing,9,37.17,0.1,999,Apple Pay,New York
ORD-106110,6/28/2023,Lip Balm,Beauty,6,237.39,0.2,28,PayPal,Houston
ORD-109787,11/11/2023,Biography,Books,4,255.35,0.05,73,Debit Card,Phoenix
ORD-105285,1/12/2023,Moisturizer,Beauty,5,153.33,0,73,PayPal,Online
ORD-101972,1/29/2023,Shampoo,Beauty,7,254.42,0,200,PayPal,Online
ORD-102906,10/12/2023,History Book,books,3,199.65,0.05,49,Apple Pay,Online
ORD-100531,2/13/2023,Mug,Home & Kitchen,9,51.61,0,59,Apple Pay,New York
ORD-104113,11/15/2023,Shampoo,Beauty,8,446.1,0.15,65,Debit Card,New York
ORD-100997,4/4/2023,Wireless Mouse,Electronics,9,346.75,0,42,Debit Card,Phoenix
ORD-103870,2023-13-45,Coffee Maker,Home & Kitchen,3,207.64,0.1,39,Debit Card,Houston
ORD-109939,5/10/2023,Biography,Books,5,326.55,0,71,Apple Pay,Houston
ORD-109494,8/4/2023,Mechanical Keyboard,Electronics,8,195.22,0.05,56,Debit Card,Online
ORD-106671,10/18/2023,Socks,Clothing,5,369.25,0.2,33,PayPal,Houston
ORD-102313,Invalid_Date,Sunscreen,Beauty,1,313.83,0.15,36,Credit Card,Online
ORD-102155,Invalid_Date,Hoodie,Clothing,8,362.02,0,70,Debit Card,Phoenix
ORD-106860,8/21/2023,T-Shirt,Clothing,7,113.11,0,40,PayPal,Online
ORD-107542,1/15/2023,Wireless Mouse,Electronics,7,42,0.15,57,Apple Pay,Chicago
ORD-101428,6/15/2023,Mechanical Keyboard,Electronics,6,29.26,0.2,50,Credit Card,Phoenix
ORD-104908,12/19/2023,Mug,Home & Kitchen,1,202.19,0.05,32,Debit Card,New York
ORD-105305,1/26/2023,Perfume,Beauty,4,48.71,0,55,Apple Pay,Online
ORD-108354,3/3/2023,Data Science 101,Books,8,285.39,0,21,Cash,Los Angeles
ORD-104206,2/8/2023,Coffee Maker,Home & Kitchen,6,415.45,0.05,38,PayPal,Phoenix
ORD-104032,5/20/2023,Cookware Set,Home & Kitchen,9,73.27,0.05,35,Apple Pay,Online
ORD-105607,6/16/2023,Jeans,Clothing,2,67.52,0.1,42,Cash,Los Angeles
ORD-103086,7/13/2023,Monitor,Electronics,9,165.39,0.05,39,Credit Card,Chicago
ORD-107919,12/29/2023,Wireless Mouse,Electronics,3,N/A,0.2,59,PayPal,Phoenix
ORD-106652,8/26/2023,Blender,Home & Kitchen,4,335.28,0.05,29,Apple Pay,Phoenix
ORD-104101,10/4/2023,Mug,Home & Kitchen,8,50000,0.2,25,Debit Card,Phoenix
ORD-106031,1/29/2023,Lip Balm,Beauty,8,96.32,0.1,52,Debit Card,New York
ORD-105454,2/19/2023,Shampoo,Beauty,1,295.92,0.1,49,PayPal,New York
ORD-100496,4/23/2023,Sunscreen,Beauty,4,65.58,0,35,Debit Card,Chicago
ORD-105641,7/20/2023,Lip Balm,BEAUTY,9,152.32,0.15,45,Cash,Chicago
ORD-102322,6/11/2023,Jeans,Clothing,Unknown,96.75,0.05,37,Debit Card,New York
ORD-106352,12/14/2023,Jeans,Clothing,2,140.54,0.15,N/A,Debit Card,Houston
ORD-106131,10/9/2023,Lip Balm,Beauty,6,175.24,0.05,26,DEBIT CARD,Houston
ORD-100152,8/6/2023,Python Guide,Books,2,68.73,0.2,44,PayPal,Houston
ORD-106621,4/21/2023,Jeans,Clothing,6,241.64,0.2,64,PayPal,Los Angeles
ORD-100695,11/8/2023,Monitor,Electronics,9,123.38,0.15,67,Cash,Houston
ORD-104707,3/27/2023,Socks,Clothing,7,334.52,0.2,32,Apple Pay,New York
ORD-106074,9/23/2023,Cookware Set,Home & Kitchen,5,319.7,0.15,19,Credit Card,Chicago
ORD-101739,11/22/2023,Air Fryer,Home & Kitchen,7,227.18,0.15,43,PayPal,New York
ORD-103002,7/2/2023,History Book,Books,4,455.21,0.2,30,Cash,New York
ORD-100168,9/4/2023,Wireless Mouse,Electronics,8,448.9,0.1,68,Credit Card,Los Angeles
ORD-109759,3/24/2023,Perfume,Beauty,8,105.45,0,53,Credit Card,Phoenix
ORD-104964,5/20/2023,Hoodie,Clothing,2,177.3,0.05,41,Cash,Online
ORD-102866,5/22/2023,USB-C Cable,Electronics,2,324.34,0.15,42,PayPal,New York
ORD-108797,9/8/2023,Sunscreen,Beauty,4,27.73,0.1,38,Debit Card,Los Angeles
ORD-107804,6/11/2023,Cookware Set,Home & Kitchen,3,132.5,0,67,Credit Card,Online
ORD-106278,11/12/2023,Air Fryer,Home & Kitchen,8,291.64,0.1,62,Cash,Houston
ORD-102884,2/19/2023,Perfume,Beauty,1,461.26,0.05,-5,Apple Pay,Phoenix
ORD-103032,12/27/2023,Coffee Maker,Home & Kitchen,0,188.18,0.1,30,PayPal,Online
ORD-106160,4/26/2023,Blender,Home & Kitchen,0,225.1,0.2,38,Apple Pay,Houston
ORD-108785,9/28/2023,T-Shirt,Clothing,7,171.32,0.05,54,Credit Card,Los Angeles
ORD-106716,11/25/2023,Jeans,Clothing,3,,0.2,71,Cash,Chicago
ORD-104316,3/18/2023,Biography,Books,9,417.16,0,39,Apple Pay,New York
ORD-106638,Invalid_Date,Data Science 101,Books,3,484.63,0.2,29,Apple Pay,Houston
ORD-106386,1/22/2023,History Book,Books,7,-1,0.1,34,Credit Card,Online
ORD-102277,4/10/2023,Moisturizer,Beauty,4,88.27,0.15,39,Cash,Phoenix
ORD-108874,1/3/2023,Biography,Books,2,52.79,0.1,30,Apple Pay,Phoenix
ORD-106082,3/9/2023,Blender,Home & Kitchen,5,68,0.05,43,Credit Card,Los Angeles
ORD-100609,2/25/2023,Lip Balm,Beauty,5,324.64,0,18,Credit Card,Chicago
ORD-105652,2/5/2023,Jacket,Clothing,3,320.04,0.2,46,Apple Pay,Online
ORD-108232,2/3/2023,Data Science 101,Books,1,194.57,0.2,33,Credit Card,Phoenix
ORD-103496,2023-13-45,Jacket,Clothing,3,111.76,0.05,67,Apple Pay,New York
ORD-107852,11/11/2023,Python Guide,Books,3,9999.99,0.15,21,Apple Pay,Online
ORD-100429,1/15/2023,Sunscreen,Beauty,9,289.71,0,53,Debit Card,Phoenix
ORD-107982,7/22/2023,Python Guide,Books,6,231.49,0.15,56,Apple Pay,Los Angeles
ORD-106792,3/13/2023,T-Shirt,CLOTHING,4,443.21,0.15,64,PayPal,Phoenix
ORD-104485,7/29/2023,Fiction Novel,Books,2,63.86,0.15,69,PayPal,Houston
ORD-100427,3/14/2023,Jeans,Clothing,7,155.82,0.2,150,Credit Card,Chicago
ORD-102224,1/21/2023,Mug,Home & Kitchen,7,14.71,0.15,48,Cash,Los Angeles
ORD-100101,7/6/2023,Data Science 101,Books,9,163.42,0.1,66,Credit Card,Chicago
ORD-109954,2/4/2023,Air Fryer,Home & Kitchen,7,240.56,0.15,69,Cash,New York
ORD-105082,6/24/2023,Biography,Books,3,42.19,0.15,35,Credit Card,Online
ORD-102763,11/20/2023,USB-C Cable,Electronics,-5,32.46,0,19,Cash,Los Angeles
ORD-106244,11/3/2023,USB-C Cable,Electronics,2,104.8,0,200,Debit Card,Los Angeles
ORD-107323,9/7/2023,Blender,Home & Kitchen,4,174.15,0,24,Apple Pay,New York
ORD-107353,2/23/2023,Fiction Novel,books,1,138.81,0.1,62,Apple Pay,Los Angeles
ORD-106521,2/22/2023,Socks,Clothing,4,167.21,0.05,26,PayPal,Houston
ORD-109922,6/23/2023,Air Fryer,Home & Kitchen,3,121.56,0.1,20,Apple Pay,New York
ORD-103287,8/16/2023,Hoodie,Clothing,8,47.26,0.2,61,Debit Card,Chicago
ORD-104085,5/18/2023,Fiction Novel,Books,8,425.15,0.1,68,Debit Card,Los Angeles
ORD-106071,12/18/2023,Jacket,Clothing,4,308.62,0.15,54,Cash,Los Angeles
ORD-103995,6/13/2023,Moisturizer,Beauty,4,334.2,0.1,68,Cash,Online
ORD-106649,7/26/2023,Coffee Maker,Home & Kitchen,5,157.59,0.2,68,Credit Card,Online
ORD-106871,11/16/2023,Headphones,Electronics,1,421.61,0.1,34,Credit Card,Houston
ORD-106990,11/1/2023,Data Science 101,Books,7,50000,0.2,18,PayPal,Los Angeles
ORD-109510,3/1/2023,Mug,Home & Kitchen,2,238.78,0.05,,Debit Card,Phoenix
ORD-106858,3/12/2023,Fiction Novel,Books,1,143.19,,62,Credit Card,Los Angeles
ORD-101466,7/15/2023,Hoodie,Clothing,9,403.72,0,45,Cash,Phoenix
ORD-109806,6/28/2023,Blender,Home & Kitchen,9,303.06,0.1,34,Credit Card,Online
ORD-102235,3/29/2023,Moisturizer,Beauty,2,278.32,0.15,,Credit Card,Phoenix
ORD-104924,4/17/2023,Data Science 101,Books,4,214.15,0.2,26,Credit Card,Online
ORD-101745,10/14/2023,Air Fryer,Home & Kitchen,3,216.62,0.2,49,PayPal,Phoenix
ORD-106097,7/14/2023,Monitor,Electronics,8,55.35,0.05,24,Debit Card,Phoenix
ORD-106497,4/16/2023,Data Science 101,Books,3,198.9,0.1,29,Apple Pay,Phoenix
ORD-106728,8/9/2023,Blender,Home & Kitchen,3,238.23,0.15,53,Apple Pay,Online
ORD-108832,5/24/2023,Perfume,Beauty,3,177.39,0.05,33,Credit Card,Houston
ORD-103783,3/16/2023,Monitor,Electronics,6,118.45,0.2,42,Debit Card,Houston
ORD-106135,8/16/2023,Shampoo,Beauty,7,196.38,,35,Debit Card,Los Angeles
ORD-106154,4/4/2023,Sunscreen,Beauty,7,62.43,0.2,70,Credit Card,Phoenix
ORD-109509,4/6/2023,Fiction Novel,Books,2,259.68,0.15,44,Credit Card,Los Angeles
ORD-101984,12/23/2023,Mug,Home & Kitchen,9,118.81,0.1,19,Debit Card,Chicago
ORD-107318,10/11/2023,Blender,Home & Kitchen,8,101.44,0,23,Apple Pay,Houston
ORD-105712,7/24/2023,T-Shirt,Clothing,6,18.41,0.1,41,Cash,New York
ORD-109702,10/28/2023,Cookware Set,Home & Kitchen,7,105.28,0,35,Cash,New York
ORD-103699,5/12/2023,USB-C Cable,Electronics,6,49.4,0.1,62,Cash,Los Angeles
ORD-102122,1/31/2023,Jeans,Clothing,7,11.15,0.15,25,Debit Card,Chicago
ORD-103816,3/8/2023,History Book,Books,2,20.74,0.05,18,PayPal,Los Angeles
ORD-108560,12/20/2023,Python Guide,Books,5,Unknown,0.1,37,PayPal,Phoenix
ORD-103004,11/26/2023,Air Fryer,Home & Kitchen,2,233.59,0.05,24,Debit Card,Houston
ORD-104520,12/25/2023,Cookware Set,Home & Kitchen,6,452.97,0.05,29,Cash,New York
ORD-100917,1/13/2023,USB-C Cable,Electronics,7,296.52,0.2,59,Cash,Phoenix
ORD-108803,6/27/2023,Perfume,Beauty,1,59.35,0.15,52,PayPal,Chicago
ORD-107728,1/13/2023,USB-C Cable,Electronics,7,439.33,,58,PayPal,Online
ORD-105425,5/21/2023,T-Shirt,Clothing,4,153.17,0,40,Cash,Houston
ORD-103162,7/28/2023,Wireless Mouse,Electronics,4,457.06,0,43,Cash,Chicago
ORD-103786,3/5/2023,Jacket,clothing,3,115.08,0,65,Debit Card,Phoenix
ORD-105503,5/30/2023,Perfume,Beauty,3,238.88,0,28,PayPal,Online
ORD-109278,8/24/2023,Headphones,Electronics,8,87.41,0,49,PayPal,Online
ORD-106622,5/4/2023,Lip Balm,Beauty,1,474.11,0.2,29,Apple Pay,Houston
ORD-109245,1/15/2023,Jacket,Clothing,5,83.64,0.15,55,Debit Card,Los Angeles
ORD-101204,5/26/2023,Monitor,Electronics,3,404.99,0.05,24,Cash,New York
ORD-102318,7/2/2023,Monitor,Electronics,1,398.98,0.05,65,Cash,Los Angeles
ORD-105973,9/7/2023,Perfume,Beauty,5,-5,0.1,71,PayPal,Houston
ORD-105303,8/30/2023,Mechanical Keyboard,Electronics,1,331.61,0.15,19,Debit Card,Phoenix
ORD-100617,5/2/2023,Jeans,Clothing,5,148.18,0.2,54,Apple Pay,New York
ORD-101927,11/17/2023,Headphones,Electronics,2,498.8,0.1,71,Cash,Los Angeles
ORD-103115,11/1/2023,Data Science 101,Books,2,396.69,0.05,43,Debit Card,Los Angeles
ORD-102642,1/23/2023,Python Guide,Books,2,194.48,0.15,44,PayPal,Phoenix
ORD-105350,5/14/2023,Perfume,Beauty,4,86.35,0.05,68,Cash,Online
ORD-107841,8/27/2023,Shampoo,Beauty,7,120,0.1,29,PayPal,Los Angeles
ORD-105741,4/29/2023,Jeans,Clothing,3,412.31,0,56,PayPal,Los Angeles
ORD-102563,6/12/2023,Blender,Home & Kitchen,4,273.09,0.1,51,Cash,Online
ORD-105441,5/6/2023,Data Science 101,Books,9,477.02,0.15,35,Cash,Phoenix
ORD-104882,1/23/2023,Shampoo,Beauty,5,476.87,0.2,26,PayPal,Phoenix
ORD-102729,9/30/2023,Mechanical Keyboard,Electronics,3,50000,0.2,70,Debit Card,Houston
ORD-102217,9/1/2023,USB-C Cable,Electronics,3,204.89,0.05,28,Apple Pay,Chicago
ORD-106002,8/30/2023,Headphones,Electronics,6,,0.2,66,Cash,Chicago
ORD-106752,5/1/2023,Mug,Home & Kitchen,4,219.49,0.05,38,Cash,Los Angeles
ORD-108199,5/7/2023,Mechanical Keyboard,Electronics,2,9999.99,0.2,54,Credit Card,Phoenix
ORD-104825,4/27/2023,Socks,Clothing,2,N/A,0.15,50,PayPal,Los Angeles
ORD-102627,10/9/2023,Biography,Books,3,313.2,0.15,24,Cash,Online
ORD-102127,8/1/2023,Hoodie,Clothing,4,9999.99,0.15,51,Cash,Los Angeles
ORD-104748,3/19/2023,Sunscreen,Beauty,5,78.58,0.05,70,Apple Pay,houston
ORD-108501,9/20/2023,Socks,Clothing,3,444.08,0.2,23,PayPal,Chicago
ORD-104919,9/21/2023,Sunscreen,Beauty,9,405.33,0,29,Apple Pay,Online
ORD-105287,9/5/2023,History Book,Books,5,12.34,0.1,63,Credit Card,Chicago
ORD-107424,10/19/2023,Moisturizer,beauty,6,354.29,0.15,48,Credit Card,New York
ORD-100806,8/30/2023,Hoodie,Clothing,3,9999.99,0,18,Debit Card,Online
ORD-107768,6/16/2023,Jeans,Clothing,1,47.72,0.2,21,Apple Pay,Online
ORD-104996,9/9/2023,Lip Balm,Beauty,N/A,344.66,0.1,71,Cash,Houston
ORD-103681,12/14/2023,Jacket,CLOTHING,2,430.17,0,28,PayPal,Chicago
ORD-105936,4/3/2023,Monitor,Electronics,9,463.29,0,999,Apple Pay,Online
ORD-104465,1/12/2023,Data Science 101,Books,1,240.2,0.1,30,PayPal,Los Angeles
ORD-104709,4/7/2023,Socks,Clothing,6,184.09,0.1,150,Credit Card,Los Angeles
ORD-104054,6/26/2023,USB-C Cable,Electronics,1,435.72,0.2,66,Cash,Los Angeles
ORD-105688,6/17/2023,Air Fryer,Home & Kitchen,4,482.19,0.05,70,Debit Card,Los Angeles
ORD-101243,3/15/2023,Data Science 101,Books,7,144.77,0.2,34,Credit Card,Chicago
ORD-107403,12/8/2023,Air Fryer,Home & Kitchen,2,445.36,0,-1,PayPal,Houston
ORD-109054,3/22/2023,Air Fryer,Home & Kitchen,8,412.38,0,44,Debit Card,Phoenix
ORD-109188,1/15/2023,Hoodie,Clothing,3,398.25,0.15,73,PayPal,Houston
ORD-100548,5/11/2023,Biography,Books,5,130.89,0.15,45,Debit Card,Phoenix
ORD-103023,10/2/2023,Monitor,Electronics,Unknown,478.87,0.15,69,Credit Card,Los Angeles
ORD-106490,12/2/2023,USB-C Cable,Electronics,2,411.47,0.15,45,Debit Card,Chicago
ORD-106502,10/28/2023,Hoodie,Clothing,1,268.53,0.1,34,Cash,Houston
ORD-100027,8/19/2023,Hoodie,Clothing,4,454.25,0.2,32,Apple Pay,Chicago
ORD-105290,3/30/2023,Fiction Novel,Books,7,50000,0,31,Credit Card,Los Angeles
ORD-105643,10/18/2023,Air Fryer,Home & Kitchen,3,159.42,0.15,19,Debit Card,Online
ORD-102509,10/11/2023,Mug,Home & Kitchen,8,406.87,0.05,33,Debit Card,Online
ORD-101434,11/10/2023,Python Guide,Books,6,389.56,0.05,35,Debit Card,New York
ORD-102583,11/16/2023,Wireless Mouse,Electronics,3,52.79,0,58,Apple Pay,Online
ORD-101303,11/26/2023,Mug,Home & Kitchen,5,270.98,0.15,30,Apple Pay,Houston
ORD-107249,4/13/2023,Data Science 101,Books,1,434.75,0,41,Credit Card,Phoenix
ORD-106956,10/10/2023,Biography,Books,7,229.1,0.15,63,Cash,New York
ORD-104804,2/7/2023,USB-C Cable,Electronics,6,5.14,0.15,49,Credit Card,Houston
ORD-104636,12/5/2023,Mechanical Keyboard,Electronics,3,,0.1,63,Apple Pay,Phoenix
ORD-101222,1/15/2023,Air Fryer,Home & Kitchen,1,82.11,0.1,35,Apple Pay,New York
ORD-106210,12/1/2023,Hoodie,Clothing,8,128.68,0,20,Apple Pay,Chicago
ORD-102549,3/18/2023,Headphones,Electronics,4,446.91,0.15,68,Apple Pay,houston
ORD-100751,6/18/2023,Biography,Books,1,20.27,0.2,26,Apple Pay,Online
ORD-100438,9/9/2023,Jeans,Clothing,3,92.99,0,21,Apple Pay,Los Angeles
ORD-104657,6/14/2023,T-Shirt,Clothing,1,11.02,0.15,34,Cash,Los Angeles
ORD-103412,5/16/2023,Moisturizer,Beauty,6,8.99,0.2,999,Debit Card,Los Angeles
ORD-109508,10/12/2023,Sunscreen,Beauty,3,415.55,0.15,49,Credit Card,Los Angeles
ORD-102848,1/29/2023,Moisturizer,Beauty,1,330.51,0.1,62,Credit Card,Los Angeles
ORD-101174,4/19/2023,Headphones,Electronics,6,429.96,0,46,Credit Card,New York
ORD-107987,Invalid_Date,Shampoo,Beauty,1,196.85,0.05,49,Apple Pay,Houston
ORD-102700,11/21/2023,Headphones,Electronics,9,496.33,0.1,51,Debit Card,Chicago
ORD-104227,2/3/2023,Air Fryer,Home & Kitchen,8,118.56,0.1,150,Credit Card,Houston
ORD-106329,4/5/2023,Jeans,Clothing,7,111.27,0,40,Cash,New York
ORD-104937,5/9/2023,Air Fryer,Home & Kitchen,9,312.87,0.05,60,PayPal,Los Angeles
ORD-102482,1/15/2023,Lip Balm,Beauty,4,261.11,0.2,26,Apple Pay,Phoenix
ORD-104251,4/27/2023,T-Shirt,Clothing,0,341.52,0.05,36,Credit Card,Houston
ORD-108691,11/3/2023,Jacket,Clothing,3,263.08,0.05,45,Debit Card,Chicago
ORD-102707,2/12/2023,Wireless Mouse,Electronics,1,94.85,0.15,36,PayPal,New York
ORD-104973,9/18/2023,Fiction Novel,Books,2,459.68,0.05,58,Credit Card,Chicago
ORD-100327,5/2/2023,Jeans,Clothing,7,104.43,0.05,32,apple pay,Los Angeles
ORD-101040,6/11/2023,Moisturizer,Beauty,5,302.45,0.05,29,PayPal,Online
ORD-102638,8/29/2023,Moisturizer,Beauty,9,83.63,0.05,28,PayPal,Los Angeles
ORD-105363,7/24/2023,Moisturizer,Beauty,3,491.18,0.1,25,Apple Pay,Chicago
ORD-102500,12/31/2023,Socks,Clothing,2,282.47,0.2,54,Credit Card,Houston
ORD-101005,10/19/2023,Jeans,Clothing,1,114.78,0.2,25,Credit Card,Houston
ORD-102862,8/1/2023,Headphones,Electronics,3,295.9,0.05,57,Cash,Los Angeles
ORD-103234,12/16/2023,Mechanical Keyboard,Electronics,1,Unknown,0.15,18,Debit Card,New York
ORD-101871,3/13/2023,Blender,Home & Kitchen,2,50000,0.1,59,Cash,Phoenix
ORD-107593,4/12/2023,Moisturizer,Beauty,6,410.93,0.05,26,Debit Card,Online
ORD-104790,3/29/2023,Monitor,Electronics,7,419.18,0.05,22,Credit Card,New York
ORD-108631,10/11/2023,Perfume,Beauty,7,82.87,0.15,25,PayPal,New York
ORD-109972,7/22/2023,Moisturizer,Beauty,8,28.13,0,58,PayPal,Online
ORD-100535,3/26/2023,Perfume,Beauty,9,290.91,0,64,PayPal,Los Angeles
ORD-107721,10/18/2023,Moisturizer,Beauty,3,0,0.2,26,Cash,Online
ORD-104068,10/17/2023,USB-C Cable,Electronics,0,198.33,0.1,58,Apple Pay,Online
ORD-106518,12/28/2023,Blender,Home & Kitchen,5,88.72,,47,Cash,New York
ORD-107846,1/15/2023,Socks,Clothing,4,322.03,0.1,70,Debit Card,Los Angeles
ORD-100586,12/7/2023,Moisturizer,Beauty,1,172.74,0.2,66,PayPal,New York
ORD-108496,12/25/2023,Mug,Home & Kitchen,6,285.47,0.15,72,Apple Pay,New York
ORD-100312,11/16/2023,Headphones,Electronics,2,110.49,0,200,Apple Pay,Chicago
ORD-103036,3/28/2023,Shampoo,Beauty,5,424.34,0,21,Credit Card,Los Angeles
ORD-104719,9/21/2023,Mug,Home & Kitchen,3,165.99,0,61,PayPal,Online
ORD-102586,6/4/2023,Mug,Home & Kitchen,5,50000,0.1,40,Credit Card,Houston
ORD-101704,7/30/2023,Sunscreen,Beauty,7,9999.99,0.2,33,PayPal,Online
ORD-104575,2/27/2023,Air Fryer,Home & Kitchen,8,275.82,0.15,36,Credit Card,New York
ORD-105938,7/27/2023,Wireless Mouse,Electronics,7,385.47,0.2,27,Debit Card,Houston
ORD-100492,9/11/2023,Headphones,Electronics,4,282.53,0.05,150,PayPal,Phoenix
ORD-104533,8/20/2023,Jacket,Clothing,5,82.19,0,60,PayPal,Phoenix
ORD-105795,11/6/2023,Mug,Home & Kitchen,3,151.02,0.05,71,Cash,Houston
ORD-102837,4/18/2023,Blender,Home & Kitchen,7,321.84,0.15,54,Debit Card,New York
ORD-102267,1/8/2023,Lip Balm,Beauty,8,36.13,0,51,Debit Card,Phoenix
ORD-105860,11/13/2023,Cookware Set,Home & Kitchen,5,50000,0,59,Apple Pay,New York
ORD-109587,12/8/2023,Socks,Clothing,1,27.3,0.05,56,paypal,Houston
ORD-108586,5/9/2023,History Book,Books,5,86.23,0.05,45,Debit Card,Los Angeles
ORD-105519,11/20/2023,Moisturizer,Beauty,4,297.39,0.1,,Credit Card,Phoenix
ORD-108020,11/7/2023,USB-C Cable,Electronics,4,130.2,0,52,Debit Card,New York
ORD-103549,3/31/2023,Jacket,Clothing,4,50000,0,27,PayPal,Los Angeles
ORD-102901,4/23/2023,Hoodie,Clothing,9,489.81,0,18,Debit Card,Houston
ORD-100820,7/20/2023,Mug,Home & Kitchen,3,115.07,0.05,45,Credit Card,Online
ORD-102945,6/11/2023,Fiction Novel,Books,8,162.57,,30,Cash,Online
ORD-101917,8/16/2023,Lip Balm,Beauty,3,288.48,0,48,Debit Card,Online
ORD-103186,10/15/2023,Coffee Maker,Home & Kitchen,6,473.19,0.05,999,Cash,Los Angeles
ORD-108444,9/4/2023,Jacket,Clothing,8,23.61,0.05,18,Cash,Chicago
ORD-104780,6/23/2023,History Book,Books,8,471.06,0.2,40,Apple Pay,New York
ORD-106197,4/30/2023,Jacket,Clothing,2,430.44,0.05,39,Apple Pay,Online
ORD-109568,5/27/2023,Python Guide,BOOKS,9,126.1,0.15,46,Apple Pay,New York
ORD-104084,1/29/2023,Shampoo,Beauty,8,287.14,0.2,47,Cash,Phoenix
ORD-104522,2/26/2023,Hoodie,Clothing,6,9999.99,0,64,PayPal,Los Angeles
ORD-109055,9/1/2023,T-Shirt,Clothing,8,302.25,0.2,,Debit Card,Online
ORD-101134,11/9/2023,History Book,Books,9,373.64,0.2,43,PayPal,New York
ORD-109409,6/14/2023,Hoodie,Clothing,6,258.05,0.05,74,Apple Pay,Houston
ORD-109043,8/18/2023,Wireless Mouse,Electronics,9,339.4,0.1,37,Credit Card,Chicago
ORD-102519,5/20/2023,Python Guide,Books,2,499.76,0.15,61,Credit Card,Phoenix
ORD-100398,5/26/2023,T-Shirt,Clothing,7,335.44,0.1,53,PayPal,Online
ORD-101318,8/3/2023,Lip Balm,Beauty,8,172.71,0.15,51,Credit Card,Los Angeles
ORD-104569,Invalid_Date,T-Shirt,Clothing,7,445.2,0.1,61,PayPal,Chicago
ORD-100122,6/5/2023,Coffee Maker,Home & Kitchen,8,200.29,0.2,25,Debit Card,Phoenix
ORD-107637,4/18/2023,Air Fryer,Home & Kitchen,2,184.58,0.05,,Apple Pay,New York
ORD-102450,4/3/2023,Data Science 101,Books,1,354.59,0.1,-1,Debit Card,Houston
ORD-100417,4/14/2023,Coffee Maker,Home & Kitchen,7,202.66,0.2,37,Apple Pay,Online
ORD-103230,7/21/2023,T-Shirt,Clothing,2,114.54,0.05,41,PayPal,Online
ORD-101567,11/18/2023,Blender,Home & Kitchen,4,287.98,0.05,32,PayPal,New York
ORD-101985,8/23/2023,Hoodie,Clothing,1,328.38,0.1,150,Apple Pay,Los Angeles
ORD-108507,3/10/2023,Mug,Home & Kitchen,8,474.44,0.05,62,PayPal,Phoenix
ORD-102602,9/4/2023,Socks,Clothing,2,467.93,0.1,72,Debit Card,New York
ORD-109512,9/5/2023,Wireless Mouse,Electronics,1,442.97,0.15,50,Cash,Los Angeles
ORD-107287,3/19/2023,Python Guide,Books,8,435.97,0,26,Credit Card,Los Angeles
ORD-105805,12/21/2023,Wireless Mouse,Electronics,2,291.87,0.05,49,Apple Pay,Online
ORD-102174,1/14/2023,Monitor,Electronics,1,,0.05,61,Apple Pay,Los Angeles
ORD-103284,8/8/2023,Moisturizer,Beauty,6,186.52,0,64,Cash,Online
ORD-108745,2/17/2023,Socks,Clothing,6,398.26,0.05,59,APPLE PAY,Phoenix
ORD-103606,1/25/2023,Python Guide,Books,3,82.47,0.1,73,Cash,Online
ORD-108840,1/15/2023,Jacket,Clothing,4,210.05,0.1,22,Credit Card,Chicago
ORD-102334,6/23/2023,Mug,Home & Kitchen,4,80.76,0,27,Apple Pay,Online
ORD-100574,11/28/2023,Shampoo,Beauty,7,218.06,0.15,63,Debit Card,Phoenix
ORD-109118,9/17/2023,Monitor,Electronics,7,185.21,0.1,47,Cash,Phoenix
ORD-104422,6/17/2023,Socks,Clothing,4,272.7,,72,Apple Pay,Los Angeles
ORD-109345,7/31/2023,Monitor,Electronics,2,285.42,0,21,,Houston
ORD-104735,1/25/2023,Python Guide,Books,4,22.81,0.1,18,Credit Card,Los Angeles
ORD-103903,11/26/2023,Moisturizer,Beauty,2,423.17,0.15,50,Cash,Chicago
ORD-100982,9/21/2023,Blender,Home & Kitchen,9,159.96,0.15,68,PayPal,Houston
ORD-108606,2023-13-45,Mechanical Keyboard,Electronics,5,145.16,0.1,70,Apple Pay,Houston
ORD-103503,3/24/2023,Monitor,Electronics,3,234.94,,33,Credit Card,New York
ORD-101408,2023-13-45,Moisturizer,Beauty,7,498.85,0.2,69,Apple Pay,Phoenix
ORD-100536,11/12/2023,Mug,Home & Kitchen,8,50000,0.15,23,Debit Card,Los Angeles
ORD-108403,4/8/2023,Sunscreen,Beauty,8,160.02,0.15,-1,Apple Pay,Chicago
ORD-104904,7/28/2023,Perfume,Beauty,7,254.39,0.05,18,Apple Pay,Houston
ORD-106181,5/2/2023,Wireless Mouse,Electronics,1,366.79,0.05,200,Debit Card,Phoenix
ORD-107950,Invalid_Date,Socks,Clothing,9,111.48,0.15,33,PayPal,Phoenix
ORD-107594,9/20/2023,Blender,Home & Kitchen,9,475.94,0,34,Credit Card,Los Angeles
ORD-101435,5/30/2023,T-Shirt,Clothing,7,405.55,0.2,37,Debit Card,Houston
ORD-107454,1/31/2023,Data Science 101,Books,N/A,341.59,0,58,PayPal,Online
ORD-102580,7/17/2023,Biography,Books,3,117.61,0.1,70,Apple Pay,Houston
ORD-109880,9/28/2023,Fiction Novel,Books,2,237.77,0,71,Cash,New York
ORD-103270,3/17/2023,Perfume,Beauty,5,313.51,0,32,Credit Card,Phoenix
ORD-109838,11/23/2023,Data Science 101,Books,1,15.81,0.15,38,Credit Card,Chicago
ORD-103768,6/7/2023,Lip Balm,Beauty,2,371.83,0.1,72,PayPal,Los Angeles
ORD-109872,4/11/2023,Jeans,Clothing,6,370.84,0.15,45,PayPal,Phoenix
ORD-103370,8/30/2023,Wireless Mouse,Electronics,3,375.01,0.1,57,DEBIT CARD,Houston
ORD-101868,Invalid_Date,USB-C Cable,Electronics,6,354.47,0.15,18,PayPal,Los Angeles
ORD-101455,9/1/2023,Fiction Novel,Books,1,85.99,0.1,50,PayPal,Chicago
ORD-101787,12/18/2023,T-Shirt,Clothing,9,-5,0,31,Credit Card,Online
ORD-100519,6/10/2023,Moisturizer,Beauty,9,95.59,0.05,70,Apple Pay,PHOENIX
ORD-105841,1/6/2023,T-Shirt,Clothing,9,352.08,0,38,PayPal,Online
ORD-102522,3/19/2023,Sunscreen,Beauty,7,412.87,0,29,paypal,Chicago
ORD-105885,1/21/2023,Cookware Set,Home & Kitchen,9,483.99,0,56,CREDIT CARD,Phoenix
ORD-101821,11/19/2023,Mug,Home & Kitchen,4,117.91,0.05,0,PayPal,Houston
ORD-104768,3/25/2023,Cookware Set,Home & Kitchen,5,48.96,0.05,74,Credit Card,Phoenix
ORD-102930,7/5/2023,Sunscreen,Beauty,4,55.47,0.15,18,Debit Card,Los Angeles
ORD-100052,4/26/2023,T-Shirt,Clothing,6,391.04,0.1,66,Credit Card,Online
ORD-108088,9/24/2023,Hoodie,Clothing,7,408.55,0.15,68,Apple Pay,Phoenix
ORD-104982,6/1/2023,Mechanical Keyboard,Electronics,Unknown,343.91,0.1,68,PayPal,New York
ORD-106093,5/17/2023,Coffee Maker,Home & Kitchen,4,9999.99,0.1,20,Cash,New York
ORD-105829,6/17/2023,Mechanical Keyboard,Electronics,9,358.29,0,54,PayPal,New York
ORD-103578,2023-13-45,Jacket,Clothing,3,59.7,0.15,38,Cash,Houston
ORD-100470,5/2/2023,USB-C Cable,Electronics,3,444.03,0,29,Credit Card,Chicago
ORD-102630,4/7/2023,Data Science 101,Books,5,185.69,0,32,Apple Pay,HOUSTON
ORD-105539,1/14/2023,Lip Balm,Beauty,7,262.93,0.05,31,Credit Card,Chicago
ORD-103847,10/19/2023,Monitor,Electronics,5,264.23,0,62,CASH,Houston
ORD-107956,5/13/2023,Coffee Maker,Home & Kitchen,1,358.18,0.15,49,PayPal,Online
ORD-108492,2/3/2023,Headphones,Electronics,3,,0.15,57,Cash,Online
ORD-106619,10/21/2023,Perfume,Beauty,8,292.01,0.1,47,Cash,New York
ORD-107433,10/24/2023,Wireless Mouse,Electronics,2,62.48,0,31,Credit Card,Chicago
ORD-101859,9/28/2023,Biography,Books,9,204.32,0.1,44,Cash,Los Angeles
ORD-105397,1/15/2023,Cookware Set,Home & Kitchen,6,175.73,0.1,31,Apple Pay,Online
ORD-109816,9/13/2023,Biography,Books,6,91.77,0.2,73,,Chicago
ORD-100866,Invalid_Date,Sunscreen,Beauty,3,314.18,0.2,27,Debit Card,Online
ORD-108861,2023-13-45,Shampoo,Beauty,4,29.56,0.2,64,Credit Card,Los Angeles
ORD-110000,11/22/2023,Cookware Set,Home & Kitchen,9,391.98,0.1,34,Debit Card,Chicago
ORD-105255,6/24/2023,Perfume,Beauty,4,226.37,0.1,19,APPLE PAY,Chicago
ORD-109036,12/9/2023,Jeans,Clothing,5,20.26,0.2,33,PayPal,Los Angeles
ORD-109499,6/13/2023,Jeans,Clothing,9,109.09,0,67,Cash,Los Angeles
ORD-105232,7/22/2023,Perfume,Beauty,1,89.74,0.15,18,Credit Card,New York
ORD-106670,2/12/2023,Air Fryer,Home & Kitchen,2,74.29,0,70,Debit Card,New York
ORD-106326,2/11/2023,Fiction Novel,Books,5,349.22,0.1,30,Cash,Los Angeles
ORD-100426,5/14/2023,Cookware Set,Home & Kitchen,8,268.58,0.1,33,PayPal,Los Angeles
ORD-100189,6/6/2023,Fiction Novel,Books,4,398.04,0,69,Credit Card,Houston
ORD-106004,1/11/2023,Python Guide,Books,1,496.83,0.15,31,CREDIT CARD,Houston
ORD-107975,5/18/2023,Hoodie,Clothing,1,485.96,0.2,42,credit card,Online
ORD-100229,8/22/2023,T-Shirt,Clothing,5,50000,0.05,20,Credit Card,Los Angeles
ORD-108225,1/16/2023,T-Shirt,Clothing,4,434.39,0,38,Apple Pay,Los Angeles
ORD-106350,12/15/2023,Blender,Home & Kitchen,5,285.8,0.2,48,Cash,Los Angeles
ORD-102742,10/5/2023,Wireless Mouse,Electronics,9,63.4,0.2,39,Debit Card,Phoenix
ORD-101042,12/2/2023,Biography,Books,6,265.11,0.2,53,Credit Card,Online
ORD-109000,10/15/2023,Blender,Home & Kitchen,3,9999.99,0.2,65,Apple Pay,Houston
ORD-109412,1/29/2023,Jacket,Clothing,6,479.21,0,49,PayPal,New York
ORD-108077,1/15/2023,Data Science 101,Books,7,26.26,0.1,45,PayPal,Chicago
ORD-109654,8/17/2023,Cookware Set,Home & Kitchen,1,391.1,0.2,44,DEBIT CARD,Houston
ORD-100472,8/26/2023,Air Fryer,Home & Kitchen,8,375.35,0.15,49,Apple Pay,Houston
ORD-102922,9/4/2023,Lip Balm,Beauty,2,465.91,0.1,46,Credit Card,Phoenix
ORD-101906,1/16/2023,Air Fryer,Home & Kitchen,1,97.04,0.2,62,Cash,Los Angeles
ORD-109140,12/24/2023,Jeans,Clothing,8,109.22,0.05,73,Cash,Houston
ORD-100802,4/24/2023,USB-C Cable,Electronics,6,216.66,0.15,60,Apple Pay,Los Angeles
ORD-101488,6/10/2023,Blender,Home & Kitchen,6,370.77,0.1,40,Apple Pay,Phoenix
ORD-108688,9/2/2023,USB-C Cable,Electronics,7,278.12,0.2,72,Debit Card,Houston
ORD-103654,9/15/2023,Air Fryer,Home & Kitchen,1,217.76,0.15,28,Cash,Online
ORD-103772,9/17/2023,USB-C Cable,Electronics,9,104.13,0.15,26,Cash,Los Angeles
ORD-100228,3/23/2023,Moisturizer,Beauty,4,323.25,0.05,18,PayPal,Chicago
ORD-108676,12/21/2023,Headphones,Electronics,5,400.43,0.1,65,Debit Card,Los Angeles
ORD-101129,3/6/2023,Mug,Home & Kitchen,8,68.15,0.1,40,Apple Pay,Online
ORD-105471,11/9/2023,Headphones,Electronics,2,-1,0.2,38,Credit Card,Online
ORD-107617,5/19/2023,Lip Balm,Beauty,2,187.65,0.15,46,Cash,Houston
ORD-102209,3/8/2023,Biography,Books,6,304.85,0.15,Unknown,PayPal,Los Angeles
ORD-105362,4/5/2023,Jacket,Clothing,9,148.47,0.1,25,PayPal,New York
ORD-109166,1/24/2023,Lip Balm,Beauty,6,9999.99,0.2,27,Debit Card,Houston
ORD-104478,12/30/2023,History Book,Books,6,459.87,0.05,27,Cash,Chicago
ORD-109868,6/12/2023,Shampoo,Beauty,9,213.74,0.2,62,PayPal,Houston
ORD-103154,2/5/2023,Mug,Home & Kitchen,3,440.65,0.15,35,CREDIT CARD,Houston
ORD-104732,3/5/2023,Data Science 101,Books,1,423.75,0.2,46,Credit Card,Los Angeles
ORD-104685,4/2/2023,Socks,Clothing,4,403.84,0.2,25,PayPal,Online
ORD-104623,6/4/2023,Monitor,Electronics,5,50000,0.1,30,Cash,New York
ORD-106770,8/31/2023,Hoodie,Clothing,6,311.65,0.2,35,PayPal,Phoenix
ORD-109887,11/14/2023,Fiction Novel,Books,6,238.13,0.1,46,PayPal,Phoenix
ORD-102145,1/28/2023,Data Science 101,Books,9,431.9,0.2,20,Debit Card,Online
ORD-107895,7/26/2023,Hoodie,Clothing,3,9999.99,0.1,51,Credit Card,Houston
ORD-106774,7/6/2023,Lip Balm,Beauty,3,273.24,0.2,48,Apple Pay,Chicago
ORD-102375,4/14/2023,Coffee Maker,Home & Kitchen,N/A,99.93,0.2,29,Apple Pay,Houston
ORD-102578,6/26/2023,Moisturizer,Beauty,6,458.16,0.15,32,Debit Card,Houston
ORD-101633,5/13/2023,Mechanical Keyboard,Electronics,5,388.45,0,46,Apple Pay,Houston
ORD-107840,6/8/2023,T-Shirt,Clothing,4,123.75,0.1,,PayPal,Houston
ORD-102299,1/15/2023,Python Guide,Books,2,471.11,0.1,56,Credit Card,Phoenix
ORD-107884,11/16/2023,Lip Balm,Beauty,7,120.41,0.05,34,Credit Card,New York
ORD-100157,1/3/2023,Jacket,Clothing,8,70.89,0.1,64,Cash,Houston
ORD-104162,5/25/2023,Cookware Set,Home & Kitchen,2,136.71,0,49,Debit Card,Online
ORD-107151,3/1/2023,Headphones,Electronics,6,297.9,0.2,46,Apple Pay,Chicago
ORD-103350,6/7/2023,Socks,Clothing,7,273.23,0.1,72,Debit Card,Online
ORD-109110,11/27/2023,Shampoo,Beauty,6,485.2,0.15,43,Credit Card,Online
ORD-102880,5/20/2023,Fiction Novel,Books,8,14.34,0.1,48,Debit Card,Houston
ORD-103414,4/29/2023,Biography,Books,2,417.26,0.1,49,Debit Card,Phoenix
ORD-108761,2/21/2023,Biography,Books,3,187.53,0.15,71,PayPal,Online
ORD-103947,11/28/2023,Jeans,Clothing,2,480.05,0.1,,PayPal,Houston
ORD-106171,11/10/2023,Sunscreen,Beauty,9,393.98,0,58,Apple Pay,Chicago
ORD-105530,3/14/2023,Mechanical Keyboard,Electronics,4,126.72,0.1,71,PayPal,Houston
ORD-103769,1/21/2023,Lip Balm,Beauty,7,9999.99,0.05,74,Cash,Chicago
ORD-109669,12/11/2023,Socks,Clothing,7,56.97,0.15,21,Debit Card,Chicago
ORD-104650,5/25/2023,Blender,Home & Kitchen,3,185.1,0.1,34,Apple Pay,Phoenix
ORD-109848,8/16/2023,USB-C Cable,Electronics,8,337.79,0.15,30,,Online
ORD-101512,7/23/2023,Lip Balm,Beauty,3,413.64,0.05,73,PayPal,Chicago
ORD-107154,3/26/2023,Hoodie,Clothing,5,379.67,0,46,Debit Card,Phoenix
ORD-108940,7/14/2023,T-Shirt,Clothing,5,195.21,0.05,42,Apple Pay,Phoenix
ORD-109572,8/4/2023,Jeans,Clothing,7,420.13,0,200,Credit Card,Houston
ORD-106030,4/29/2023,Coffee Maker,Home & Kitchen,1,344.16,0,38,Apple Pay,Los Angeles
ORD-102496,3/4/2023,Jeans,Clothing,4,0,0.15,18,Debit Card,Houston
ORD-104296,3/12/2023,Hoodie,Clothing,7,479.35,0.15,38,PayPal,Los Angeles
ORD-108848,8/14/2023,Headphones,Electronics,7,141.85,0.1,N/A,Debit Card,New York
ORD-102373,12/7/2023,Perfume,Beauty,3,275.61,0.15,36,Credit Card,Houston
ORD-104354,6/3/2023,Python Guide,Books,0,487.77,0.15,40,Apple Pay,New York
ORD-106045,4/13/2023,Headphones,Electronics,1,310.89,0.15,52,Apple Pay,Phoenix
ORD-103462,12/31/2023,Biography,Books,5,5.7,0,41,Apple Pay,Los Angeles
ORD-108159,8/5/2023,History Book,Books,7,351.69,0.2,56,Apple Pay,Houston
ORD-109487,1/22/2023,Socks,Clothing,3,134.19,0.2,24,CREDIT CARD,New York
ORD-109128,9/7/2023,Socks,Clothing,7,182.75,0.2,36,Credit Card,Houston
ORD-105897,11/10/2023,Sunscreen,Beauty,4,245.48,0.05,41,Apple Pay,Online
ORD-105382,11/29/2023,Wireless Mouse,Electronics,9,140.73,0.15,63,Apple Pay,New York
ORD-104801,7/27/2023,Mechanical Keyboard,Electronics,5,7.12,0.15,67,Cash,Online
ORD-102551,12/11/2023,Sunscreen,Beauty,6,265.75,0.05,72,PayPal,New York
ORD-104510,8/20/2023,Mechanical Keyboard,Electronics,6,363.94,0.1,37,Credit Card,Chicago
ORD-100848,4/4/2023,Mechanical Keyboard,Electronics,8,301.89,0.15,27,Apple Pay,Phoenix
ORD-103345,8/23/2023,Biography,Books,6,493.31,,26,Credit Card,Phoenix
ORD-100939,Invalid_Date,Monitor,Electronics,1,354.59,0.15,63,Credit Card,Houston
ORD-108899,7/7/2023,Hoodie,Clothing,9,12.84,0,72,Debit Card,Houston
ORD-105435,7/20/2023,Lip Balm,Beauty,5,127.3,0.2,60,Debit Card,Phoenix
ORD-109127,10/17/2023,Hoodie,Clothing,8,,0.05,32,Credit Card,Online
ORD-108867,9/22/2023,Wireless Mouse,Electronics,8,163.6,0.2,35,Credit Card,Phoenix
ORD-103856,2/22/2023,Biography,Books,1,33.78,,48,Apple Pay,Phoenix
ORD-106572,10/25/2023,Jeans,Clothing,4,290.85,0.2,73,PayPal,New York
ORD-109427,3/11/2023,Monitor,Electronics,1,468.58,0.05,150,Credit Card,Houston
ORD-105654,6/10/2023,Lip Balm,Beauty,5,209.57,0.2,55,Credit Card,Phoenix
ORD-100757,8/4/2023,Wireless Mouse,Electronics,2,221.64,0.1,46,Debit Card,Los Angeles
ORD-105418,2023-13-45,Cookware Set,Home & Kitchen,9,424.74,0.2,25,Credit Card,Chicago
ORD-102645,1/5/2023,Cookware Set,Home & Kitchen,7,56.27,0.15,53,CASH,Online
ORD-104430,5/20/2023,History Book,Books,3,446.65,0.05,67,Apple Pay,Chicago
ORD-104565,1/21/2023,Wireless Mouse,Electronics,2,299.46,0.2,68,credit card,Chicago
ORD-103166,1/15/2023,Moisturizer,Beauty,3,485.18,0.2,73,Credit Card,Online
ORD-103640,8/27/2023,T-Shirt,Clothing,2,214.64,0.2,53,Cash,Online
ORD-109714,9/21/2023,Blender,Home & Kitchen,7,389.96,0,31,Apple Pay,Houston
ORD-106934,1/19/2023,Headphones,Electronics,2,72.13,0.15,42,Apple Pay,Phoenix
ORD-108870,6/19/2023,Socks,Clothing,9,292.82,0,45,Credit Card,HOUSTON
ORD-105031,1/28/2023,Mug,Home & Kitchen,4,302.11,0.2,22,PayPal,Chicago
ORD-105703,Invalid_Date,History Book,Books,4,55.99,0.1,43,Debit Card,Houston
ORD-102358,3/13/2023,Shampoo,Beauty,5,424.03,0.2,49,Cash,Los Angeles
ORD-103419,3/23/2023,Monitor,Electronics,9,50000,0.05,20,Cash,Online
ORD-103913,2/26/2023,Lip Balm,Beauty,3,351.83,0.15,-1,Cash,Phoenix
ORD-102062,8/16/2023,Socks,Clothing,3,216.82,0.05,43,Debit Card,Online
ORD-100550,Invalid_Date,Fiction Novel,Books,3,75.28,0.1,64,Debit Card,Phoenix
ORD-104576,1/15/2023,Biography,Books,5,423.06,0.1,71,PayPal,Los Angeles
ORD-102813,9/16/2023,Biography,Books,7,222.79,0.05,36,Debit Card,Phoenix
ORD-109660,7/9/2023,Data Science 101,Books,3,9999.99,0.05,57,PayPal,Chicago
ORD-108894,7/21/2023,Monitor,Electronics,7,451.68,0.15,72,Apple Pay,Online
ORD-109264,2/13/2023,Fiction Novel,Books,6,161.02,0.2,72,Cash,New York
ORD-102550,10/3/2023,Biography,Books,5,9999.99,0.15,51,PayPal,Phoenix
ORD-108556,10/8/2023,Python Guide,Books,8,353.69,0,39,PayPal,Phoenix
ORD-105154,12/23/2023,Hoodie,Clothing,6,429.06,0.1,53,debit card,Houston
ORD-104573,2023-13-45,Jeans,Clothing,4,314.8,0.05,74,Cash,New York
ORD-109007,2023-13-45,Headphones,Electronics,8,253.44,0.05,35,Credit Card,Phoenix
ORD-101025,6/30/2023,Biography,Books,1,327.79,0.05,24,Credit Card,Los Angeles
ORD-104274,11/22/2023,Jeans,Clothing,1,355.8,0,55,credit card,Houston
ORD-106315,5/30/2023,Sunscreen,Beauty,4,37.3,0,68,Apple Pay,New York
ORD-101952,9/16/2023,Monitor,Electronics,9,75.05,0.15,60,Apple Pay,Online
ORD-105318,2/7/2023,Blender,HOME & KITCHEN,3,315.23,0.15,57,Cash,Online
ORD-100352,3/21/2023,Socks,Clothing,3,223.8,0.05,46,,New York
ORD-107513,3/10/2023,Hoodie,Clothing,6,260.36,0.05,41,apple pay,New York
ORD-103663,9/26/2023,Biography,Books,4,164.67,0.15,59,Cash,Chicago
ORD-105366,10/10/2023,Air Fryer,Home & Kitchen,7,33.07,0.05,30,Cash,Chicago
ORD-104197,10/13/2023,Coffee Maker,Home & Kitchen,8,275.34,0.15,49,Apple Pay,Houston
ORD-103151,3/6/2023,Air Fryer,Home & Kitchen,1,266.39,0.1,67,Cash,Phoenix
ORD-104902,11/29/2023,Shampoo,Beauty,9,42.42,0,25,Apple Pay,Online
ORD-104305,10/18/2023,Data Science 101,Books,1,126.79,0.15,67,PayPal,Online
ORD-106464,11/15/2023,Mechanical Keyboard,Electronics,6,368.97,0.1,66,Credit Card,CHICAGO
ORD-102940,3/10/2023,Mug,Home & Kitchen,7,180.95,0.1,67,Credit Card,Houston
ORD-101341,3/3/2023,History Book,Books,5,14.63,0.15,57,Apple Pay,Houston
ORD-109649,1/27/2023,Socks,Clothing,8,55.67,0.1,52,Debit Card,Los Angeles
ORD-106422,12/8/2023,Perfume,Beauty,6,33.73,0.05,49,,Online
ORD-105909,4/2/2023,Coffee Maker,Home & Kitchen,3,286.41,0.15,74,Apple Pay,Phoenix
ORD-106108,5/11/2023,Headphones,Electronics,6,268.43,0.15,40,PayPal,Houston
ORD-107847,11/15/2023,Perfume,Beauty,0,312.51,0.2,48,Cash,Los Angeles
ORD-106212,2/12/2023,Air Fryer,Home & Kitchen,8,396.92,0.05,71,Credit Card,Online
ORD-101584,7/29/2023,Python Guide,Books,9,379.68,0,65,PayPal,Phoenix
ORD-101413,7/10/2023,Jacket,Clothing,6,296.24,0.1,19,Credit Card,New York
ORD-104375,12/1/2023,Python Guide,Books,2,243.64,0.15,21,Apple Pay,New York
ORD-109005,5/20/2023,Air Fryer,Home & Kitchen,5,65.86,0.1,48,Debit Card,New York
ORD-102754,1/15/2023,Blender,Home & Kitchen,8,227.4,0.2,66,Apple Pay,New York
ORD-107137,2/21/2023,Jeans,Clothing,1,186.75,0,27,Cash,New York
ORD-102213,4/27/2023,Lip Balm,Beauty,2,333.74,0.1,59,Apple Pay,Chicago
ORD-102623,11/10/2023,Wireless Mouse,Electronics,7,430.11,0,47,Cash,Online
ORD-105650,5/20/2023,Wireless Mouse,Electronics,7,7.79,0.2,39,Debit Card,Los Angeles
ORD-103625,5/17/2023,Socks,Clothing,1,489.1,0.15,52,Cash,Chicago
ORD-106432,6/9/2023,Socks,Clothing,5,,0.15,38,Apple Pay,New York
ORD-109255,9/4/2023,Jacket,Clothing,1,430.81,,20,Apple Pay,New York
ORD-100464,4/29/2023,Fiction Novel,Books,9,323.73,0.05,27,Debit Card,Online
ORD-101755,10/3/2023,Mechanical Keyboard,Electronics,5,33.82,0.1,70,Cash,Houston
ORD-105219,1/9/2023,Lip Balm,Beauty,1,150.77,0.2,53,Credit Card,Phoenix
ORD-104690,7/30/2023,Moisturizer,Beauty,4,290.08,0.1,62,Credit Card,Chicago
ORD-104295,9/4/2023,Hoodie,Clothing,9,384.77,0,38,Debit Card,Phoenix
ORD-100379,11/26/2023,Sunscreen,Beauty,3,,0.05,63,Credit Card,Los Angeles
ORD-103107,11/18/2023,Mechanical Keyboard,Electronics,6,267.15,0.15,27,Credit Card,Houston
ORD-101336,3/9/2023,History Book,Books,9,87.26,0.1,51,APPLE PAY,New York
ORD-109982,12/23/2023,Mechanical Keyboard,Electronics,1,76.49,0.05,31,,Chicago
ORD-102717,12/13/2023,Lip Balm,Beauty,8,331.39,0,55,PayPal,Houston
ORD-105333,5/16/2023,Lip Balm,Beauty,4,388.9,,62,Credit Card,Houston
ORD-106744,12/18/2023,Shampoo,Beauty,7,291.73,0.15,50,paypal,Houston
ORD-105166,1/3/2023,Mug,Home & Kitchen,9,50000,0,45,PayPal,Houston
ORD-107918,11/1/2023,Biography,Books,6,19.66,,58,Apple Pay,New York
ORD-101812,3/24/2023,Monitor,Electronics,1,156.57,0,45,Credit Card,Houston
ORD-101895,2/24/2023,Socks,Clothing,1,194.85,0.1,55,PayPal,Los Angeles
ORD-108168,9/13/2023,USB-C Cable,Electronics,7,115.57,0.2,24,Debit Card,Houston
ORD-108786,3/17/2023,Coffee Maker,Home & Kitchen,9,114.89,0.1,49,PayPal,Chicago
ORD-101190,1/22/2023,Blender,Home & Kitchen,5,208.3,0.1,54,PayPal,Phoenix
ORD-105015,10/8/2023,Monitor,Electronics,5,473.52,0,34,Cash,Los Angeles
ORD-104266,10/31/2023,Socks,Clothing,8,64.74,0.15,33,Debit Card,New York
ORD-103455,5/3/2023,Sunscreen,Beauty,6,61.55,0.05,53,Cash,Los Angeles
ORD-105639,4/3/2023,History Book,Books,8,167.21,0.1,62,Credit Card,Houston
ORD-106947,9/28/2023,Moisturizer,Beauty,9,395.47,0,24,Credit Card,Chicago
ORD-109640,10/8/2023,Data Science 101,Books,9,409.81,0.15,72,Debit Card,Houston
ORD-109485,3/6/2023,Biography,Books,4,142.22,0,66,Cash,New York
ORD-107227,5/5/2023,Jeans,Clothing,8,289.12,0.05,63,Credit Card,Los Angeles
ORD-103993,5/24/2023,Hoodie,Clothing,8,Unknown,0.15,28,PayPal,Chicago
ORD-107672,9/10/2023,Cookware Set,Home & Kitchen,1,390.33,0.1,51,Credit Card,Los Angeles
ORD-101031,12/27/2023,T-Shirt,Clothing,8,-5,0.05,64,PayPal,New York
ORD-106261,8/6/2023,USB-C Cable,Electronics,Unknown,153.63,0.15,61,PayPal,Phoenix
ORD-107567,8/18/2023,Lip Balm,Beauty,7,82.71,0.15,39,Cash,Houston
ORD-103775,12/18/2023,Air Fryer,Home & Kitchen,8,,0.1,47,Apple Pay,Chicago
ORD-106551,9/5/2023,Moisturizer,Beauty,4,99.06,0.15,38,Apple Pay,Los Angeles
ORD-109962,9/17/2023,Jacket,Clothing,9,13.56,0.2,66,Cash,Chicago
ORD-101756,6/4/2023,Fiction Novel,Books,4,192.79,,57,Cash,Online
ORD-104555,4/23/2023,Socks,Clothing,7,50000,0.15,21,PayPal,Online
ORD-106963,6/9/2023,Monitor,Electronics,5,324.22,0.2,35,Apple Pay,chicago
ORD-100111,11/23/2023,Socks,Clothing,6,9999.99,0,62,Debit Card,Chicago
ORD-105820,7/21/2023,Moisturizer,Beauty,3,6.79,0.15,69,Apple Pay,Los Angeles
ORD-107153,6/14/2023,Data Science 101,Books,7,166.73,0.15,150,Cash,Phoenix
ORD-102918,11/3/2023,Blender,Home & Kitchen,9,275.78,0,200,Apple Pay,New York
ORD-101516,4/15/2023,Cookware Set,Home & Kitchen,9,11.94,0.1,52,PayPal,Los Angeles
ORD-109488,1/5/2023,Lip Balm,Beauty,2,164.31,0.2,56,PayPal,Houston
ORD-109331,7/11/2023,Cookware Set,Home & Kitchen,6,283.72,0,60,PayPal,Los Angeles
ORD-108664,2/5/2023,Cookware Set,Home & Kitchen,1,323.26,0.2,38,PayPal,Houston
ORD-102264,6/15/2023,Coffee Maker,Home & Kitchen,9,Unknown,0.1,66,Credit Card,Phoenix
ORD-108748,11/2/2023,Python Guide,Books,9,79.33,0.05,58,Cash,Los Angeles
ORD-106408,8/18/2023,Wireless Mouse,Electronics,3,340.55,0.1,54,PayPal,New York
ORD-100894,1/15/2023,Moisturizer,Beauty,7,400.16,0.2,47,PayPal,New York
ORD-101491,5/14/2023,Fiction Novel,Books,6,149.04,0.05,55,Apple Pay,Los Angeles
ORD-101851,8/22/2023,Fiction Novel,Books,1,84.55,0.1,66,,Houston
ORD-100325,8/21/2023,Python Guide,books,2,269.45,0.2,47,PayPal,Online
ORD-101216,6/28/2023,Sunscreen,Beauty,6,43.54,0,44,Apple Pay,Los Angeles
ORD-102934,4/27/2023,Lip Balm,Beauty,5,431.16,0.15,25,Debit Card,Houston
ORD-108661,3/8/2023,Biography,Books,5,,0.15,35,Cash,New York
ORD-106720,1/30/2023,Python Guide,Books,9,351.74,0.15,41,Apple Pay,Los Angeles
ORD-108842,9/17/2023,Wireless Mouse,Electronics,6,47.5,0.1,27,Apple Pay,Online
ORD-107119,12/21/2023,Mug,Home & Kitchen,5,257.43,0.2,Unknown,PayPal,Los Angeles
ORD-104000,5/30/2023,T-Shirt,Clothing,4,323.16,0.2,67,Cash,Los Angeles
ORD-101130,3/18/2023,Sunscreen,Beauty,7,296.56,0.1,35,Cash,Online
ORD-105621,5/1/2023,T-Shirt,Clothing,9,148.98,0.1,999,PayPal,Phoenix
ORD-102919,12/29/2023,Mechanical Keyboard,Electronics,6,499.67,0.15,32,Apple Pay,New York
ORD-103085,1/15/2023,Monitor,Electronics,5,462.02,0.1,25,Credit Card,New York
ORD-102796,5/12/2023,Air Fryer,Home & Kitchen,7,352.88,0.15,66,Debit Card,Chicago
ORD-105854,2/24/2023,Jacket,Clothing,7,135.66,0.15,36,Cash,Chicago
ORD-100799,4/17/2023,Biography,Books,1,460.78,0,Unknown,Cash,Phoenix
ORD-100735,6/30/2023,Python Guide,Books,3,260.25,0.15,40,PayPal,Chicago
ORD-104327,4/26/2023,Data Science 101,Books,3,287.27,0.15,22,Apple Pay,Houston
ORD-102245,6/19/2023,Mechanical Keyboard,Electronics,0,96.78,0.05,74,Debit Card,Chicago
ORD-100179,4/4/2023,Mug,Home & Kitchen,8,305.02,0,22,Cash,Online
ORD-106217,12/30/2023,USB-C Cable,Electronics,2,445.28,0.2,71,Debit Card,Online
ORD-107468,10/12/2023,T-Shirt,Clothing,3,470.83,0.2,18,Cash,Los Angeles
ORD-101175,7/15/2023,Data Science 101,Books,8,340.47,0.1,20,Credit Card,Online
ORD-106235,4/11/2023,Moisturizer,Beauty,9,29.38,0.2,32,PayPal,Chicago
ORD-101832,1/13/2023,Air Fryer,Home & Kitchen,9,486.83,0.1,62,Cash,New York
ORD-109117,7/31/2023,Jacket,Clothing,4,,0,52,Cash,Houston
ORD-106694,8/27/2023,Cookware Set,Home & Kitchen,9,28.62,0.15,57,Debit Card,Los Angeles
ORD-108380,6/29/2023,Mug,Home & Kitchen,4,253.86,0.2,29,Credit Card,Houston
ORD-107743,7/17/2023,Hoodie,Clothing,4,457.29,0.1,56,credit card,Phoenix
ORD-103202,1/8/2023,History Book,Books,3,22.32,0,27,PayPal,Los Angeles
ORD-100199,5/20/2023,Biography,Books,8,255.41,0.15,60,Debit Card,Chicago
ORD-106067,3/31/2023,Perfume,Beauty,8,420.26,0.05,66,Debit Card,los angeles
ORD-104088,8/28/2023,Python Guide,Books,5,128.48,0.15,74,PayPal,Los Angeles
ORD-100549,8/6/2023,Sunscreen,Beauty,5,60.91,0,38,PayPal,New York
ORD-107366,11/15/2023,Python Guide,Books,9,176.82,0,24,Cash,Online
ORD-104852,5/8/2023,Monitor,Electronics,3,Unknown,0.2,67,PayPal,Houston
ORD-105066,9/15/2023,Mug,Home & Kitchen,6,498.6,0.15,62,Apple Pay,Phoenix
ORD-102533,10/7/2023,Mechanical Keyboard,Electronics,7,66.5,0.15,56,Credit Card,Online
ORD-102315,6/9/2023,Jeans,Clothing,1,440.72,0,55,Apple Pay,Houston
ORD-107095,11/9/2023,Mug,Home & Kitchen,9,472.47,0.05,62,Credit Card,Phoenix
ORD-100067,4/14/2023,History Book,Books,2,164.66,0,26,PayPal,Houston
ORD-103261,6/28/2023,Coffee Maker,Home & Kitchen,3,230.23,0,70,PayPal,Houston
ORD-102573,6/27/2023,Cookware Set,Home & Kitchen,4,391.01,0.1,73,Cash,Los Angeles
ORD-107052,6/18/2023,Jeans,Clothing,6,50000,0,46,Debit Card,Houston
ORD-106747,10/5/2023,T-Shirt,Clothing,6,196.25,0.1,150,PayPal,Chicago
ORD-100623,12/7/2023,Hoodie,Clothing,3,92.7,0.15,38,Cash,New York
ORD-101682,2/21/2023,Python Guide,Books,7,N/A,0,30,Cash,Chicago
ORD-100788,9/1/2023,Perfume,Beauty,6,166.89,0.1,200,Cash,Los Angeles
ORD-103333,5/14/2023,Python Guide,Books,7,238.9,0.1,32,Cash,Chicago
ORD-108407,9/23/2023,Shampoo,Beauty,5,171.27,0.05,36,Credit Card,Los Angeles
ORD-106336,2/7/2023,Wireless Mouse,Electronics,8,174.94,0.2,62,Debit Card,Los Angeles
ORD-103281,2/22/2023,Mug,Home & Kitchen,6,50000,0.05,40,PayPal,Chicago
ORD-105280,10/27/2023,History Book,Books,1,464.43,0.05,73,PayPal,Phoenix
ORD-106311,6/8/2023,Coffee Maker,Home & Kitchen,5,398.45,0.1,42,PayPal,Los Angeles
ORD-104337,7/29/2023,Data Science 101,Books,3,249.52,0.1,-1,Credit Card,Houston
ORD-109859,4/4/2023,Python Guide,Books,8,426.24,0.15,67,Credit Card,New York
ORD-100479,5/24/2023,USB-C Cable,Electronics,8,233.47,0,61,credit card,Houston
ORD-106075,9/20/2023,Fiction Novel,Books,8,453.9,0.1,40,Cash,Houston
ORD-102648,5/2/2023,Wireless Mouse,Electronics,7,50000,0.1,49,Debit Card,Online
ORD-104481,2023-13-45,Socks,Clothing,9,80.09,0.05,62,Apple Pay,Online
ORD-108464,12/29/2023,Hoodie,Clothing,2,13.84,0.15,28,,New York
ORD-101034,3/14/2023,Perfume,Beauty,9,464.79,0.15,43,Credit Card,Online
ORD-106245,12/11/2023,Jacket,Clothing,6,478.72,0.05,25,Credit Card,Chicago
ORD-102599,6/8/2023,Perfume,Beauty,3,9999.99,0,37,Apple Pay,Chicago
ORD-106462,11/11/2023,Coffee Maker,Home & Kitchen,2,50000,0.1,23,Cash,Phoenix
ORD-109213,2/18/2023,Wireless Mouse,Electronics,3,185.47,0.05,66,Apple Pay,New York
ORD-104845,1/15/2023,Jeans,Clothing,6,147.07,0.2,63,PayPal,Los Angeles
ORD-100345,8/13/2023,Cookware Set,Home & Kitchen,2,317.62,0.1,43,Apple Pay,Phoenix
ORD-104328,7/12/2023,Wireless Mouse,ELECTRONICS,3,370.95,0,59,PayPal,Phoenix
ORD-101872,7/14/2023,Sunscreen,Beauty,9,135.2,0.15,30,Cash,Houston
ORD-105852,Invalid_Date,Blender,Home & Kitchen,2,323.71,0.05,70,PayPal,Houston
ORD-108015,5/30/2023,Mug,Home & Kitchen,5,170.56,0.2,38,PayPal,Chicago
ORD-109318,9/20/2023,Python Guide,Books,5,366.07,0.2,58,PayPal,Los Angeles
ORD-102889,9/11/2023,Perfume,Beauty,4,301.08,0.05,36,PayPal,New York
ORD-100221,9/12/2023,Jacket,Clothing,7,130.67,0.2,25,Credit Card,Los Angeles
ORD-109462,2/18/2023,Jacket,Clothing,3,486.01,0,70,Apple Pay,Chicago
ORD-109710,2/14/2023,Perfume,Beauty,9,482,0.15,999,Apple Pay,Online
ORD-104339,10/23/2023,Jeans,Clothing,3,64.41,0.2,46,Debit Card,Online
ORD-104017,5/6/2023,T-Shirt,Clothing,9,296.65,0.1,27,Debit Card,Phoenix
ORD-104373,7/11/2023,Lip Balm,Beauty,6,52.85,0.05,49,Debit Card,Houston
ORD-104249,8/20/2023,Cookware Set,Home & Kitchen,3,255.4,0.2,999,Credit Card,Houston
ORD-109426,9/23/2023,Socks,Clothing,5,432.36,0.05,26,Cash,houston
ORD-106878,7/8/2023,Mug,Home & Kitchen,7,452.35,0.05,40,Credit Card,Online
ORD-107566,1/3/2023,Jacket,Clothing,8,199.99,0.2,48,,Chicago
ORD-104611,11/6/2023,Headphones,Electronics,1,439.19,0.1,150,Credit Card,New York
ORD-106884,2/12/2023,Coffee Maker,Home & Kitchen,3,92.75,0.2,57,Apple Pay,Los Angeles
ORD-104242,1/25/2023,Headphones,ELECTRONICS,5,402.49,0.15,51,Debit Card,Phoenix
ORD-104505,4/13/2023,Cookware Set,Home & Kitchen,3,248.74,0.1,0,PayPal,New York
ORD-109365,12/26/2023,Cookware Set,Home & Kitchen,3,122.73,0,59,Apple Pay,Phoenix
ORD-106796,5/20/2023,Socks,Clothing,6,383.83,0.05,31,Debit Card,Los Angeles
ORD-102882,10/5/2023,Blender,Home & Kitchen,4,380.44,0.1,32,PayPal,Houston
ORD-101678,12/12/2023,Data Science 101,Books,9,188.78,0.1,41,Apple Pay,Phoenix
ORD-104585,4/5/2023,Mug,Home & Kitchen,1,167.46,0,23,PayPal,Houston
ORD-100902,6/25/2023,Headphones,Electronics,6,363.88,0.05,68,PayPal,Online
ORD-107598,8/23/2023,Sunscreen,Beauty,6,77.05,0.1,27,Debit Card,Chicago
ORD-102297,10/31/2023,Perfume,Beauty,2,464.14,0.1,67,CREDIT CARD,Chicago
ORD-109941,11/3/2023,Python Guide,Books,5,104.07,0,20,debit card,Chicago
ORD-104470,4/22/2023,T-Shirt,Clothing,6,244.66,0,61,Debit Card,Houston
ORD-100297,8/11/2023,Hoodie,Clothing,9,317.75,0.05,41,Debit Card,Los Angeles
ORD-109039,10/14/2023,Fiction Novel,Books,1,180.57,0.1,50,PayPal,Chicago
ORD-104154,8/13/2023,Shampoo,Beauty,5,104.96,0.1,70,PayPal,Houston
ORD-104673,8/18/2023,Cookware Set,Home & Kitchen,5,416.35,0,34,Cash,Online
ORD-100028,11/23/2023,Perfume,Beauty,4,471.71,0.1,68,Apple Pay,Houston
ORD-104697,4/3/2023,Mechanical Keyboard,Electronics,4,272.05,0,30,Credit Card,Chicago
ORD-108105,4/3/2023,Perfume,Beauty,5,132.49,0.15,40,Credit Card,New York
ORD-108119,12/1/2023,Coffee Maker,Home & Kitchen,8,494.99,0.15,49,PayPal,Online
ORD-106228,3/31/2023,Socks,Clothing,2,121.6,0.1,44,PayPal,Chicago
ORD-103249,12/11/2023,Hoodie,Clothing,4,9999.99,0,57,Debit Card,New York
ORD-108167,4/19/2023,Headphones,Electronics,8,450.77,0,39,Debit Card,ONLINE
ORD-102581,3/16/2023,Monitor,Electronics,2,346.37,,68,PayPal,Online
ORD-104693,10/6/2023,Python Guide,Books,2,256.63,0.05,72,Credit Card,Phoenix
ORD-101371,3/29/2023,Data Science 101,Books,7,29.4,0,18,Apple Pay,Los Angeles
ORD-104748,3/19/2023,Sunscreen,Beauty,5,78.58,0.05,70,Apple Pay,houston
ORD-108280,2023-13-45,Sunscreen,Beauty,9,186.97,0.2,43,Debit Card,New York
ORD-105517,12/10/2023,Shampoo,Beauty,6,272.01,0.2,43,Debit Card,New York
ORD-105029,5/6/2023,Biography,Books,7,105.56,0,58,Cash,Los Angeles
ORD-100682,12/3/2023,Perfume,Beauty,8,419.94,0.15,31,PayPal,Phoenix
ORD-103160,8/28/2023,Monitor,Electronics,5,283.33,0.15,57,Credit Card,Houston
ORD-102988,12/3/2023,USB-C Cable,ELECTRONICS,2,30.83,0.1,22,Cash,Houston
ORD-101883,3/9/2023,Jeans,Clothing,8,224.71,0.05,45,Debit Card,Los Angeles
ORD-101941,7/20/2023,Moisturizer,Beauty,6,104.08,0.15,0,PayPal,Los Angeles
ORD-103297,7/21/2023,Monitor,Electronics,4,17.2,0.1,71,Apple Pay,Houston
ORD-103535,8/23/2023,Jacket,Clothing,2,95.81,0,53,Credit Card,Los Angeles
ORD-103730,4/4/2023,Mug,Home & Kitchen,9,,0.05,70,Debit Card,New York
ORD-106635,1/8/2023,Jeans,Clothing,3,164.73,0.1,67,PayPal,Chicago
ORD-101182,1/15/2023,USB-C Cable,Electronics,1,155.6,0.05,67,Cash,Houston
ORD-101376,11/10/2023,History Book,Books,2,300.09,0.1,51,PayPal,Online
ORD-106912,5/29/2023,Python Guide,Books,1,62.77,0.05,60,Debit Card,Houston
ORD-106250,10/16/2023,Data Science 101,Books,6,377.15,0.15,49,Credit Card,Houston
ORD-100627,1/8/2023,Coffee Maker,Home & Kitchen,5,366.75,0.15,22,Cash,Chicago
ORD-102113,6/19/2023,History Book,Books,3,256.73,0.1,35,Apple Pay,Los Angeles
ORD-106190,1/4/2023,Python Guide,Books,1,19.64,0.1,65,PayPal,Phoenix
ORD-109447,4/20/2023,Cookware Set,Home & Kitchen,1,448.8,0.1,34,Apple Pay,Houston
ORD-106983,9/21/2023,Monitor,Electronics,3,480.63,0.1,68,Cash,New York
ORD-106625,10/6/2023,Shampoo,Beauty,0,123.6,0.1,27,Cash,Chicago
ORD-104181,Invalid_Date,Blender,Home & Kitchen,3,363.64,0.15,27,PayPal,Phoenix
ORD-107445,4/21/2023,Moisturizer,Beauty,5,121.13,0.2,34,Debit Card,New York
ORD-108056,9/20/2023,Headphones,Electronics,8,375.7,0.2,59,Apple Pay,Chicago
ORD-101463,6/21/2023,Perfume,Beauty,4,315.24,0.1,31,PayPal,New York
ORD-102888,2/22/2023,Mechanical Keyboard,Electronics,-5,345.87,0,41,Credit Card,Chicago
ORD-107408,7/8/2023,Wireless Mouse,Electronics,8,320.92,0,26,Cash,Chicago
ORD-100685,12/12/2023,T-Shirt,Clothing,4,25.62,0,37,PayPal,New York
ORD-107682,12/31/2023,Wireless Mouse,Electronics,4,447.09,0,31,PAYPAL,Online
ORD-109680,6/6/2023,Hoodie,Clothing,7,222.16,0.05,31,Cash,Phoenix
ORD-101367,7/20/2023,Blender,Home & Kitchen,6,134.93,0.1,52,Debit Card,Houston
ORD-103917,12/19/2023,Lip Balm,Beauty,1,288.57,0.05,26,Cash,Houston
ORD-102640,6/24/2023,Mechanical Keyboard,Electronics,8,,0.15,30,Debit Card,Houston
ORD-109741,5/23/2023,Lip Balm,Beauty,1,306.07,0.1,42,Debit Card,Houston
ORD-109307,5/9/2023,Mechanical Keyboard,Electronics,4,42.87,0.15,20,Apple Pay,Online
ORD-106205,Invalid_Date,Headphones,Electronics,1,321.72,0.05,40,Apple Pay,Los Angeles
ORD-102301,7/28/2023,Biography,Books,9,50000,0.1,46,Debit Card,Phoenix
ORD-102939,2/21/2023,Python Guide,Books,3,68.26,0.1,45,Credit Card,Los Angeles
ORD-106066,11/10/2023,Fiction Novel,Books,6,226.06,0.15,33,Debit Card,Houston
ORD-109430,10/30/2023,Headphones,Electronics,6,429.08,0.05,72,Cash,Chicago
ORD-105358,5/25/2023,Fiction Novel,Books,2,50000,0,25,PayPal,Houston
ORD-101980,5/24/2023,Wireless Mouse,Electronics,7,135.42,0.2,58,Debit Card,Online
ORD-103804,5/23/2023,Shampoo,Beauty,4,492.27,0.15,73,Apple Pay,Houston
ORD-109236,11/12/2023,Monitor,Electronics,2,249.01,0.15,73,Apple Pay,Chicago
ORD-104615,2/20/2023,Python Guide,Books,9,218.33,0.15,71,Apple Pay,Houston
ORD-104868,9/18/2023,Perfume,Beauty,1,340.14,0.1,31,PayPal,Chicago
ORD-105158,7/5/2023,Blender,Home & Kitchen,6,338.2,0.2,35,Apple Pay,Houston
ORD-102281,6/28/2023,Wireless Mouse,Electronics,3,129.83,0.2,21,Credit Card,Houston
ORD-104872,2/4/2023,Mug,Home & Kitchen,5,265.63,0.15,32,,New York
ORD-104413,5/27/2023,Air Fryer,Home & Kitchen,7,42.9,0.2,72,Cash,Los Angeles
ORD-107107,5/4/2023,Sunscreen,Beauty,7,458.42,0,41,PayPal,Online
ORD-104131,9/7/2023,Mug,Home & Kitchen,5,402.83,0.05,28,PayPal,Houston
ORD-106461,12/22/2023,Mechanical Keyboard,Electronics,6,370.86,0,36,Credit Card,New York
ORD-104904,7/28/2023,Perfume,Beauty,7,254.39,0.05,18,Apple Pay,Houston
ORD-101785,8/17/2023,Wireless Mouse,Electronics,2,498.42,0.15,42,Credit Card,Phoenix
ORD-103183,2/10/2023,Mechanical Keyboard,Electronics,7,168.78,0.2,150,Apple Pay,Chicago
ORD-100495,12/22/2023,Socks,Clothing,6,108.87,0.1,65,APPLE PAY,Houston
ORD-108790,3/17/2023,Lip Balm,Beauty,5,66.09,0.1,73,Apple Pay,Los Angeles
ORD-104429,12/15/2023,Shampoo,Beauty,5,297.13,0.2,,PayPal,Online
ORD-102861,2/19/2023,Wireless Mouse,Electronics,7,309.49,0.15,39,Apple Pay,Chicago
ORD-106436,1/18/2023,Jeans,Clothing,6,50000,0.2,42,PayPal,Online
ORD-104042,1/15/2023,Coffee Maker,Home & Kitchen,1,486.89,0.15,74,Credit Card,Houston
ORD-107650,2/2/2023,Fiction Novel,Books,7,434.7,0.2,-1,Apple Pay,Online
ORD-102898,10/29/2023,Blender,Home & Kitchen,5,133.76,0.1,69,Credit Card,Los Angeles
ORD-100367,7/12/2023,Python Guide,Books,6,,0.05,60,PayPal,Online
ORD-100850,1/15/2023,Monitor,Electronics,7,331.46,0,55,PayPal,Phoenix
ORD-105538,9/11/2023,Data Science 101,Books,8,306.69,0,46,PayPal,Houston
ORD-104713,7/28/2023,Coffee Maker,Home & Kitchen,2,255.99,0.2,63,Credit Card,Chicago
ORD-105710,10/19/2023,Jeans,Clothing,5,473.69,0.2,,Credit Card,Chicago
ORD-104581,9/29/2023,Mug,Home & Kitchen,8,359.33,0.2,N/A,Cash,New York
ORD-102654,6/16/2023,Hoodie,Clothing,5,487.15,0.1,72,Apple Pay,Phoenix
ORD-103504,1/4/2023,Hoodie,Clothing,6,409.65,0.05,200,Cash,Houston
ORD-101542,6/2/2023,Wireless Mouse,Electronics,8,0,0.05,26,Cash,Online
ORD-109514,8/18/2023,Shampoo,Beauty,1,140.96,0.1,29,Credit Card,Chicago
ORD-109130,9/8/2023,Python Guide,books,1,43.88,0.15,46,PayPal,Los Angeles
ORD-100323,2/15/2023,Mug,Home & Kitchen,9,124.81,0.15,37,Debit Card,New York
ORD-102032,9/6/2023,Perfume,Beauty,3,230.39,0.05,37,Apple Pay,Online
ORD-100814,4/28/2023,Jeans,Clothing,3,177.7,0.2,59,PayPal,Online
ORD-108065,9/25/2023,Hoodie,Clothing,4,165.79,0.1,23,Apple Pay,Los Angeles
ORD-109653,12/6/2023,Lip Balm,Beauty,4,57.01,0,63,Debit Card,Chicago
ORD-109469,5/20/2023,Moisturizer,Beauty,7,231.73,0,61,PayPal,Los Angeles
ORD-101080,1/7/2023,History Book,Books,7,210.41,0,35,Credit Card,New York
ORD-102227,2/28/2023,Jacket,CLOTHING,5,423.99,0.15,72,Credit Card,Online
ORD-109408,8/28/2023,Cookware Set,Home & Kitchen,5,181.02,0.2,62,Credit Card,Los Angeles
ORD-105945,5/30/2023,Mug,Home & Kitchen,2,158.57,0,29,Apple Pay,New York
ORD-102706,3/14/2023,Lip Balm,Beauty,7,233.58,0.1,41,PayPal,Online
ORD-107732,1/17/2023,Wireless Mouse,Electronics,2,22.74,0.1,41,Apple Pay,New York
ORD-105181,7/9/2023,Python Guide,Books,1,446.19,0.2,66,PayPal,Chicago
ORD-101165,1/30/2023,Cookware Set,Home & Kitchen,6,322.58,0.1,66,PayPal,Los Angeles
ORD-103262,6/8/2023,Headphones,Electronics,1,81.16,0.05,29,Apple Pay,Online
ORD-104468,4/1/2023,Mechanical Keyboard,Electronics,6,122.22,0.05,37,PayPal,Online
ORD-101451,12/22/2023,Wireless Mouse,Electronics,4,420.81,0.15,21,Debit Card,Online
ORD-104230,4/8/2023,Data Science 101,Books,7,310.99,0.05,200,Apple Pay,New York
ORD-103863,10/16/2023,Fiction Novel,Books,3,274.05,0.2,69,,Online
ORD-106506,11/6/2023,Python Guide,Books,2,156.17,0.05,70,Debit Card,Phoenix
ORD-107338,8/30/2023,Cookware Set,Home & Kitchen,7,430.46,0,20,Apple Pay,Chicago
ORD-109810,5/23/2023,Mug,Home & Kitchen,4,398.19,0,999,Apple Pay,Los Angeles
ORD-106833,12/11/2023,Sunscreen,Beauty,5,313.46,0.1,29,PayPal,Chicago
ORD-108405,10/30/2023,Mug,Home & Kitchen,2,147.23,0.2,52,Credit Card,Online
ORD-106631,6/24/2023,History Book,Books,8,175.47,0,43,PayPal,Online
ORD-107054,10/4/2023,Lip Balm,Beauty,7,431.62,0,63,Apple Pay,Los Angeles
ORD-104788,2/4/2023,Coffee Maker,Home & Kitchen,4,158.44,0.05,33,Apple Pay,Online
ORD-104057,11/19/2023,Python Guide,Books,7,288.47,0,54,Cash,New York
ORD-109794,7/23/2023,Perfume,Beauty,5,402.31,0,24,,Online
ORD-103000,9/6/2023,Biography,Books,7,260.2,0.2,48,Cash,New York
ORD-109294,1/12/2023,Blender,Home & Kitchen,7,48.44,0.2,31,PayPal,New York
ORD-101232,5/6/2023,Moisturizer,Beauty,2,345.96,0.15,34,PayPal,Los Angeles
ORD-101515,1/31/2023,Sunscreen,Beauty,5,491.52,0.1,40,PayPal,Houston
ORD-102314,10/30/2023,Moisturizer,Beauty,8,277.55,0.05,47,Credit Card,Chicago
ORD-101452,6/18/2023,Hoodie,Clothing,4,122.24,0.05,39,Credit Card,Los Angeles
ORD-108351,11/29/2023,Python Guide,Books,4,130.02,0.15,200,Debit Card,Los Angeles
ORD-106102,6/23/2023,Coffee Maker,Home & Kitchen,6,229.93,0.1,27,Cash,New York
ORD-102593,6/22/2023,Perfume,Beauty,5,482.69,,46,PayPal,Chicago
ORD-104322,11/13/2023,Python Guide,Books,4,259.08,0,30,Cash,Chicago
ORD-105962,3/13/2023,Mug,Home & Kitchen,2,435.49,0,32,Debit Card,Online
ORD-100839,11/27/2023,Air Fryer,Home & Kitchen,4,50000,0.05,48,Debit Card,Los Angeles
ORD-103232,3/26/2023,Shampoo,Beauty,3,120.36,0.1,22,Credit Card,New York
ORD-104925,1/17/2023,Blender,Home & Kitchen,4,480.13,0.15,45,Debit Card,Chicago
ORD-106843,3/29/2023,Biography,Books,7,453.7,0.05,43,Credit Card,Phoenix
ORD-108754,12/25/2023,Cookware Set,HOME & KITCHEN,9,312.87,0.15,38,Apple Pay,Phoenix
ORD-103568,5/10/2023,Lip Balm,Beauty,8,141.25,0.2,41,Cash,Online
ORD-109539,1/24/2023,Socks,Clothing,3,215.45,0.05,71,Debit Card,Houston
ORD-103088,1/15/2023,Jeans,Clothing,4,308.95,0.2,69,Apple Pay,Houston
ORD-108901,6/24/2023,Jeans,Clothing,6,432.56,0,38,Apple Pay,Chicago
ORD-101715,6/11/2023,Cookware Set,Home & Kitchen,9,92.89,0,66,Cash,Houston
ORD-104271,7/28/2023,Wireless Mouse,Electronics,7,385.64,0,52,PayPal,Houston
ORD-100340,8/8/2023,Wireless Mouse,Electronics,4,316.24,0.15,37,Cash,Houston
ORD-107179,3/9/2023,Monitor,Electronics,6,389.09,0.05,64,Cash,Online
ORD-106334,8/10/2023,Hoodie,Clothing,8,362.01,0.2,150,Debit Card,Los Angeles
ORD-107396,6/1/2023,Python Guide,Books,9,153.49,0.05,35,Credit Card,Houston
ORD-102909,10/11/2023,Headphones,Electronics,1,122.66,0,200,Cash,Los Angeles
ORD-108053,10/15/2023,History Book,Books,3,447.75,0,58,Debit Card,Online
ORD-100589,7/11/2023,Python Guide,Books,7,437.74,0.1,63,PayPal,New York
ORD-103366,10/30/2023,Perfume,Beauty,2,166.78,,20,Cash,Chicago
ORD-102671,6/29/2023,Cookware Set,Home & Kitchen,8,476.79,0.2,65,PayPal,Phoenix
ORD-103590,3/14/2023,Biography,Books,4,163.46,0.1,32,Cash,Phoenix
ORD-100035,6/1/2023,Coffee Maker,Home & Kitchen,3,138.36,0.1,71,Debit Card,Houston
ORD-100029,5/20/2023,Blender,Home & Kitchen,6,440.83,0.2,74,PayPal,Phoenix
ORD-108316,10/5/2023,History Book,Books,3,327.75,0.05,55,Apple Pay,New York
ORD-104890,9/20/2023,USB-C Cable,Electronics,4,482.92,0,49,apple pay,Online
ORD-102171,2023-13-45,Blender,Home & Kitchen,4,478.16,0.15,50,Credit Card,Chicago
ORD-105488,6/10/2023,Python Guide,Books,4,137.4,0.15,30,Apple Pay,Los Angeles
ORD-104975,3/31/2023,Cookware Set,Home & Kitchen,8,99.89,0.2,48,Apple Pay,Los Angeles
ORD-100890,12/30/2023,Perfume,Beauty,2,50000,0.05,51,Credit Card,Chicago
ORD-106926,11/12/2023,Shampoo,Beauty,5,255.06,0.15,39,Credit Card,Los Angeles
ORD-103323,6/19/2023,Jeans,Clothing,1,357.73,0,55,Apple Pay,Online
ORD-109674,6/21/2023,Headphones,Electronics,3,246.69,0.1,18,PayPal,Houston
ORD-103515,7/10/2023,Lip Balm,Beauty,3,158.29,0.2,73,PayPal,Houston
ORD-105258,Invalid_Date,Biography,Books,5,496.52,0.15,24,Cash,Online
ORD-108597,4/10/2023,Perfume,Beauty,9,60.5,0.05,21,PayPal,Online
ORD-106509,6/19/2023,Air Fryer,Home & Kitchen,9,94.71,0.05,55,PayPal,Chicago
ORD-103734,10/4/2023,Python Guide,Books,9,298.87,0.05,59,Apple Pay,New York
ORD-109746,9/20/2023,Biography,Books,4,12.82,0.1,48,Debit Card,New York
ORD-107697,6/24/2023,Jeans,Clothing,3,50000,0.1,60,PayPal,New York
ORD-101655,3/18/2023,Shampoo,Beauty,3,44.61,0.2,19,PayPal,New York
ORD-105502,11/6/2023,Mechanical Keyboard,Electronics,4,355.24,0.1,,Debit Card,Phoenix
ORD-107812,3/7/2023,Biography,Books,1,477.78,0.2,46,,Online
ORD-100224,4/30/2023,Perfume,Beauty,8,362.52,0.1,,Debit Card,New York
ORD-108882,7/8/2023,Biography,Books,8,498.24,0.05,44,Credit Card,New York
ORD-107304,4/19/2023,Shampoo,Beauty,9,145.32,0,66,PayPal,Los Angeles
ORD-104240,11/22/2023,Mechanical Keyboard,Electronics,-5,134.91,0.1,50,PayPal,Phoenix
ORD-101591,9/15/2023,Python Guide,Books,2,464.54,0.2,50,Apple Pay,New York
ORD-107473,8/24/2023,Socks,Clothing,3,400.38,0,28,Apple Pay,Phoenix
ORD-103257,7/15/2023,Headphones,Electronics,2,397.62,0.05,40,Cash,Chicago
ORD-105557,7/7/2023,History Book,Books,8,374.64,0.2,39,Cash,chicago
ORD-109984,2/23/2023,Perfume,Beauty,2,29.91,0,64,PayPal,Los Angeles
ORD-102182,11/25/2023,Python Guide,Books,2,385.37,0.15,48,Cash,Chicago
ORD-107256,3/7/2023,Air Fryer,Home & Kitchen,2,95.29,0.05,32,Credit Card,Online
ORD-105351,4/7/2023,Biography,Books,2,-5,0.05,47,PayPal,Los Angeles
ORD-107236,10/5/2023,Jacket,Clothing,8,431.06,0,70,Apple Pay,Phoenix
ORD-108799,12/19/2023,Moisturizer,beauty,8,113.91,0.1,45,Credit Card,Houston
ORD-101210,3/24/2023,Lip Balm,Beauty,8,271.1,0,72,Credit Card,Online
ORD-100422,11/27/2023,Monitor,Electronics,2,468.79,0.1,69,Apple Pay,Houston
ORD-108999,3/20/2023,Perfume,Beauty,6,316.76,0.15,22,Credit Card,Phoenix
ORD-101707,12/29/2023,Jeans,Clothing,4,7.03,0,27,Debit Card,Chicago
ORD-101159,7/2/2023,Biography,Books,2,167.64,0,999,Cash,Phoenix
ORD-102307,6/1/2023,Fiction Novel,Books,5,246.5,0.2,42,Apple Pay,New York
ORD-100274,12/10/2023,Mug,HOME & KITCHEN,9,59.19,0.15,29,Cash,Online
ORD-100172,6/22/2023,Air Fryer,Home & Kitchen,8,240.93,0.15,22,PayPal,Phoenix
ORD-103957,12/4/2023,Hoodie,Clothing,9,498.7,0,61,Apple Pay,Los Angeles
ORD-105187,10/6/2023,USB-C Cable,Electronics,6,46.82,0.2,63,PayPal,Houston
ORD-103189,1/11/2023,Coffee Maker,Home & Kitchen,6,319.32,0.1,47,,Phoenix
ORD-101726,5/19/2023,Socks,Clothing,1,265.77,0.15,59,Apple Pay,New York
ORD-107493,5/20/2023,Air Fryer,Home & Kitchen,2,270.17,0.15,45,Debit Card,Houston
ORD-107912,12/25/2023,Shampoo,Beauty,7,149.57,0,69,Apple Pay,Houston
ORD-101565,12/3/2023,Blender,Home & Kitchen,3,143.27,0.1,48,Credit Card,Chicago
ORD-101783,8/31/2023,Perfume,Beauty,4,194.82,0,27,PayPal,Phoenix
ORD-100844,1/29/2023,Data Science 101,Books,3,312.13,0.1,24,Credit Card,New York
ORD-109623,3/17/2023,T-Shirt,Clothing,4,25.76,0.1,19,Debit Card,Houston
ORD-104756,9/16/2023,T-Shirt,Clothing,5,342.44,0,59,Cash,Houston
ORD-100905,7/20/2023,Air Fryer,Home & Kitchen,2,238.08,0.15,61,Debit Card,Houston
ORD-109114,8/9/2023,Coffee Maker,Home & Kitchen,6,144.91,0.05,42,Debit Card,Phoenix
ORD-109961,5/30/2023,Monitor,Electronics,4,249.87,0,57,Debit Card,Online
ORD-105462,10/22/2023,Socks,Clothing,1,490.07,0.2,53,Debit Card,Los Angeles
ORD-101548,9/13/2023,Wireless Mouse,Electronics,1,262.01,0.05,65,PayPal,Phoenix
ORD-102081,8/23/2023,Lip Balm,Beauty,7,150.88,0.1,46,Debit Card,Houston
ORD-106077,2/1/2023,Air Fryer,Home & Kitchen,4,10.82,0.2,20,Apple Pay,Los Angeles
ORD-103986,4/17/2023,Python Guide,Books,3,384.92,0,24,Apple Pay,Chicago
ORD-107543,12/30/2023,Blender,Home & Kitchen,1,194.24,0.1,40,Apple Pay,Online
ORD-108563,2/5/2023,Socks,Clothing,1,269.82,0.15,61,Credit Card,Online
ORD-106604,3/18/2023,Lip Balm,Beauty,3,323.72,0.15,56,PayPal,Online
ORD-109877,9/23/2023,Fiction Novel,Books,9,187.34,0.1,33,Cash,Houston
ORD-108452,10/9/2023,Blender,Home & Kitchen,7,373.94,0,73,Debit Card,los angeles
ORD-103821,3/29/2023,Cookware Set,Home & Kitchen,0,26.4,0.05,33,PayPal,Los Angeles
ORD-102647,1/26/2023,Coffee Maker,Home & Kitchen,8,147.14,0.1,53,Debit Card,New York
ORD-106448,11/20/2023,Perfume,Beauty,8,-5,0,65,Apple Pay,Chicago
ORD-107631,7/10/2023,Wireless Mouse,Electronics,3,425.94,0.05,71,Debit Card,new york
ORD-105448,11/8/2023,Headphones,Electronics,5,59.01,0.1,40,Cash,Houston
ORD-106978,10/23/2023,Cookware Set,home & kitchen,3,268.58,0.15,26,Apple Pay,Los Angeles
ORD-107464,2/20/2023,Air Fryer,Home & Kitchen,5,77.04,0.15,25,Cash,Phoenix
ORD-104351,6/4/2023,Moisturizer,Beauty,5,139.06,0.05,50,PayPal,Houston
ORD-106474,8/3/2023,Shampoo,Beauty,1,47.57,0.15,19,Debit Card,Online
ORD-102156,10/28/2023,Moisturizer,Beauty,7,478.33,0.2,26,Apple Pay,New York
ORD-107501,10/27/2023,Sunscreen,Beauty,1,395.19,0.2,24,Debit Card,Phoenix
ORD-103716,12/2/2023,Hoodie,Clothing,7,72.87,,23,Cash,Los Angeles
ORD-104058,6/26/2023,Hoodie,Clothing,7,452.96,0.1,72,Apple Pay,Chicago
ORD-109672,11/6/2023,Shampoo,Beauty,5,188.45,0.2,46,Debit Card,New York
ORD-106344,7/19/2023,Mechanical Keyboard,Electronics,9,9999.99,0.15,45,Apple Pay,New York
ORD-105144,11/19/2023,Mug,Home & Kitchen,7,195.24,0.1,32,Cash,los angeles
ORD-103103,7/3/2023,Biography,Books,2,54.64,0.1,34,Apple Pay,Los Angeles
ORD-100559,12/20/2023,Biography,Books,7,88.7,0.15,70,Debit Card,Houston
ORD-106126,2/25/2023,Hoodie,Clothing,6,282.4,0.1,45,Apple Pay,Phoenix
ORD-105995,2023-13-45,History Book,Books,6,365.75,0.15,25,Credit Card,Los Angeles
ORD-101437,4/27/2023,Jacket,Clothing,1,218.83,0.15,62,Cash,New York
ORD-100508,6/1/2023,Cookware Set,Home & Kitchen,9,376.93,,53,Cash,Phoenix
ORD-104473,7/23/2023,Shampoo,Beauty,2,91.16,0.05,36,Apple Pay,Phoenix
ORD-101870,5/17/2023,Wireless Mouse,Electronics,6,81.3,0.2,28,Cash,Online
ORD-100756,11/10/2023,Fiction Novel,Books,3,10.65,0,31,Cash,New York
ORD-105782,4/15/2023,Biography,Books,6,101.42,0.2,37,Cash,Chicago
ORD-104051,6/3/2023,Coffee Maker,Home & Kitchen,6,442.52,0.2,61,Apple Pay,New York
ORD-105609,12/10/2023,Hoodie,Clothing,2,230.42,0.2,72,Debit Card,Phoenix
ORD-103837,12/30/2023,USB-C Cable,Electronics,2,356.78,0,31,PayPal,Chicago
ORD-104387,2/13/2023,Hoodie,Clothing,5,299.75,0.15,24,PayPal,Chicago
ORD-102119,6/27/2023,Hoodie,Clothing,5,218.74,0.2,21,Credit Card,New York
ORD-106558,2/17/2023,Blender,Home & Kitchen,2,9999.99,0.15,72,Cash,Los Angeles
ORD-109600,9/5/2023,Biography,Books,6,459.14,0.15,26,PayPal,Los Angeles
ORD-100502,5/20/2023,Air Fryer,Home & Kitchen,6,140.17,0.1,62,PayPal,Online
ORD-107357,11/11/2023,Blender,Home & Kitchen,4,324.27,0.05,-5,Apple Pay,Online
ORD-108132,8/15/2023,Wireless Mouse,Electronics,6,137.58,0,45,Credit Card,Los Angeles
ORD-106754,1/14/2023,Moisturizer,Beauty,6,305.64,0.05,61,Debit Card,Los Angeles
ORD-101540,1/15/2023,T-Shirt,Clothing,8,45.6,0,38,Debit Card,Los Angeles
ORD-106546,7/7/2023,History Book,Books,8,372.9,0.05,50,PayPal,Phoenix
ORD-101212,4/8/2023,Python Guide,Books,3,,0,48,PayPal,Phoenix
ORD-109393,10/12/2023,Moisturizer,Beauty,2,153.53,0,26,Debit Card,New York
ORD-100673,5/26/2023,Jacket,Clothing,3,231.56,0.1,61,Debit Card,Houston
ORD-103378,2/11/2023,Coffee Maker,Home & Kitchen,2,285.36,0,28,Apple Pay,Phoenix
ORD-104477,12/18/2023,Air Fryer,Home & Kitchen,2,122.45,,42,Credit Card,Phoenix
ORD-109045,9/8/2023,Data Science 101,Books,3,177.68,0.1,150,Cash,Houston
ORD-101465,1/20/2023,Coffee Maker,Home & Kitchen,2,456.74,0.05,65,Apple Pay,Houston
ORD-109191,3/3/2023,Socks,Clothing,9,50000,0.05,35,Credit Card,Online
ORD-101193,11/21/2023,Sunscreen,Beauty,6,159.23,0.2,37,Apple Pay,Online
ORD-107443,Invalid_Date,Jeans,Clothing,6,357.05,0.2,40,PayPal,Los Angeles
ORD-101873,2/23/2023,Socks,Clothing,3,N/A,0.05,40,PayPal,Chicago
ORD-103591,11/15/2023,Monitor,Electronics,3,335.56,0.1,66,Cash,Online
ORD-107174,10/6/2023,Biography,Books,6,405.2,0.2,54,PayPal,Los Angeles
ORD-108334,9/22/2023,Data Science 101,Books,5,403.14,0,41,Credit Card,New York
ORD-100506,5/9/2023,Shampoo,Beauty,7,250.75,0,53,Cash,Phoenix
ORD-100244,12/29/2023,USB-C Cable,Electronics,2,87.31,0,68,Credit Card,Chicago
ORD-100507,6/23/2023,Hoodie,Clothing,6,33.35,0.15,61,Credit Card,New York
ORD-108439,11/10/2023,Mug,Home & Kitchen,3,50000,0.05,43,PayPal,Houston
ORD-107146,3/15/2023,Blender,Home & Kitchen,6,235.74,0.05,999,Apple Pay,Phoenix
ORD-109734,7/25/2023,Headphones,Electronics,6,9999.99,0.2,35,Cash,New York
ORD-105339,11/19/2023,T-Shirt,Clothing,7,392.34,0.15,19,Credit Card,Online
ORD-101774,4/12/2023,Socks,Clothing,1,123.77,0.15,35,Apple Pay,Los Angeles
ORD-108093,12/4/2023,History Book,Books,-1,51.28,0.1,36,Debit Card,New York
ORD-105240,12/8/2023,Lip Balm,Beauty,2,46.93,0.2,30,Apple Pay,Phoenix
ORD-109157,3/24/2023,Jeans,Clothing,6,126.52,0.05,24,Apple Pay,online
ORD-100798,9/21/2023,Hoodie,Clothing,8,493.89,0.1,63,Debit Card,Los Angeles
ORD-107592,4/12/2023,Coffee Maker,Home & Kitchen,7,344.21,0.05,18,Apple Pay,Houston
ORD-107534,10/31/2023,Shampoo,Beauty,5,231.8,0,999,Debit Card,Phoenix
ORD-102830,6/13/2023,Jacket,Clothing,2,333.05,0.15,20,PayPal,Chicago
ORD-109597,10/21/2023,Mug,Home & Kitchen,3,64.98,0.05,0,PayPal,Houston
ORD-108996,4/23/2023,Fiction Novel,Books,2,34.52,0.15,43,Debit Card,Phoenix
ORD-100313,9/28/2023,Moisturizer,Beauty,8,187.42,0.15,33,Credit Card,Online
ORD-100747,1/15/2023,USB-C Cable,Electronics,9,69.32,0,18,Cash,Los Angeles
ORD-103570,1/30/2023,Mug,Home & Kitchen,3,316.98,0,41,,Houston
ORD-100791,7/31/2023,Jacket,Clothing,9,336.98,0.2,57,Cash,Phoenix
ORD-102477,4/30/2023,Coffee Maker,Home & Kitchen,9,96.68,0.1,24,Cash,Online
ORD-109603,10/29/2023,Shampoo,Beauty,5,367.43,0,23,Cash,Los Angeles
ORD-102571,6/8/2023,Mug,Home & Kitchen,8,326.3,0.05,30,Cash,Online
ORD-109792,6/14/2023,Jacket,Clothing,2,N/A,0.2,30,Apple Pay,Phoenix
ORD-109016,5/22/2023,Hoodie,Clothing,4,139.41,0.05,27,Credit Card,Houston
ORD-104356,6/26/2023,Socks,Clothing,8,102.33,0.1,68,Credit Card,Chicago
ORD-102164,11/23/2023,Headphones,Electronics,3,327.58,0.05,56,Cash,Chicago
ORD-108766,6/17/2023,Lip Balm,Beauty,6,50000,0,29,PayPal,Houston
ORD-106759,5/6/2023,History Book,Books,9,115.65,0.1,26,Debit Card,Online
ORD-100381,6/2/2023,Air Fryer,Home & Kitchen,5,407.81,0.15,22,Credit Card,New York
ORD-106493,4/1/2023,Shampoo,Beauty,3,,0.05,67,Cash,Online
ORD-101293,1/30/2023,Lip Balm,Beauty,8,310.52,0.15,70,Cash,Los Angeles
ORD-101913,3/13/2023,Cookware Set,Home & Kitchen,5,9999.99,0.05,54,Apple Pay,Los Angeles
ORD-100600,4/27/2023,Blender,Home & Kitchen,4,320.75,0.05,46,Credit Card,Chicago
ORD-103893,9/12/2023,Jacket,Clothing,8,338.5,0,25,Credit Card,Los Angeles
ORD-104142,11/22/2023,Wireless Mouse,Electronics,2,189.91,0.1,53,Credit Card,Houston
ORD-101653,1/15/2023,Python Guide,Books,7,315.52,0.05,33,Cash,Los Angeles
ORD-105580,12/22/2023,Lip Balm,Beauty,-1,420.42,0.05,65,Cash,Chicago
ORD-101894,10/5/2023,Jacket,Clothing,3,50000,0,74,Credit Card,Online
ORD-101945,9/19/2023,Wireless Mouse,Electronics,1,161.72,0,36,PayPal,Chicago
ORD-103396,1/17/2023,Coffee Maker,Home & Kitchen,6,249.57,0.1,30,PayPal,Chicago
ORD-106822,2/10/2023,Moisturizer,Beauty,5,384.17,0.05,37,Debit Card,Houston
ORD-104363,1/7/2023,Sunscreen,Beauty,1,312.92,0.1,72,PayPal,Online
ORD-107967,9/30/2023,Cookware Set,Home & Kitchen,4,191.94,0,27,Debit Card,Houston
ORD-100376,8/1/2023,Monitor,Electronics,6,326.29,0,29,Cash,New York
ORD-101967,9/6/2023,Lip Balm,Beauty,2,461.1,0.15,26,Apple Pay,Online
ORD-103958,7/21/2023,Headphones,Electronics,3,230.32,0.05,68,CASH,Phoenix
ORD-107603,2/1/2023,Monitor,Electronics,1,Unknown,0.05,40,Cash,Phoenix
ORD-104424,4/20/2023,Mechanical Keyboard,Electronics,5,37.13,0.05,68,Debit Card,Houston
ORD-107967,9/30/2023,Cookware Set,Home & Kitchen,4,191.94,0,27,Debit Card,Houston
ORD-104803,9/16/2023,T-Shirt,Clothing,4,454.85,0,53,Debit Card,Chicago
ORD-108798,3/12/2023,Blender,Home & Kitchen,4,156.84,0.15,56,Apple Pay,Chicago
ORD-106697,Invalid_Date,Headphones,Electronics,1,141.4,0.2,57,PayPal,Houston
ORD-101472,11/7/2023,Perfume,Beauty,-1,493.16,0,19,Cash,Phoenix
ORD-103347,9/1/2023,Lip Balm,Beauty,1,425.74,0.05,34,Cash,Chicago
ORD-104523,9/15/2023,Socks,Clothing,2,198.57,0.1,46,PayPal,New York
ORD-106674,1/12/2023,Jacket,Clothing,6,421.74,0,58,Apple Pay,Chicago
ORD-102854,9/6/2023,Blender,Home & Kitchen,9,191.53,0.2,47,Apple Pay,New York
ORD-104507,11/7/2023,Socks,Clothing,4,486.09,0,52,Apple Pay,Los Angeles
ORD-109257,3/17/2023,Fiction Novel,Books,8,243.11,0.2,58,PayPal,Chicago
ORD-109754,8/9/2023,Perfume,Beauty,7,119.08,0.2,45,Apple Pay,Online
ORD-106891,1/15/2023,Mug,Home & Kitchen,8,154.22,0,46,Apple Pay,Houston
ORD-104063,3/18/2023,Air Fryer,Home & Kitchen,1,312.93,0.05,49,Credit Card,Los Angeles
ORD-105118,3/24/2023,T-Shirt,Clothing,1,121.37,0.1,N/A,Credit Card,Chicago
ORD-104307,8/30/2023,T-Shirt,Clothing,8,479.08,,67,Debit Card,Los Angeles
ORD-105207,5/21/2023,Sunscreen,Beauty,1,32.78,0.1,200,Apple Pay,Los Angeles
ORD-109831,5/20/2023,Jacket,Clothing,3,170.11,0,27,Debit Card,Chicago
ORD-108702,9/1/2023,Jacket,Clothing,8,64.01,0.2,25,Cash,Los Angeles
ORD-103991,1/15/2023,Lip Balm,Beauty,4,353.93,0.2,44,Debit Card,New York
ORD-101050,12/21/2023,Mug,Home & Kitchen,1,11.75,0,45,Apple Pay,Phoenix
ORD-106587,4/12/2023,Perfume,Beauty,5,288.45,,59,Debit Card,Phoenix
ORD-105690,1/21/2023,Socks,Clothing,5,381.95,0.05,58,PayPal,New York
ORD-108267,7/9/2023,USB-C Cable,Electronics,4,38.18,0.2,26,Debit Card,phoenix
ORD-102036,8/29/2023,Cookware Set,Home & Kitchen,Unknown,338.06,0.2,53,Credit Card,Houston
ORD-104040,2/24/2023,Jacket,Clothing,9,431.43,0,44,Cash,Chicago
ORD-107775,7/1/2023,History Book,Books,2,52.03,0.05,45,Debit Card,New York
ORD-109632,3/23/2023,Perfume,Beauty,9,451.57,0.15,44,Apple Pay,Los Angeles
ORD-101973,7/21/2023,Coffee Maker,Home & Kitchen,5,170.44,0.1,54,Credit Card,Los Angeles
ORD-107418,7/3/2023,Fiction Novel,Books,1,256.4,0.15,39,Credit Card,New York
ORD-102100,6/3/2023,Fiction Novel,Books,4,209.36,0,57,Cash,New York
ORD-101500,5/1/2023,Wireless Mouse,Electronics,5,482.42,0.15,22,Cash,Chicago
ORD-106647,8/7/2023,Headphones,Electronics,4,388.23,0,74,Debit Card,Houston
ORD-100653,8/3/2023,Monitor,Electronics,7,N/A,0.1,71,Cash,Phoenix
ORD-100171,3/3/2023,Headphones,Electronics,8,362.83,0,19,PayPal,Houston
ORD-104086,8/22/2023,Data Science 101,Books,8,351.86,0.1,53,Cash,New York
ORD-100243,7/9/2023,Fiction Novel,Books,1,212.29,0.05,63,Cash,Phoenix
ORD-106087,8/15/2023,History Book,Books,5,409.84,0.2,37,PayPal,Houston
ORD-104372,3/30/2023,Perfume,Beauty,3,350.81,0.05,72,PayPal,Los Angeles
ORD-107431,2/1/2023,Cookware Set,Home & Kitchen,5,216.5,0.2,74,Debit Card,NEW YORK
ORD-102757,7/29/2023,Perfume,Beauty,0,219.06,0.1,35,PayPal,Chicago
ORD-109996,1/15/2023,Mug,Home & Kitchen,7,215.13,0.1,33,Cash,Houston
ORD-106152,5/20/2023,Jeans,Clothing,6,209.07,0,44,Credit Card,Los Angeles
ORD-102077,4/13/2023,Mug,Home & Kitchen,1,191.27,0.1,52,DEBIT CARD,New York
ORD-104104,6/29/2023,Moisturizer,Beauty,9,50000,0.05,29,PayPal,Los Angeles
ORD-109845,5/20/2023,Socks,Clothing,9,331.14,0.1,33,Apple Pay,Chicago
ORD-107472,2/18/2023,Hoodie,Clothing,5,81.38,0.05,23,Cash,Chicago
ORD-108347,1/14/2023,Wireless Mouse,Electronics,3,161.78,0.05,56,Debit Card,Los Angeles
ORD-105228,2/4/2023,Shampoo,Beauty,9,108.09,0.2,31,PayPal,los angeles
ORD-106383,7/20/2023,Jacket,Clothing,5,313.59,0.1,29,Credit Card,Phoenix
ORD-106241,3/18/2023,Perfume,Beauty,6,224.85,0.2,61,PayPal,Online
ORD-109073,8/3/2023,Python Guide,Books,9,52.3,0.05,19,Credit Card,Online
ORD-109651,10/3/2023,Shampoo,Beauty,2,62.54,0.2,18,Apple Pay,Chicago
ORD-105054,9/30/2023,Perfume,Beauty,1,71.98,0.1,50,Debit Card,Chicago
ORD-105708,12/12/2023,Mug,Home & Kitchen,9,407.96,0.1,19,Credit Card,New York
ORD-106612,5/16/2023,Headphones,Electronics,7,298.33,0,35,Cash,Houston
ORD-105184,2/4/2023,Sunscreen,Beauty,1,295.05,0.05,60,Credit Card,Los Angeles
ORD-104662,9/1/2023,Fiction Novel,Books,5,10.7,0,55,Apple Pay,Houston
ORD-104079,3/21/2023,History Book,Books,5,495.41,0.2,54,Cash,Houston
ORD-100641,10/25/2023,Wireless Mouse,Electronics,3,347.8,0.2,33,Cash,Phoenix
ORD-101271,11/24/2023,Hoodie,Clothing,0,109.81,0.2,74,Cash,Chicago
ORD-102779,11/27/2023,Sunscreen,Beauty,9,97.64,0.1,45,PayPal,New York
ORD-105615,5/25/2023,Lip Balm,Beauty,6,247.19,0.05,50,PayPal,Online
ORD-101986,6/16/2023,Lip Balm,Beauty,2,193.67,0.05,71,Credit Card,New York
ORD-103862,1/16/2023,Coffee Maker,Home & Kitchen,9,397.54,0.2,70,Apple Pay,Houston
ORD-103481,1/15/2023,Mug,Home & Kitchen,4,473.88,0.2,33,Apple Pay,Chicago
ORD-101535,1/18/2023,Monitor,Electronics,1,416.81,0,50,PayPal,Online
ORD-100326,6/3/2023,Sunscreen,Beauty,1,413.13,0.05,55,Credit Card,Chicago
ORD-102339,7/24/2023,Hoodie,Clothing,3,199.3,0.15,71,cash,Phoenix
ORD-103981,2/27/2023,Data Science 101,Books,2,41.05,0.05,20,Debit Card,Los Angeles
ORD-107333,5/20/2023,History Book,Books,6,9999.99,0.05,22,Apple Pay,Los Angeles
ORD-104055,3/26/2023,Mug,Home & Kitchen,6,490.1,0.2,31,Credit Card,Los Angeles
ORD-102238,1/7/2023,Hoodie,Clothing,1,356.11,0.1,56,Apple Pay,Online
ORD-107574,5/22/2023,USB-C Cable,Electronics,5,392.99,0.05,50,,Los Angeles
ORD-107685,8/13/2023,Monitor,electronics,4,191.76,0.05,66,Cash,Online
ORD-109959,8/18/2023,History Book,Books,6,321.2,0.05,28,Apple Pay,Chicago
ORD-107874,5/26/2023,Mechanical Keyboard,Electronics,8,356.97,0.05,53,PayPal,Chicago
ORD-100865,7/26/2023,Hoodie,Clothing,4,24.27,0.1,52,Debit Card,Houston
ORD-106062,1/31/2023,Mechanical Keyboard,Electronics,1,376.99,0.1,57,Cash,CHICAGO
ORD-105876,9/30/2023,History Book,books,5,400.1,0.2,22,Debit Card,New York
ORD-105555,2/18/2023,USB-C Cable,Electronics,9,110.62,0.1,60,Apple Pay,Houston
ORD-100372,9/26/2023,Mechanical Keyboard,Electronics,9,496.7,0,70,PayPal,Phoenix
ORD-106718,12/27/2023,T-Shirt,Clothing,9,214.18,0,43,Cash,Houston
ORD-109934,5/23/2023,Socks,Clothing,7,170.41,0.1,66,Cash,Los Angeles
ORD-108427,1/11/2023,Mug,Home & Kitchen,3,,0.2,55,PayPal,Online
ORD-105045,11/16/2023,Monitor,Electronics,9,184.6,0,30,Debit Card,Los Angeles
ORD-101189,1/15/2023,USB-C Cable,Electronics,5,333.26,0.2,37,Debit Card,Phoenix
ORD-109898,8/7/2023,USB-C Cable,Electronics,8,483.43,0.15,52,PayPal,Houston
ORD-105904,5/9/2023,Biography,Books,5,N/A,0.1,45,Credit Card,Los Angeles
ORD-102365,8/9/2023,Moisturizer,Beauty,9,187.68,0.15,70,Credit Card,Los Angeles
ORD-103214,6/16/2023,Perfume,Beauty,3,360.84,0.2,49,Credit Card,Chicago
ORD-100912,8/25/2023,Coffee Maker,Home & Kitchen,3,113.26,0.05,999,Credit Card,Los Angeles
ORD-109317,1/15/2023,Hoodie,Clothing,3,465.63,0.2,62,Apple Pay,Phoenix
ORD-109012,12/29/2023,Jeans,Clothing,-1,13.43,0,26,Debit Card,New York
ORD-109910,7/1/2023,Biography,Books,4,245.06,0.2,43,Cash,Houston
ORD-108680,5/20/2023,Moisturizer,Beauty,2,248.55,0,29,Debit Card,Phoenix
ORD-106973,10/6/2023,Fiction Novel,Books,1,23,0.15,64,Debit Card,LOS ANGELES
ORD-107007,3/31/2023,Air Fryer,Home & Kitchen,1,354.55,0.05,44,Debit Card,Los Angeles
ORD-101424,10/3/2023,Data Science 101,Books,5,381.22,0.05,63,Credit Card,Los Angeles
ORD-100765,4/7/2023,Perfume,Beauty,5,179.71,0.2,74,Debit Card,Houston
ORD-100480,4/14/2023,Moisturizer,Beauty,5,441.32,0.1,49,Apple Pay,Chicago
ORD-100663,11/21/2023,Lip Balm,Beauty,8,420.47,0.15,74,Credit Card,New York
ORD-104773,7/1/2023,Jacket,Clothing,4,441.64,0,999,Apple Pay,Phoenix
ORD-109251,3/1/2023,Mug,Home & Kitchen,2,494.62,0.05,63,PayPal,Los Angeles
ORD-108381,12/20/2023,Monitor,Electronics,1,46.76,0.2,66,Debit Card,Chicago
ORD-102989,1/15/2023,Fiction Novel,Books,2,114.5,0.05,22,Debit Card,Phoenix
ORD-101120,7/22/2023,History Book,Books,2,315.73,0.1,52,PayPal,NEW YORK
ORD-102777,3/28/2023,Data Science 101,Books,5,332.53,0.05,28,Credit Card,New York
ORD-104536,6/6/2023,Wireless Mouse,Electronics,2,462.3,0.05,59,Credit Card,online
ORD-100120,5/23/2023,Lip Balm,Beauty,9,112.32,0,70,PayPal,Chicago
ORD-108223,7/29/2023,USB-C Cable,Electronics,8,126.92,0.15,69,Cash,Chicago
ORD-107573,9/10/2023,Wireless Mouse,Electronics,8,476.13,0.1,30,Debit Card,online
ORD-105455,7/3/2023,Fiction Novel,Books,9,64.58,0.2,58,Debit Card,Phoenix
ORD-104428,4/2/2023,Biography,Books,0,72.15,0.1,19,Cash,New York
ORD-107916,2/2/2023,Fiction Novel,Books,2,328.64,0.05,27,Debit Card,Online
ORD-103982,1/19/2023,Monitor,Electronics,8,212.21,0.1,60,Debit Card,Los Angeles
ORD-106779,2023-13-45,Socks,Clothing,8,281.81,0,63,Cash,Houston
ORD-102894,10/24/2023,Socks,Clothing,7,292.65,0.15,27,,Online
ORD-102670,2/7/2023,Jacket,Clothing,5,434.44,0.2,200,Apple Pay,New York
ORD-103978,10/17/2023,Python Guide,Books,9,393.26,0.15,,Debit Card,New York
ORD-105618,1/16/2023,Jeans,Clothing,5,9999.99,0.2,59,PayPal,Los Angeles
ORD-100280,8/29/2023,Coffee Maker,Home & Kitchen,3,300.65,0.2,59,Credit Card,Chicago
ORD-108284,4/21/2023,Cookware Set,Home & Kitchen,9,349.38,0.1,50,PayPal,Los Angeles
ORD-108896,7/25/2023,Fiction Novel,Books,5,9999.99,0.05,59,PayPal,Online
ORD-109105,1/15/2023,Moisturizer,Beauty,4,404.72,0.05,19,Cash,Phoenix
ORD-106170,5/26/2023,Mechanical Keyboard,Electronics,4,166.29,0.05,999,Cash,New York
ORD-101695,12/2/2023,Blender,Home & Kitchen,6,279.87,0,66,Apple Pay,Houston
ORD-109177,5/21/2023,Jacket,Clothing,8,50000,0.2,51,Debit Card,Los Angeles
ORD-103480,2/17/2023,Mug,Home & Kitchen,-5,375.31,0.2,71,PayPal,Phoenix
ORD-104417,3/12/2023,Shampoo,Beauty,5,143.04,0.05,34,,Los Angeles
ORD-109586,8/25/2023,Blender,Home & Kitchen,7,495.53,0.1,29,PayPal,New York
ORD-108090,11/30/2023,Mechanical Keyboard,Electronics,8,224.37,0.1,999,Apple Pay,Houston
ORD-109196,11/16/2023,Shampoo,Beauty,5,290.82,0,200,Credit Card,Los Angeles
ORD-105684,5/28/2023,Sunscreen,Beauty,2,376.23,0.05,40,Debit Card,Los Angeles
ORD-108876,8/23/2023,USB-C Cable,Electronics,6,66.54,0.15,51,Credit Card,Online
ORD-108549,12/25/2023,Data Science 101,Books,6,338.01,0.05,72,,Houston
ORD-104297,2023-13-45,Python Guide,Books,2,486.25,0,51,Cash,New York
ORD-104899,4/12/2023,Cookware Set,Home & Kitchen,8,18.04,0.15,59,Credit Card,Los Angeles
ORD-109273,5/4/2023,Lip Balm,Beauty,5,30.07,0,33,Cash,Phoenix
ORD-105174,10/23/2023,Coffee Maker,Home & Kitchen,7,99.84,0.05,60,PayPal,New York
ORD-102210,12/14/2023,Mug,Home & Kitchen,4,210.76,0,27,Cash,New York
ORD-108104,1/4/2023,Sunscreen,Beauty,9,258,0.1,20,Credit Card,Chicago
ORD-107071,1/27/2023,Cookware Set,Home & Kitchen,9,131.4,0.15,55,Apple Pay,Houston
ORD-107773,10/17/2023,Perfume,Beauty,4,114.89,0.1,55,Cash,Houston
ORD-100185,4/14/2023,History Book,Books,8,228.71,0.1,55,Cash,Online
ORD-109501,8/26/2023,Fiction Novel,Books,7,9999.99,0.15,59,PayPal,Online
ORD-108102,9/26/2023,Python Guide,Books,8,270.36,0.15,39,Cash,Online
ORD-104517,3/1/2023,Lip Balm,Beauty,5,207.08,0.15,,Debit Card,Phoenix
ORD-102351,2/17/2023,Air Fryer,Home & Kitchen,9,488.37,0,200,PayPal,Houston
ORD-100554,2023-13-45,Cookware Set,Home & Kitchen,1,419.34,0.1,21,Apple Pay,Houston
ORD-101398,2/21/2023,Socks,Clothing,8,290.79,0,39,Credit Card,New York
ORD-101385,9/6/2023,Moisturizer,Beauty,1,352.27,0.2,,Apple Pay,Phoenix
ORD-105061,11/10/2023,Jeans,Clothing,4,223.83,0,61,Credit Card,Chicago
ORD-105406,6/9/2023,Headphones,Electronics,8,131.72,0.2,43,Cash,New York
ORD-100298,3/15/2023,Hoodie,Clothing,3,68.58,0,49,Debit Card,Online
ORD-100444,5/29/2023,USB-C Cable,Electronics,6,396.22,0.05,40,Credit Card,Houston
ORD-107848,3/20/2023,Coffee Maker,Home & Kitchen,9,422.32,0.05,43,Credit Card,Phoenix
ORD-102078,10/1/2023,Fiction Novel,Books,1,408.94,0.05,57,Credit Card,Houston
ORD-104752,2/21/2023,Lip Balm,Beauty,4,313.35,0,53,Credit Card,los angeles
ORD-108248,2023-13-45,Mechanical Keyboard,Electronics,5,299.84,0.15,38,Cash,Phoenix
ORD-102230,1/19/2023,History Book,Books,5,331.13,0.2,59,Debit Card,Los Angeles
ORD-102843,5/31/2023,Fiction Novel,Books,7,50000,0.2,44,PayPal,Houston
ORD-102538,5/3/2023,Jeans,Clothing,5,457.65,0.1,150,Credit Card,Chicago
ORD-109528,1/15/2023,USB-C Cable,Electronics,7,37.25,0.05,49,Credit Card,Houston
ORD-108552,10/28/2023,Sunscreen,Beauty,9,226.99,0.1,22,Apple Pay,Phoenix
ORD-106875,8/10/2023,Cookware Set,Home & Kitchen,5,334.17,0,200,PayPal,Chicago
ORD-103368,5/1/2023,Coffee Maker,Home & Kitchen,6,386.92,0.05,37,Debit Card,Chicago
ORD-104784,8/25/2023,Perfume,Beauty,3,129.79,0.15,70,Credit Card,Phoenix
ORD-102579,1/8/2023,Fiction Novel,Books,1,225.51,0,19,Cash,Chicago
ORD-101132,10/30/2023,Data Science 101,Books,2,39.23,0.1,59,Apple Pay,Phoenix
ORD-109371,3/20/2023,History Book,Books,Unknown,196.74,0.2,71,PayPal,Phoenix
ORD-107780,9/9/2023,Lip Balm,Beauty,4,381.74,0,55,PayPal,Phoenix
ORD-100321,10/28/2023,Blender,Home & Kitchen,6,149.37,0,200,Cash,Houston
ORD-101372,1/15/2023,Moisturizer,Beauty,7,161.24,0.05,22,Credit Card,Online
ORD-104043,1/28/2023,T-Shirt,Clothing,9,353.62,0.1,33,Apple Pay,Houston
ORD-108599,4/20/2023,Shampoo,Beauty,9,348.33,0,999,Cash,Los Angeles
ORD-107560,10/15/2023,Socks,Clothing,4,437.12,0,18,Credit Card,New York
ORD-100908,1/15/2023,Sunscreen,Beauty,8,102.23,0,54,PayPal,New York
ORD-108219,4/10/2023,Shampoo,Beauty,5,312.89,0.05,70,Debit Card,Phoenix
ORD-103951,8/15/2023,Moisturizer,Beauty,7,306.36,0,-5,Cash,Los Angeles
ORD-109697,8/26/2023,T-Shirt,Clothing,9,476.71,0.2,65,PayPal,New York
ORD-109151,3/8/2023,Mechanical Keyboard,Electronics,6,331.43,0,58,Credit Card,New York
ORD-109024,11/24/2023,Python Guide,Books,8,91.11,0,19,Cash,Houston
ORD-109916,7/12/2023,Lip Balm,Beauty,3,73.99,0.2,42,Debit Card,Los Angeles
ORD-106495,10/14/2023,Moisturizer,Beauty,3,499.46,0.1,47,Debit Card,Chicago
ORD-108655,3/24/2023,Hoodie,Clothing,3,369.01,0.1,23,CASH,Chicago
ORD-100927,1/1/2023,History Book,Books,4,464.55,0.15,52,PayPal,Chicago
ORD-106548,3/10/2023,USB-C Cable,Electronics,4,77.1,0.2,28,Debit Card,Chicago
ORD-100016,8/5/2023,Mechanical Keyboard,Electronics,5,295.44,0.15,62,Credit Card,Houston
ORD-100144,3/22/2023,Socks,Clothing,7,,0.2,46,Cash,Chicago
ORD-102364,11/2/2023,Monitor,Electronics,6,422.58,0,60,Cash,Online
ORD-100130,4/8/2023,Hoodie,Clothing,1,419.97,0,52,Cash,Online
ORD-101162,11/21/2023,Lip Balm,Beauty,6,160.07,0.1,39,Debit Card,Phoenix
ORD-106259,1/10/2023,Wireless Mouse,Electronics,4,320.69,0.15,22,Cash,Los Angeles
ORD-106534,Invalid_Date,Biography,Books,2,439.42,0,22,Apple Pay,New York
ORD-107035,6/19/2023,Hoodie,Clothing,2,322.61,0.05,52,Apple Pay,Online
ORD-108750,2/26/2023,Perfume,Beauty,4,-5,0.2,60,Apple Pay,Online
ORD-105063,5/4/2023,Air Fryer,Home & Kitchen,6,122.14,0,30,Cash,New York
ORD-101877,11/25/2023,Moisturizer,Beauty,6,346.37,0.05,34,Credit Card,Phoenix
ORD-102489,7/23/2023,T-Shirt,Clothing,5,349.91,0,20,Cash,Chicago
ORD-105071,12/21/2023,Mechanical Keyboard,Electronics,6,301.54,0,46,Debit Card,Phoenix
ORD-108145,7/10/2023,Jeans,Clothing,1,49.71,0.05,42,PayPal,Chicago
ORD-101183,12/1/2023,Mug,Home & Kitchen,6,443.76,0.1,999,Credit Card,New York
ORD-106540,1/29/2023,Python Guide,Books,6,490.59,0.1,27,Debit Card,Online
ORD-105717,11/2/2023,Shampoo,Beauty,5,50000,0.2,64,Debit Card,Online
ORD-101171,10/11/2023,Coffee Maker,Home & Kitchen,3,156.49,0.1,28,Debit Card,Phoenix
ORD-106576,2023-13-45,Moisturizer,Beauty,6,279.54,0,42,Debit Card,Chicago
ORD-102183,Invalid_Date,Jeans,Clothing,1,403.3,0.05,58,Debit Card,Los Angeles
ORD-105091,1/18/2023,Python Guide,Books,1,,0.1,40,Cash,Los Angeles
ORD-103372,4/30/2023,Data Science 101,Books,8,485.75,0.05,38,PayPal,Online
ORD-108362,4/20/2023,USB-C Cable,Electronics,5,423.36,0.1,30,Cash,Chicago
ORD-101860,7/5/2023,Perfume,Beauty,6,111.21,0.1,29,Cash,Chicago
ORD-108143,9/2/2023,Perfume,Beauty,8,209.09,0.1,66,PayPal,Los Angeles
ORD-105562,2023-13-45,USB-C Cable,Electronics,8,85.26,0.05,67,Cash,Houston
ORD-108843,10/13/2023,Monitor,Electronics,6,373.07,0.05,200,Credit Card,Chicago
ORD-109268,6/29/2023,Monitor,Electronics,8,351.75,0.2,74,Cash,New York
ORD-105194,5/19/2023,USB-C Cable,Electronics,3,148.65,0,24,PayPal,Chicago
ORD-107867,11/29/2023,Moisturizer,Beauty,7,213.64,0,0,Credit Card,Phoenix
ORD-108189,8/30/2023,Sunscreen,Beauty,1,50000,0.05,52,Debit Card,Online
ORD-103122,Invalid_Date,Blender,Home & Kitchen,1,250.58,0.15,41,Apple Pay,Online
ORD-100388,2023-13-45,USB-C Cable,Electronics,3,292.56,0.15,47,Credit Card,Chicago
ORD-101312,11/8/2023,Lip Balm,Beauty,-5,197.05,0.1,22,Cash,Los Angeles
ORD-101033,2/10/2023,Jacket,Clothing,2,27.27,0.05,49,Debit Card,Houston
ORD-108261,2/8/2023,Cookware Set,Home & Kitchen,6,112.04,0.2,40,Apple Pay,Online
ORD-105781,2/23/2023,Lip Balm,Beauty,1,315.02,0.1,57,apple pay,Phoenix
ORD-100932,2/25/2023,Python Guide,Books,5,285.06,0.05,55,Credit Card,Chicago
ORD-104020,9/7/2023,Monitor,Electronics,4,73.69,0.2,26,Cash,Los Angeles
ORD-100692,2/14/2023,Wireless Mouse,Electronics,9,149.12,0.1,21,Apple Pay,Los Angeles
ORD-105658,4/17/2023,Lip Balm,Beauty,6,35,0.05,20,Cash,Chicago
ORD-108273,7/12/2023,Sunscreen,Beauty,2,436.09,0.1,37,PayPal,Online
ORD-100830,3/14/2023,Coffee Maker,Home & Kitchen,9,367,0,46,Debit Card,Chicago
ORD-103499,11/18/2023,Shampoo,Beauty,9,316.29,0.15,30,Apple Pay,Online
ORD-102082,9/25/2023,Mechanical Keyboard,Electronics,5,173.52,0,150,Apple Pay,New York
ORD-109176,4/5/2023,USB-C Cable,Electronics,2,88.54,0.1,20,Debit Card,Houston
ORD-107888,8/4/2023,Biography,Books,2,246.37,0.1,21,Debit Card,Los Angeles
ORD-100045,5/27/2023,Socks,Clothing,3,357.02,0.15,49,Apple Pay,Los Angeles
ORD-103940,6/6/2023,Perfume,Beauty,7,374.32,0,26,Debit Card,Los Angeles
ORD-105616,8/1/2023,Mechanical Keyboard,Electronics,2,173.67,0,50,Credit Card,Los Angeles
ORD-108737,1/20/2023,Mug,Home & Kitchen,7,16.94,0,40,Apple Pay,Online
ORD-104320,6/23/2023,Biography,Books,1,50.07,0,73,Apple Pay,Chicago
ORD-102966,7/9/2023,T-Shirt,Clothing,9,53.57,0.15,43,PayPal,New York
ORD-103970,1/3/2023,Fiction Novel,Books,8,154.04,0.05,42,Apple Pay,Online
ORD-101188,12/13/2023,Hoodie,Clothing,9,73.49,0.05,34,Credit Card,Houston
ORD-100285,8/14/2023,Moisturizer,Beauty,9,26.97,0.15,59,,Phoenix
ORD-109137,2/5/2023,Data Science 101,Books,6,468.28,0.05,68,Debit Card,Houston
ORD-104160,3/27/2023,Monitor,Electronics,7,475.73,0.15,39,Apple Pay,Chicago
ORD-103093,6/29/2023,Cookware Set,Home & Kitchen,7,308.95,0,40,PayPal,New York
ORD-106085,2/2/2023,T-Shirt,Clothing,2,190.74,0,32,Credit Card,Online
ORD-104557,11/3/2023,Sunscreen,Beauty,5,155.98,0.1,-5,PayPal,New York
ORD-106826,6/28/2023,Monitor,Electronics,4,173.49,0.2,66,PAYPAL,Phoenix
ORD-104324,2/17/2023,USB-C Cable,Electronics,1,221.35,0.05,74,Cash,Online
ORD-108046,9/6/2023,Data Science 101,Books,6,401.59,0,65,PayPal,Online
ORD-105682,11/15/2023,Mechanical Keyboard,Electronics,1,229.3,0,18,Credit Card,Houston
ORD-103365,9/23/2023,T-Shirt,Clothing,3,97.45,0.15,63,PayPal,Phoenix
ORD-109356,4/16/2023,Shampoo,Beauty,9,261.46,0.15,28,Debit Card,Phoenix
ORD-103196,7/16/2023,USB-C Cable,Electronics,3,40.59,0.1,41,Apple Pay,Online
ORD-105485,8/2/2023,Socks,Clothing,8,84.48,0.1,999,Credit Card,Online
ORD-100970,9/26/2023,Wireless Mouse,Electronics,6,382.13,0,48,Cash,Houston
ORD-103735,5/16/2023,Coffee Maker,Home & Kitchen,4,61.13,0.2,999,PayPal,Houston
ORD-100926,6/29/2023,History Book,Books,5,Unknown,0,74,Cash,New York
ORD-109779,12/1/2023,Monitor,Electronics,5,413.21,0.05,70,Apple Pay,Chicago
ORD-109490,6/11/2023,Cookware Set,Home & Kitchen,6,9999.99,0.15,47,Debit Card,Chicago
ORD-104726,1/15/2023,Blender,Home & Kitchen,7,245.55,0.1,34,PayPal,Los Angeles
ORD-106001,2/27/2023,Socks,Clothing,6,73.41,0.1,62,Apple Pay,online
ORD-102852,7/9/2023,Python Guide,Books,6,239.81,0,28,Credit Card,New York
ORD-109010,4/20/2023,T-Shirt,Clothing,6,453.17,0.05,63,Credit Card,Los Angeles
ORD-106128,10/25/2023,Coffee Maker,Home & Kitchen,7,288.76,0.1,55,Apple Pay,Phoenix
ORD-106544,5/20/2023,Biography,Books,6,159.96,0.05,32,PayPal,New York
ORD-109129,1/2/2023,Coffee Maker,Home & Kitchen,9,303.16,0,51,Cash,Online
ORD-108247,12/3/2023,Moisturizer,Beauty,3,249.68,0.1,50,APPLE PAY,Phoenix
ORD-104472,8/3/2023,Perfume,Beauty,9,321.6,0.05,36,Apple Pay,Houston
ORD-108619,7/13/2023,Air Fryer,Home & Kitchen,6,468.98,0.05,58,Apple Pay,Los Angeles
ORD-104349,5/27/2023,Biography,Books,5,318.85,,47,PayPal,Los Angeles
ORD-108291,3/2/2023,Wireless Mouse,Electronics,5,8.42,0.05,71,PayPal,Phoenix
ORD-103627,3/6/2023,Lip Balm,Beauty,3,116.42,0.2,20,,New York
ORD-101790,1/14/2023,Perfume,Beauty,2,444.48,0,43,Cash,Houston
ORD-108539,2/8/2023,Data Science 101,Books,3,-5,0,50,Credit Card,Phoenix
ORD-102060,9/7/2023,Moisturizer,Beauty,4,409.03,0.15,31,CREDIT CARD,Online
ORD-109716,7/6/2023,Shampoo,Beauty,6,379.38,0,46,Debit Card,Online
ORD-104014,4/21/2023,Monitor,Electronics,7,402.26,0.1,34,apple pay,Houston
ORD-101903,5/12/2023,Mug,Home & Kitchen,1,110.36,0.05,22,PayPal,Chicago
ORD-104687,10/8/2023,Socks,Clothing,9,58.78,0.05,26,PayPal,Houston
ORD-108479,1/3/2023,Shampoo,Beauty,9,495.58,0.05,47,Credit Card,Houston
ORD-107380,1/25/2023,Wireless Mouse,Electronics,8,181.84,0.05,64,Debit Card,Phoenix
ORD-100076,12/21/2023,Headphones,Electronics,Unknown,208.62,0.15,33,Credit Card,Online
ORD-102346,2/7/2023,Monitor,Electronics,3,379.91,0.1,44,Credit Card,Houston
ORD-105849,3/18/2023,Cookware Set,Home & Kitchen,8,415.04,0.15,66,Cash,Los Angeles
ORD-100431,1/25/2023,Jeans,Clothing,3,476.63,0.2,70,Apple Pay,Los Angeles
ORD-104587,7/27/2023,Shampoo,Beauty,5,59.97,0.2,73,Cash,Chicago
ORD-106463,9/9/2023,Wireless Mouse,Electronics,7,436.63,0,,Debit Card,Los Angeles
ORD-109751,10/27/2023,Jeans,Clothing,3,224.25,0,38,Apple Pay,Phoenix
ORD-108418,8/26/2023,Python Guide,Books,2,50000,0.05,50,PayPal,Phoenix
ORD-109574,12/9/2023,Mug,Home & Kitchen,8,434.97,0.15,57,Debit Card,Phoenix
ORD-101554,1/29/2023,Blender,Home & Kitchen,5,104.35,0.05,60,PayPal,Chicago
ORD-100241,11/9/2023,Cookware Set,Home & Kitchen,6,72.76,0.1,57,debit card,Chicago
ORD-100784,10/28/2023,Sunscreen,Beauty,9,29.99,0.15,24,PayPal,Chicago
ORD-103067,7/28/2023,T-Shirt,Clothing,8,21.03,0,72,Cash,Houston
ORD-100978,6/13/2023,Headphones,Electronics,1,224.84,0.2,23,Credit Card,Chicago
ORD-104906,3/26/2023,Headphones,Electronics,8,394.25,0.05,73,Cash,Houston
ORD-102942,12/31/2023,Blender,Home & Kitchen,8,239.04,,22,Credit Card,Chicago
ORD-105983,10/27/2023,Monitor,Electronics,5,208.69,0.2,,PayPal,Chicago
ORD-109768,11/29/2023,Coffee Maker,Home & Kitchen,1,37.07,0.2,46,apple pay,Los Angeles
ORD-106949,2023-13-45,Air Fryer,Home & Kitchen,3,91.62,0.05,48,PayPal,Phoenix
ORD-101621,11/23/2023,Cookware Set,Home & Kitchen,3,127.09,0.1,62,PayPal,New York
ORD-102147,8/22/2023,Python Guide,Books,9,273.75,0.2,200,PayPal,Los Angeles
ORD-101802,9/23/2023,Moisturizer,Beauty,7,9999.99,0.05,65,Cash,Houston
ORD-102096,8/15/2023,Fiction Novel,Books,4,29.33,0,67,Debit Card,New York
ORD-106477,3/7/2023,Jeans,Clothing,6,417.71,0.15,999,Apple Pay,Chicago
ORD-109425,10/8/2023,T-Shirt,Clothing,7,-1,0.1,74,Cash,Los Angeles
ORD-101358,7/15/2023,Data Science 101,Books,8,34.23,0.1,41,Apple Pay,Chicago
ORD-108374,3/7/2023,Moisturizer,Beauty,9,9999.99,0,23,Debit Card,Los Angeles
ORD-106452,9/4/2023,Mechanical Keyboard,Electronics,6,107.33,0,50,Apple Pay,Chicago
ORD-108614,11/20/2023,Fiction Novel,Books,3,,0,59,Credit Card,New York
ORD-108055,11/21/2023,Monitor,Electronics,8,491.3,0.15,74,Cash,Chicago
ORD-106577,7/29/2023,Coffee Maker,Home & Kitchen,6,258.6,0.2,70,PayPal,Houston
ORD-108001,7/17/2023,Data Science 101,Books,6,409.49,0,29,Cash,Phoenix
ORD-109029,6/17/2023,Blender,Home & Kitchen,6,460.21,0.2,52,Apple Pay,Houston
ORD-105806,6/1/2023,Blender,Home & Kitchen,8,206.97,0.15,74,Apple Pay,Online
ORD-101610,12/24/2023,Hoodie,Clothing,3,324.39,0.1,40,Debit Card,Phoenix
ORD-103097,4/3/2023,T-Shirt,Clothing,8,397.29,0.2,45,PayPal,Houston
ORD-105903,Invalid_Date,Wireless Mouse,Electronics,4,445.37,0.05,54,Credit Card,Phoenix
ORD-102416,2/4/2023,Shampoo,Beauty,4,184.75,0.1,65,Cash,Chicago
ORD-102018,8/24/2023,Sunscreen,Beauty,1,76.83,0.2,47,Credit Card,Online
ORD-107117,8/30/2023,Shampoo,Beauty,8,358.27,0.2,58,Credit Card,Online
ORD-104126,2/4/2023,Sunscreen,Beauty,7,209.74,0.2,68,Debit Card,Houston
ORD-103788,7/24/2023,History Book,Books,5,228.79,0.15,200,Cash,Houston
ORD-103247,9/20/2023,USB-C Cable,Electronics,6,396.83,0,30,Cash,Online
ORD-100125,7/31/2023,History Book,Books,1,143.48,0.2,45,PayPal,Phoenix
ORD-106855,12/21/2023,Shampoo,Beauty,3,143.97,0.2,23,Cash,New York
ORD-109615,1/13/2023,Mechanical Keyboard,Electronics,3,234.63,0.15,74,Debit Card,Online
ORD-105668,5/31/2023,Cookware Set,Home & Kitchen,9,480.54,0.1,22,Debit Card,Houston
ORD-107951,7/6/2023,Cookware Set,Home & Kitchen,3,241.3,0.2,63,Credit Card,Los Angeles
ORD-109429,9/4/2023,Lip Balm,Beauty,7,29.56,0.2,71,Credit Card,Phoenix
ORD-103342,11/21/2023,Mechanical Keyboard,Electronics,3,278.96,0.15,,Cash,Online
ORD-100599,2/8/2023,Data Science 101,Books,6,62.29,0.15,20,Apple Pay,Houston
ORD-102124,3/22/2023,Hoodie,Clothing,9,247.4,0.15,23,paypal,Chicago
ORD-108898,3/29/2023,Data Science 101,Books,9,324.64,0.1,54,Credit Card,Houston
ORD-106693,1/12/2023,Hoodie,Clothing,2,177.65,0.15,69,Debit Card,Online
ORD-108977,2023-13-45,Perfume,Beauty,2,71.7,0.1,43,Cash,Los Angeles
ORD-109952,7/7/2023,Perfume,Beauty,1,42.7,0.05,38,Cash,Phoenix
ORD-102198,9/7/2023,Socks,Clothing,7,296.35,0.15,38,Cash,Online
ORD-104052,11/24/2023,Jacket,Clothing,7,460.17,0.2,69,Debit Card,Los Angeles
ORD-106456,3/23/2023,Mechanical Keyboard,Electronics,5,252.61,0,21,PayPal,Chicago
ORD-103363,9/22/2023,Perfume,Beauty,6,50000,0.1,68,Credit Card,Los Angeles
ORD-107306,4/8/2023,Jacket,Clothing,3,438.72,0.2,46,PayPal,Phoenix
ORD-100726,8/9/2023,Cookware Set,Home & Kitchen,2,341.38,0.15,22,Credit Card,Chicago
ORD-105269,2/22/2023,Moisturizer,Beauty,4,154.37,0.1,,Debit Card,Phoenix
ORD-100979,8/27/2023,Lip Balm,Beauty,5,39.7,0.15,57,Cash,Online
ORD-100809,5/9/2023,Shampoo,Beauty,3,403.89,0.15,29,Apple Pay,Chicago
ORD-105412,12/10/2023,Wireless Mouse,Electronics,9,325.3,0.15,56,Credit Card,Online
ORD-101476,2/24/2023,Python Guide,Books,7,68.27,0.1,30,Cash,Online
ORD-104907,9/18/2023,Mechanical Keyboard,Electronics,2,111.32,0.1,21,PayPal,Phoenix
ORD-106325,2/9/2023,Sunscreen,Beauty,6,231.55,0.05,19,Apple Pay,Houston
ORD-109306,3/3/2023,Air Fryer,Home & Kitchen,4,71.78,0.15,61,Credit Card,Phoenix
ORD-104931,7/18/2023,USB-C Cable,Electronics,4,218.22,0.15,57,cash,Houston
ORD-107815,7/17/2023,Moisturizer,Beauty,3,0,0.05,48,Debit Card,Online
ORD-103963,7/30/2023,Python Guide,Books,4,318.55,0.05,18,PayPal,New York
ORD-106852,6/2/2023,Blender,Home & Kitchen,3,,0,68,Debit Card,Houston
ORD-108607,1/25/2023,Air Fryer,Home & Kitchen,9,50.65,0.1,46,Credit Card,Los Angeles
ORD-101236,1/13/2023,Coffee Maker,Home & Kitchen,4,261.06,0,40,,New York
ORD-101226,2/24/2023,Blender,Home & Kitchen,5,74.89,0.05,50,Debit Card,Online
ORD-101765,2/12/2023,Data Science 101,books,2,125.26,0.15,20,Apple Pay,Los Angeles
ORD-106690,1/4/2023,Cookware Set,Home & Kitchen,5,336.15,0.2,72,PayPal,Los Angeles
ORD-105655,8/24/2023,Biography,Books,5,475.81,0,67,Apple Pay,New York
ORD-108400,9/11/2023,Cookware Set,Home & Kitchen,9,298.59,0.1,48,PayPal,Phoenix
ORD-106818,Invalid_Date,Hoodie,Clothing,4,430.6,0,73,Apple Pay,Online
ORD-103218,4/20/2023,Perfume,Beauty,3,150.7,0.2,70,Apple Pay,New York
ORD-100288,11/12/2023,USB-C Cable,Electronics,2,45.12,0.2,45,Debit Card,Online
ORD-105364,10/5/2023,Air Fryer,Home & Kitchen,8,487,0.2,45,Debit Card,New York
ORD-102967,10/20/2023,Fiction Novel,Books,9,,0.15,41,Debit Card,Online
ORD-103165,4/7/2023,Air Fryer,Home & Kitchen,4,182.36,0.05,63,apple pay,Online
ORD-108023,12/31/2023,T-Shirt,Clothing,7,492.99,0.2,62,PayPal,Online
ORD-104743,5/8/2023,Air Fryer,Home & Kitchen,4,168.77,0.1,19,Debit Card,Phoenix
ORD-101658,2023-13-45,Moisturizer,Beauty,7,358.71,0.05,23,PayPal,Chicago
ORD-101976,5/31/2023,Python Guide,Books,8,50000,0.1,63,Credit Card,New York
ORD-102398,2/5/2023,Monitor,Electronics,2,343.43,0,Unknown,Credit Card,Houston
ORD-100453,8/20/2023,Blender,Home & Kitchen,2,24.02,0.2,45,Debit Card,New York
ORD-102711,11/12/2023,Perfume,Beauty,2,157.74,0.15,59,Credit Card,Phoenix
ORD-105008,6/16/2023,Jacket,clothing,2,185.84,0.05,40,Debit Card,Chicago
ORD-103682,4/26/2023,Wireless Mouse,Electronics,3,455.35,0.2,39,PayPal,Phoenix
ORD-100423,11/7/2023,Blender,Home & Kitchen,7,471.48,0.1,39,Apple Pay,new york
ORD-107670,1/14/2023,Monitor,Electronics,6,50000,0.15,50,Credit Card,Los Angeles
ORD-100658,2/22/2023,History Book,Books,2,124.76,0.15,30,Apple Pay,Phoenix
ORD-103302,8/22/2023,Coffee Maker,Home & Kitchen,3,482.98,0,32,Apple Pay,Chicago
ORD-108557,8/30/2023,Socks,Clothing,9,133.81,0.1,67,Apple Pay,Houston
ORD-102846,7/19/2023,Data Science 101,Books,7,458.01,,62,Debit Card,New York
ORD-108101,2/15/2023,Lip Balm,Beauty,1,181,0.2,62,Apple Pay,Chicago
ORD-107989,12/27/2023,Lip Balm,Beauty,7,401.41,0.1,47,Credit Card,Chicago
ORD-101002,8/27/2023,Headphones,Electronics,6,391.9,,29,Apple Pay,Phoenix
ORD-104199,5/13/2023,History Book,Books,7,194.6,0.1,59,PayPal,Chicago
ORD-102419,8/3/2023,Jeans,Clothing,2,26.83,0.05,59,Cash,Phoenix
ORD-109085,1/9/2023,Shampoo,Beauty,5,0,0.1,25,Apple Pay,Phoenix
ORD-107739,12/13/2023,Sunscreen,Beauty,1,9999.99,0.15,59,Apple Pay,Online
ORD-103848,8/21/2023,Blender,Home & Kitchen,3,263.06,0,19,Debit Card,Online
ORD-100962,7/5/2023,Headphones,Electronics,9,20.73,0.2,,Cash,Phoenix
ORD-101581,11/19/2023,Fiction Novel,Books,6,456.11,0.15,48,Cash,Phoenix
ORD-106673,12/27/2023,History Book,Books,2,101.29,0.2,47,Credit Card,HOUSTON
ORD-102207,4/11/2023,Wireless Mouse,Electronics,6,48.04,0.05,50,PayPal,Los Angeles
ORD-106735,6/16/2023,Data Science 101,Books,6,103.74,0.05,42,PayPal,New York
ORD-106267,1/19/2023,T-Shirt,Clothing,7,179.52,0.2,41,Credit Card,Chicago
ORD-106791,10/5/2023,Jeans,Clothing,9,0,0.1,27,Cash,Chicago
ORD-104232,5/5/2023,Blender,Home & Kitchen,2,46.77,0.2,28,PayPal,New York
ORD-100758,6/17/2023,Lip Balm,Beauty,3,354.57,0.1,70,Apple Pay,Phoenix
ORD-104867,9/28/2023,Jacket,Clothing,6,368.64,0.2,55,Apple Pay,New York
ORD-102285,1/20/2023,Mug,Home & Kitchen,2,281.8,0,22,Cash,Online
ORD-107105,9/23/2023,Hoodie,Clothing,9,166.43,0.05,,Debit Card,Online
ORD-105225,6/4/2023,Coffee Maker,Home & Kitchen,4,51.14,0.05,46,Cash,Houston
ORD-104828,1/4/2023,Lip Balm,Beauty,4,170.25,0.2,59,Cash,Chicago
ORD-108710,9/1/2023,Socks,Clothing,9,62.7,0.1,72,PayPal,New York
ORD-100808,Invalid_Date,Jeans,Clothing,5,374.65,0.15,36,PayPal,New York
ORD-106838,10/8/2023,Cookware Set,Home & Kitchen,8,203.24,0.05,47,Debit Card,Los Angeles
ORD-109997,7/26/2023,Perfume,Beauty,9,457.27,0.15,60,PayPal,Phoenix
ORD-101957,1/9/2023,Coffee Maker,Home & Kitchen,3,12.85,0.2,30,Debit Card,Chicago
ORD-102446,3/17/2023,Mug,Home & Kitchen,5,147.23,0.05,32,Cash,Online
ORD-106264,2/1/2023,Mechanical Keyboard,Electronics,1,,0,40,Apple Pay,Houston
ORD-108423,7/6/2023,Mug,Home & Kitchen,5,23.63,0,66,Credit Card,Houston
ORD-108542,1/29/2023,USB-C Cable,Electronics,2,41.83,0.15,53,Apple Pay,Phoenix
ORD-108420,3/10/2023,Fiction Novel,Books,2,9.16,0.05,60,Apple Pay,Online
ORD-102403,6/24/2023,History Book,Books,2,57.45,0.1,41,Apple Pay,Houston
ORD-101074,10/6/2023,Jacket,Clothing,6,277.48,0.05,45,PayPal,New York
ORD-106995,4/10/2023,Jacket,Clothing,2,115.84,0,66,PayPal,Houston
ORD-104241,1/15/2023,Python Guide,Books,6,181.5,0.05,48,Debit Card,Online
ORD-108760,3/22/2023,Cookware Set,Home & Kitchen,2,498.44,0.05,38,Debit Card,New York
ORD-102092,2/4/2023,Sunscreen,Beauty,2,53.32,0,43,Credit Card,Online
ORD-104528,2/16/2023,USB-C Cable,Electronics,6,276.12,0.05,68,Cash,Houston
ORD-109492,9/7/2023,Biography,Books,6,356.88,0.2,69,Debit Card,Los Angeles
ORD-107245,2/23/2023,USB-C Cable,ELECTRONICS,4,481.94,0,49,Debit Card,Houston
ORD-107712,9/30/2023,Headphones,Electronics,7,10.67,0.15,26,PayPal,New York
ORD-108948,8/10/2023,Lip Balm,Beauty,7,101.68,0.15,23,Credit Card,Houston
ORD-106040,9/28/2023,Data Science 101,Books,7,93.89,0.1,36,,New York
ORD-107291,6/15/2023,Coffee Maker,Home & Kitchen,6,75.9,0.2,30,Credit Card,Chicago
ORD-101004,1/15/2023,Data Science 101,Books,8,452.6,0.15,29,PayPal,Los Angeles
ORD-109370,11/13/2023,Python Guide,Books,5,12.01,0.2,150,PayPal,Online
ORD-107582,6/10/2023,Biography,Books,6,207.28,0.2,35,Debit Card,Phoenix
ORD-105667,2/16/2023,History Book,Books,1,450,0.15,49,Apple Pay,Online
ORD-104652,6/26/2023,Hoodie,Clothing,8,236.75,0.1,26,Credit Card,Online
ORD-106812,6/18/2023,Perfume,Beauty,9,166.27,0.2,71,PayPal,Los Angeles
ORD-101486,12/18/2023,History Book,Books,7,-1,0.15,25,Credit Card,Los Angeles
ORD-108108,10/2/2023,Fiction Novel,Books,7,410.26,0.15,28,Cash,Houston
ORD-101412,4/13/2023,Air Fryer,Home & Kitchen,3,271.9,0,42,Cash,Chicago
ORD-109713,3/10/2023,Moisturizer,Beauty,2,207.65,0.05,69,PayPal,Los Angeles
ORD-105734,8/28/2023,USB-C Cable,Electronics,2,80.57,0.2,27,Credit Card,Los Angeles
ORD-100710,9/2/2023,Coffee Maker,Home & Kitchen,1,480.27,0.05,51,Credit Card,Houston
ORD-106183,4/6/2023,Cookware Set,Home & Kitchen,2,363.94,0,44,PAYPAL,New York
ORD-103604,12/4/2023,Python Guide,Books,9,24.21,0.1,45,PayPal,Chicago
ORD-107683,10/17/2023,Blender,Home & Kitchen,4,262.56,0.2,68,PayPal,Chicago
ORD-103077,10/29/2023,Cookware Set,Home & Kitchen,8,377.7,0.1,69,Credit Card,Phoenix
ORD-108719,10/26/2023,Coffee Maker,Home & Kitchen,8,,0.2,60,Credit Card,Phoenix
ORD-104102,1/13/2023,History Book,Books,1,112.72,0,45,Debit Card,Online
ORD-105961,2/13/2023,Biography,Books,4,321.77,0,71,Cash,Los Angeles
ORD-102723,12/11/2023,Jeans,Clothing,7,307.2,0,68,Debit Card,New York
ORD-109637,5/12/2023,Mechanical Keyboard,Electronics,5,171.18,0.1,46,Debit Card,New York
ORD-101269,1/11/2023,Fiction Novel,Books,7,424.54,0.1,22,Apple Pay,Online
ORD-102463,11/3/2023,Wireless Mouse,Electronics,5,13.63,0.15,24,Debit Card,New York
ORD-107172,7/15/2023,Coffee Maker,Home & Kitchen,4,380.68,0,58,Cash,Houston
ORD-100269,11/14/2023,Socks,Clothing,4,31.08,0.2,61,Credit Card,Los Angeles
ORD-103581,Invalid_Date,Coffee Maker,Home & Kitchen,6,20.61,0.1,54,PayPal,Los Angeles
ORD-104751,11/14/2023,Jeans,Clothing,3,376.57,0,56,Credit Card,Phoenix
ORD-105711,5/29/2023,Jacket,Clothing,1,278.66,0.2,45,Cash,Online
ORD-105278,10/30/2023,Lip Balm,Beauty,4,307.42,0.1,30,PayPal,Phoenix
ORD-105509,12/4/2023,History Book,Books,5,101.88,0,42,PayPal,Phoenix
ORD-107041,Invalid_Date,Jeans,Clothing,1,82.66,0.1,25,Cash,Houston
ORD-102822,9/2/2023,History Book,Books,3,13.99,0,18,Apple Pay,Chicago
ORD-105800,5/17/2023,Wireless Mouse,Electronics,5,177.34,0.15,,Cash,Los Angeles
ORD-100590,5/7/2023,Moisturizer,Beauty,3,228.05,0.2,18,Cash,Online
ORD-106348,9/17/2023,T-Shirt,Clothing,7,61.16,0.1,999,Apple Pay,Chicago
ORD-109254,2/26/2023,T-Shirt,Clothing,7,259.58,0.05,36,Cash,Online
ORD-109966,3/21/2023,Headphones,Electronics,7,286.6,0.2,40,Debit Card,Online
ORD-108522,2/13/2023,Biography,Books,6,20.84,0,22,Cash,New York
ORD-108160,3/16/2023,Coffee Maker,Home & Kitchen,9,242.28,0,18,Debit Card,Los Angeles
ORD-102038,1/21/2023,Mechanical Keyboard,Electronics,6,230.88,0.05,27,PayPal,Los Angeles
ORD-105826,5/10/2023,Data Science 101,Books,1,83.86,0.1,74,Apple Pay,Online
ORD-106724,7/13/2023,Lip Balm,Beauty,3,54.43,0.1,0,Cash,Chicago
ORD-102029,9/21/2023,Lip Balm,Beauty,3,152.35,0.2,48,Apple Pay,Houston
ORD-107696,7/16/2023,Blender,Home & Kitchen,5,9999.99,0,48,Cash,Phoenix
ORD-100678,5/29/2023,Biography,Books,3,50000,0.15,57,PayPal,Houston
ORD-106142,7/28/2023,Headphones,Electronics,2,222.58,0.2,28,Credit Card,Los Angeles
ORD-101233,7/10/2023,Hoodie,Clothing,1,102.36,0.05,68,Debit Card,Los Angeles
ORD-108810,7/15/2023,History Book,Books,9,77.82,0.2,22,Credit Card,Los Angeles
ORD-109534,6/13/2023,Jacket,Clothing,2,,0.05,37,Debit Card,Los Angeles
ORD-105376,7/22/2023,Headphones,Electronics,2,346.44,0.05,31,Cash,Los Angeles
ORD-104857,11/14/2023,Cookware Set,Home & Kitchen,4,461.82,0.05,150,Cash,Phoenix
ORD-105815,1/15/2023,Fiction Novel,Books,5,489.06,0,22,Debit Card,Houston
ORD-102433,1/15/2023,Air Fryer,Home & Kitchen,9,262.4,0.2,71,PayPal,Phoenix
ORD-108162,1/15/2023,Coffee Maker,Home & Kitchen,7,330.81,0.05,26,Debit Card,Phoenix
ORD-106522,12/30/2023,Jeans,Clothing,6,187.74,0.15,45,Credit Card,Online
ORD-106434,Invalid_Date,USB-C Cable,Electronics,4,120.33,0.1,53,Credit Card,Phoenix
ORD-106654,5/6/2023,Python Guide,Books,Unknown,204.05,0.2,61,Credit Card,Phoenix
ORD-100897,12/4/2023,Fiction Novel,Books,6,449.63,0.05,48,Credit Card,Los Angeles
ORD-101612,4/3/2023,T-Shirt,Clothing,8,300.15,0.1,56,Debit Card,New York
ORD-106909,10/6/2023,Sunscreen,Beauty,2,235.59,,29,Debit Card,Los Angeles
ORD-107813,3/9/2023,Fiction Novel,Books,6,294.42,0,73,Apple Pay,Los Angeles
ORD-107948,3/23/2023,Socks,Clothing,7,66.01,0,26,Cash,Online
ORD-103807,1/15/2023,Jacket,Clothing,1,462.7,0.15,57,PayPal,New York
ORD-106419,5/10/2023,Wireless Mouse,Electronics,4,283.36,0.15,35,paypal,Chicago
ORD-105910,8/8/2023,Shampoo,Beauty,7,103.48,0.15,62,debit card,Los Angeles
ORD-104702,4/16/2023,Biography,Books,3,118.28,0,73,Apple Pay,Phoenix
ORD-103962,7/30/2023,Perfume,Beauty,9,50000,0.2,70,Cash,Phoenix
ORD-107641,7/8/2023,USB-C Cable,Electronics,9,246.37,0.1,73,Cash,Phoenix
ORD-107842,11/23/2023,Biography,Books,8,441.76,0.05,71,Debit Card,Los Angeles
ORD-100891,8/4/2023,Jacket,Clothing,4,32.34,0.05,49,Apple Pay,Chicago
ORD-105338,9/24/2023,Mug,Home & Kitchen,5,20.54,0.1,34,Apple Pay,Chicago
ORD-107998,8/16/2023,Perfume,Beauty,9,204.38,0.05,20,debit card,Chicago
ORD-107325,7/28/2023,Monitor,Electronics,9,448.91,0.1,35,Cash,Chicago
ORD-106366,12/13/2023,Coffee Maker,Home & Kitchen,8,339.55,0,69,PayPal,New York
ORD-105442,2/13/2023,Python Guide,Books,6,378.68,,50,Apple Pay,Los Angeles
ORD-107390,7/30/2023,Air Fryer,Home & Kitchen,4,169.59,0.2,66,Apple Pay,Chicago
ORD-107251,1/3/2023,Air Fryer,HOME & KITCHEN,5,31.87,0.15,43,Apple Pay,Los Angeles
ORD-102800,12/8/2023,Mug,Home & Kitchen,6,51.61,0.15,37,Credit Card,Houston
ORD-100585,7/9/2023,Blender,Home & Kitchen,1,8.79,0.1,37,Credit Card,Phoenix
ORD-103269,10/27/2023,Wireless Mouse,Electronics,1,89.79,0.1,48,PayPal,Phoenix
ORD-103933,2/19/2023,Cookware Set,Home & Kitchen,9,408.25,0.1,26,Debit Card,Chicago
ORD-104966,6/8/2023,History Book,Books,7,9999.99,0.15,55,Credit Card,Houston
ORD-101261,3/7/2023,Fiction Novel,Books,5,106.96,0.05,26,Credit Card,Los Angeles
ORD-106330,10/22/2023,Mechanical Keyboard,Electronics,6,9999.99,0.15,65,Cash,New York
ORD-100311,9/14/2023,Coffee Maker,Home & Kitchen,6,381.25,0.05,55,,Houston
ORD-101717,12/15/2023,Socks,Clothing,2,397.46,0.05,31,paypal,Los Angeles
ORD-105282,5/17/2023,Python Guide,Books,1,,0.1,66,Apple Pay,New York
ORD-106623,6/20/2023,Coffee Maker,Home & Kitchen,9,361.92,0,0,Debit Card,Phoenix
ORD-106271,5/20/2023,Fiction Novel,Books,9,138.01,0.15,18,Debit Card,Los Angeles
ORD-104669,1/24/2023,Headphones,Electronics,1,296.77,0.15,49,Credit Card,Online
ORD-104299,4/13/2023,Headphones,Electronics,4,384.26,0.1,62,Credit Card,Chicago
ORD-103784,7/14/2023,Jeans,Clothing,2,463.66,0.05,71,Debit Card,Houston
ORD-101009,10/2/2023,Biography,Books,4,348.43,0.2,59,Debit Card,Chicago
ORD-108600,9/22/2023,Sunscreen,Beauty,8,97.33,0.05,50,Cash,Online
ORD-102186,3/6/2023,Sunscreen,Beauty,5,37.81,0.1,64,Apple Pay,Houston
ORD-103624,3/29/2023,Sunscreen,Beauty,8,227.48,0.1,32,PayPal,Online
ORD-107502,3/31/2023,Air Fryer,Home & Kitchen,4,15.76,0.1,23,Cash,Chicago
ORD-105748,11/9/2023,Coffee Maker,Home & Kitchen,7,102.03,0.1,71,Cash,Los Angeles
ORD-109964,3/26/2023,Monitor,electronics,5,473.31,0.1,42,PayPal,Houston
ORD-106514,2/21/2023,Fiction Novel,Books,5,285.26,0.15,60,,Chicago
ORD-105911,7/17/2023,Shampoo,Beauty,6,291.87,0.05,46,Credit Card,Houston
ORD-104835,10/19/2023,Fiction Novel,Books,1,98.43,0.1,56,Cash,Online
ORD-106367,2/26/2023,Mug,Home & Kitchen,9,287.8,0,48,Debit Card,New York
ORD-104757,5/20/2023,Jeans,Clothing,8,34.01,0.15,32,PayPal,Online
ORD-105420,6/21/2023,Blender,Home & Kitchen,5,283.37,0.2,31,Credit Card,Phoenix
ORD-100091,2023-13-45,Coffee Maker,Home & Kitchen,1,406.55,0.15,20,Credit Card,Online
ORD-106368,5/20/2023,History Book,Books,7,100.45,0.05,49,Cash,Chicago
ORD-109325,8/6/2023,Jeans,Clothing,4,9999.99,0.1,32,Credit Card,Phoenix
ORD-108978,7/5/2023,Biography,Books,6,41.18,0,,PayPal,Phoenix
ORD-107423,7/22/2023,Shampoo,Beauty,2,182.06,0.1,35,Apple Pay,Phoenix
ORD-108293,11/12/2023,Shampoo,Beauty,6,397.21,0.15,54,Cash,New York
ORD-102118,12/22/2023,Blender,Home & Kitchen,8,452.03,0.2,31,Credit Card,Chicago
ORD-102938,7/30/2023,Sunscreen,Beauty,7,363.48,0.15,20,PayPal,Phoenix
ORD-106917,1/29/2023,Headphones,Electronics,4,324.85,0.2,74,PayPal,Online
ORD-100984,7/16/2023,Air Fryer,Home & Kitchen,6,267.99,0.2,46,PayPal,New York
ORD-107416,2/19/2023,Shampoo,Beauty,4,167.24,0.1,73,Debit Card,Chicago
ORD-103101,3/2/2023,Data Science 101,Books,8,,0.05,64,Apple Pay,New York
ORD-108860,12/22/2023,Sunscreen,Beauty,2,,0,65,PayPal,Houston
ORD-102926,11/1/2023,Cookware Set,Home & Kitchen,8,290.38,0,61,Debit Card,Los Angeles
ORD-105747,2/17/2023,Hoodie,Clothing,0,298.44,0.05,29,Debit Card,Los Angeles
ORD-103215,7/8/2023,Socks,Clothing,6,176.56,0.1,66,Cash,Chicago
ORD-106879,10/28/2023,Monitor,Electronics,9,475.21,0.15,18,Cash,Chicago
ORD-105199,1/1/2023,Data Science 101,Books,5,266.66,0,57,Debit Card,Phoenix
ORD-105863,7/1/2023,T-Shirt,Clothing,3,464.74,0.15,60,Debit Card,LOS ANGELES
ORD-107500,10/23/2023,Air Fryer,Home & Kitchen,5,128.37,0.2,999,PayPal,Houston
ORD-109433,12/23/2023,Jacket,clothing,5,487.53,0.15,66,Debit Card,Phoenix
ORD-100628,5/27/2023,Mechanical Keyboard,Electronics,1,356.89,0.1,70,Apple Pay,New York
ORD-104948,6/30/2023,Hoodie,Clothing,9,342.79,0.1,34,Debit Card,New York
ORD-107976,8/24/2023,Socks,Clothing,2,Unknown,0.1,44,Credit Card,Houston
ORD-104245,12/9/2023,Mug,Home & Kitchen,2,217.46,0.1,30,Debit Card,Phoenix
ORD-106708,4/26/2023,Headphones,Electronics,6,303.43,0.1,63,Debit Card,Phoenix
ORD-104766,2/4/2023,Shampoo,Beauty,8,50000,0.05,33,Credit Card,Online
ORD-101602,8/9/2023,USB-C Cable,Electronics,4,365.57,0,50,Debit Card,Chicago
ORD-109883,6/16/2023,Mechanical Keyboard,Electronics,4,178.17,,58,Apple Pay,Los Angeles
ORD-101270,1/9/2023,Headphones,Electronics,7,395.57,0.1,46,Debit Card,Houston
ORD-100129,5/20/2023,Cookware Set,Home & Kitchen,1,191.49,0,39,Cash,Houston
ORD-106272,10/26/2023,Python Guide,Books,3,115.58,0.1,38,PayPal,Los Angeles
ORD-101712,4/21/2023,Wireless Mouse,Electronics,5,219.77,0.1,74,Apple Pay,Chicago
ORD-104183,6/16/2023,Monitor,electronics,7,20.28,0.05,26,PayPal,Chicago
ORD-104236,9/27/2023,Shampoo,Beauty,6,148.03,0,53,Debit Card,Houston
ORD-105546,10/3/2023,Lip Balm,Beauty,5,34.27,0.2,70,Debit Card,New York
ORD-102399,1/9/2023,Shampoo,Beauty,4,231.53,0.1,62,Apple Pay,Los Angeles
ORD-109142,2/23/2023,Cookware Set,Home & Kitchen,6,,0,26,Credit Card,New York
ORD-106459,8/25/2023,Moisturizer,Beauty,7,155.62,0.05,65,Apple Pay,Los Angeles
ORD-108674,1/12/2023,Cookware Set,Home & Kitchen,1,294.8,0,40,Debit Card,Houston
ORD-101187,3/23/2023,Data Science 101,Books,9,89.94,0.2,72,Credit Card,Los Angeles
ORD-107792,5/26/2023,Jacket,Clothing,4,368.13,0.1,59,Credit Card,New York
ORD-103306,3/23/2023,Mug,Home & Kitchen,6,219.12,0.05,51,Cash,Houston
ORD-108343,3/6/2023,Headphones,Electronics,9,395.72,0.1,150,Apple Pay,Chicago
ORD-101978,1/3/2023,Wireless Mouse,Electronics,1,217.3,0.1,69,,Phoenix
ORD-105704,8/24/2023,Jeans,Clothing,2,307.61,0.15,58,Cash,New York
ORD-104248,2023-13-45,Cookware Set,Home & Kitchen,7,342.54,0.2,51,Credit Card,Online
ORD-109622,1/31/2023,Air Fryer,Home & Kitchen,-1,208.23,0.2,55,Debit Card,Online
ORD-100916,10/14/2023,Monitor,Electronics,9,17.49,0.2,37,Debit Card,Los Angeles
ORD-101306,1/11/2023,Sunscreen,Beauty,6,239.71,0.15,43,Cash,online
ORD-105818,8/15/2023,Coffee Maker,Home & Kitchen,3,399.22,0.1,27,Debit Card,Phoenix
ORD-103050,6/3/2023,Headphones,Electronics,6,411.47,0.05,65,Cash,Houston
ORD-109804,3/3/2023,Perfume,BEAUTY,4,421.34,0.15,71,Credit Card,Houston
ORD-101274,8/11/2023,Jeans,Clothing,1,65.04,0.1,18,Credit Card,Phoenix
ORD-108368,10/31/2023,Lip Balm,Beauty,2,8.71,0.2,72,Credit Card,Houston
ORD-102797,5/10/2023,Data Science 101,Books,3,232.86,0.15,18,Debit Card,New York
ORD-101399,10/1/2023,USB-C Cable,Electronics,2,N/A,0.2,54,Apple Pay,New York
ORD-103359,Invalid_Date,USB-C Cable,Electronics,1,121.29,0,19,Cash,Phoenix
ORD-100184,2/11/2023,Shampoo,Beauty,4,161.52,0,35,Apple Pay,Phoenix
ORD-105399,12/7/2023,Data Science 101,Books,7,408.84,0,24,Debit Card,Houston
ORD-106072,5/22/2023,Jeans,Clothing,7,101.77,0.1,22,Credit Card,Phoenix
ORD-108350,6/28/2023,Air Fryer,Home & Kitchen,6,242.61,0.15,37,Debit Card,Chicago
ORD-105675,11/5/2023,Mechanical Keyboard,Electronics,5,279,0.05,59,Debit Card,Chicago
ORD-108208,6/8/2023,Hoodie,Clothing,7,385.3,0.2,59,Cash,Online
ORD-108430,2/11/2023,History Book,Books,3,48.49,0.1,23,PayPal,Chicago
ORD-104568,4/4/2023,Cookware Set,HOME & KITCHEN,3,270.68,0,54,Debit Card,Phoenix
ORD-107638,9/2/2023,T-Shirt,Clothing,1,483.85,0.15,30,Apple Pay,Online
ORD-108360,6/27/2023,Mechanical Keyboard,Electronics,7,231.42,0,999,Credit Card,Chicago
ORD-102657,12/12/2023,Blender,Home & Kitchen,3,233.58,0,71,Cash,Online
ORD-109318,9/20/2023,Python Guide,Books,5,366.07,0.2,58,PayPal,Los Angeles
ORD-108950,7/26/2023,Jeans,CLOTHING,6,295.79,0.1,49,PayPal,Phoenix
ORD-101962,7/7/2023,Lip Balm,Beauty,7,234.03,0.15,28,Debit Card,Los Angeles
ORD-104993,5/22/2023,Moisturizer,Beauty,7,415.47,0.2,999,Credit Card,Phoenix
ORD-104892,1/15/2023,Python Guide,Books,7,437.65,0.2,58,Cash,Houston
ORD-106811,9/2/2023,Monitor,Electronics,5,50000,0.05,68,PayPal,Phoenix
ORD-107382,6/4/2023,Mug,Home & Kitchen,4,296.73,0.15,35,Apple Pay,Online
ORD-108538,5/1/2023,Headphones,Electronics,1,319.85,0,68,Debit Card,Online
ORD-101252,7/19/2023,Moisturizer,Beauty,7,417.3,0.15,53,Credit Card,Phoenix
ORD-103177,11/21/2023,Biography,Books,7,156.5,0.05,71,PayPal,Houston
ORD-105073,12/14/2023,Headphones,Electronics,3,,0,25,PayPal,Los Angeles
ORD-103360,8/19/2023,Hoodie,Clothing,8,172.89,0.2,65,Cash,Online
ORD-108883,8/16/2023,USB-C Cable,Electronics,7,184.54,0.2,18,Credit Card,Phoenix
ORD-107819,9/9/2023,T-Shirt,Clothing,8,197.46,0.1,25,Cash,Houston
ORD-106977,7/28/2023,Lip Balm,Beauty,8,465.39,0,74,Cash,Houston
ORD-103290,10/29/2023,Coffee Maker,Home & Kitchen,5,103.73,0.05,72,PayPal,Los Angeles
ORD-106880,7/28/2023,Mug,Home & Kitchen,7,499.22,0.2,66,cash,Online
ORD-108985,3/29/2023,Cookware Set,Home & Kitchen,9,101.91,0,33,Cash,Houston
ORD-108112,1/14/2023,Air Fryer,Home & Kitchen,9,50000,0.2,43,Apple Pay,Online
ORD-106023,4/10/2023,Data Science 101,Books,6,228.58,0.1,56,Apple Pay,Houston
ORD-107343,2/25/2023,Hoodie,Clothing,1,291.1,0.05,35,Apple Pay,Phoenix
ORD-101052,10/12/2023,Monitor,Electronics,3,449.9,0,48,Debit Card,Online
ORD-104070,12/4/2023,Data Science 101,Books,4,365.74,0.05,55,Cash,Phoenix
ORD-106608,9/4/2023,Jacket,Clothing,5,63.98,0.1,47,Debit Card,NEW YORK
ORD-105921,3/21/2023,Python Guide,Books,6,493.91,0,27,Debit Card,Phoenix
ORD-100273,6/2/2023,T-Shirt,Clothing,2,120.64,0,70,Cash,Chicago
ORD-102043,1/10/2023,Perfume,Beauty,8,428.28,0.1,29,Debit Card,New York
ORD-104764,6/29/2023,Hoodie,Clothing,-1,433.61,0.05,56,Credit Card,New York
ORD-105310,11/14/2023,Mug,Home & Kitchen,9,456.95,0.15,57,Debit Card,Chicago
ORD-108964,5/15/2023,Sunscreen,Beauty,7,206.35,0,34,Debit Card,Phoenix
ORD-105642,3/14/2023,Coffee Maker,Home & Kitchen,8,403.14,0.1,-5,Debit Card,Phoenix
ORD-101087,2/8/2023,Cookware Set,Home & Kitchen,4,309.13,0.05,,Apple Pay,Phoenix
ORD-106187,8/1/2023,Fiction Novel,Books,4,452.25,0.05,-1,PayPal,Houston
ORD-106772,9/5/2023,Air Fryer,Home & Kitchen,7,169.03,0.2,40,apple pay,Chicago
ORD-105832,3/26/2023,USB-C Cable,Electronics,5,394.92,0.2,40,Debit Card,Chicago
ORD-107121,4/18/2023,Hoodie,Clothing,4,308.74,0.15,74,Debit Card,Online
ORD-104323,8/19/2023,Sunscreen,Beauty,9,-5,0.2,73,Credit Card,Los Angeles
ORD-107404,8/22/2023,Headphones,Electronics,9,86.69,0.05,55,PayPal,Houston
ORD-108678,5/7/2023,Lip Balm,Beauty,6,319.76,0.15,41,debit card,Houston
ORD-105971,5/20/2023,Monitor,Electronics,9,11.28,0.05,30,Cash,Phoenix
ORD-105886,3/10/2023,Wireless Mouse,Electronics,8,253.36,0.1,46,Cash,Online
ORD-105465,10/1/2023,Python Guide,Books,6,436.1,0.2,64,DEBIT CARD,Online
ORD-106591,6/15/2023,Fiction Novel,Books,4,444.16,0.05,200,Apple Pay,Chicago
ORD-104710,4/17/2023,History Book,Books,2,478.74,0.15,30,Apple Pay,Online
ORD-109180,10/12/2023,Biography,Books,3,50000,0,34,Apple Pay,Chicago
ORD-108401,1/26/2023,Blender,Home & Kitchen,4,400.65,0,19,PayPal,Los Angeles
ORD-106005,2/11/2023,Mug,Home & Kitchen,7,217.07,0.1,47,PayPal,New York
ORD-107234,9/4/2023,Data Science 101,Books,6,120.05,0.2,,Debit Card,Los Angeles
ORD-103479,5/26/2023,Mug,Home & Kitchen,8,110.67,0.1,35,PayPal,Los Angeles
ORD-107583,9/22/2023,Data Science 101,Books,7,465.51,0.1,65,,Chicago
ORD-103925,9/21/2023,Python Guide,Books,7,362.71,0.05,150,Debit Card,Houston
ORD-101749,6/12/2023,Blender,Home & Kitchen,6,57.61,0.05,28,Cash,Los Angeles
ORD-100733,10/7/2023,Monitor,Electronics,1,207.66,0.1,57,Debit Card,Los Angeles
ORD-102554,6/14/2023,Mechanical Keyboard,Electronics,7,468.49,0.05,71,Debit Card,Houston
ORD-105822,4/28/2023,Blender,Home & Kitchen,3,312.57,0.15,63,Apple Pay,Chicago
ORD-105283,11/7/2023,Monitor,Electronics,5,283.86,0.15,38,Credit Card,Los Angeles
ORD-102663,2/26/2023,Jeans,Clothing,4,18.04,0,40,PayPal,Online
ORD-107301,5/22/2023,Cookware Set,Home & Kitchen,5,44.17,0.2,20,PayPal,Online
ORD-106222,Invalid_Date,Jeans,Clothing,5,379.34,0.1,45,PayPal,Houston
ORD-103114,1/15/2023,Wireless Mouse,Electronics,4,389.53,0,27,Cash,Online
ORD-103304,10/2/2023,Mug,Home & Kitchen,5,164.1,0.15,54,Cash,Houston
ORD-101345,3/12/2023,Jeans,Clothing,6,454.89,0.05,44,Debit Card,Houston
ORD-101691,5/29/2023,Sunscreen,Beauty,5,374.49,0.15,29,Debit Card,Phoenix
ORD-105365,12/1/2023,USB-C Cable,Electronics,3,99.21,0,69,Debit Card,Chicago
ORD-106936,2023-13-45,Headphones,Electronics,8,141.27,0.1,18,Credit Card,Los Angeles
ORD-105049,7/14/2023,Monitor,Electronics,5,378.33,0.05,60,Apple Pay,Phoenix
ORD-105387,12/8/2023,Python Guide,Books,-1,241.41,0.05,43,Apple Pay,Los Angeles
ORD-103309,2/2/2023,Jeans,Clothing,5,224.85,0.15,40,Credit Card,Chicago
ORD-101505,3/5/2023,Cookware Set,Home & Kitchen,1,482.98,0.1,19,PayPal,Houston
ORD-101807,3/3/2023,Perfume,Beauty,6,142.68,0.05,60,Apple Pay,Los Angeles
ORD-106655,1/7/2023,Socks,Clothing,7,223.12,0,27,Credit Card,Online
ORD-105731,8/13/2023,Moisturizer,Beauty,7,361.08,0.2,999,Cash,Phoenix
ORD-103792,9/19/2023,Fiction Novel,Books,8,195.5,0.1,54,Apple Pay,Chicago
ORD-105218,12/4/2023,T-Shirt,Clothing,6,252.83,0.1,19,Debit Card,Phoenix
ORD-109803,9/5/2023,Mug,Home & Kitchen,8,276.23,0.05,42,APPLE PAY,Chicago
ORD-107809,1/15/2023,Air Fryer,Home & Kitchen,8,108.09,0.2,59,Debit Card,Chicago
ORD-106435,3/27/2023,Sunscreen,Beauty,6,96.58,0.1,26,Apple Pay,Houston
ORD-105999,6/10/2023,Moisturizer,Beauty,5,,0.05,36,Credit Card,Online
ORD-107740,1/9/2023,T-Shirt,Clothing,5,120.7,0.2,51,Debit Card,Online
ORD-101849,2/25/2023,Python Guide,Books,8,475.17,0,29,CASH,Los Angeles
ORD-104513,Invalid_Date,Fiction Novel,Books,4,295.07,0.05,28,Apple Pay,Online
ORD-102432,5/29/2023,Jacket,Clothing,7,190.87,0.05,73,Cash,Los Angeles
ORD-104661,12/12/2023,Blender,Home & Kitchen,9,156.39,0.05,18,Apple Pay,New York
ORD-107262,1/24/2023,Air Fryer,Home & Kitchen,8,218.43,0.15,69,Debit Card,Houston
ORD-105956,7/16/2023,Headphones,Electronics,4,380.2,0.05,60,Credit Card,Phoenix
ORD-100143,6/15/2023,Perfume,Beauty,2,9999.99,0,41,Apple Pay,Houston
ORD-109020,8/21/2023,Biography,Books,1,469.37,0.15,150,Cash,Phoenix
ORD-109446,2/6/2023,Monitor,Electronics,8,498.14,0.1,23,Apple Pay,Phoenix
ORD-105291,9/5/2023,Air Fryer,Home & Kitchen,9,310.98,0.15,20,Debit Card,Houston
ORD-109456,2/28/2023,Mug,Home & Kitchen,7,255.21,0.05,29,Cash,Chicago
ORD-103410,7/9/2023,Fiction Novel,Books,8,390.38,0,62,apple pay,Houston
ORD-101118,4/28/2023,Blender,Home & Kitchen,5,53,0.05,64,Credit Card,Houston
ORD-101757,2/17/2023,Moisturizer,BEAUTY,6,208.91,0.1,38,Cash,Online
ORD-100498,7/17/2023,Data Science 101,Books,6,323.07,0.15,37,Credit Card,Los Angeles
ORD-107915,1/29/2023,Jacket,Clothing,7,314.27,0.1,74,Cash,Online
ORD-100871,4/23/2023,T-Shirt,Clothing,2,326.51,0.05,37,PayPal,Houston
ORD-103358,8/16/2023,Air Fryer,Home & Kitchen,8,122.28,0.05,29,Debit Card,New York
ORD-100913,7/19/2023,Mug,Home & Kitchen,6,303.91,0,23,Credit Card,Los Angeles
ORD-100722,6/30/2023,Mechanical Keyboard,Electronics,4,196.23,0.1,35,Cash,Houston
ORD-102806,8/18/2023,Blender,Home & Kitchen,7,49.04,0.2,39,Apple Pay,Houston
ORD-108820,11/7/2023,Python Guide,Books,3,60.41,0,52,DEBIT CARD,Los Angeles
ORD-100887,7/26/2023,Mechanical Keyboard,Electronics,7,311.4,0.2,47,PayPal,Phoenix
ORD-109881,11/7/2023,USB-C Cable,Electronics,3,444.17,0,68,Cash,Online
ORD-107517,1/12/2023,History Book,Books,7,184.27,0.1,58,Apple Pay,Los Angeles
ORD-107646,10/1/2023,USB-C Cable,Electronics,1,117.62,0,20,Credit Card,New York
ORD-101521,2/17/2023,Socks,Clothing,5,436.84,0,74,Cash,Online
ORD-108947,5/30/2023,Biography,Books,8,250.44,0.05,39,PayPal,Chicago
ORD-102747,10/2/2023,USB-C Cable,Electronics,9,9999.99,0.2,32,Apple Pay,Online
ORD-108264,11/14/2023,Cookware Set,Home & Kitchen,3,284.02,0.2,30,PayPal,Los Angeles
ORD-106157,12/12/2023,Wireless Mouse,Electronics,7,336.85,0.05,200,Apple Pay,Online
ORD-100315,6/23/2023,T-Shirt,Clothing,8,386.61,0.05,69,Credit Card,Chicago
ORD-101800,7/29/2023,USB-C Cable,Electronics,5,418.61,0,23,PayPal,Los Angeles
ORD-100328,11/1/2023,Headphones,Electronics,2,25.39,0.1,20,PayPal,Phoenix
ORD-106018,10/15/2023,Lip Balm,Beauty,0,49.33,0.1,31,PayPal,Chicago
ORD-104205,1/15/2023,Hoodie,Clothing,5,426.01,0.1,65,Apple Pay,New York
ORD-103130,3/23/2023,Mechanical Keyboard,Electronics,3,60.74,0.2,46,PayPal,Chicago
ORD-107316,11/5/2023,History Book,Books,7,195.09,0.15,40,Cash,Online
ORD-109271,2/27/2023,Hoodie,CLOTHING,5,375.64,0.1,58,PayPal,Houston
ORD-103969,1/15/2023,Socks,Clothing,5,485.34,0.2,18,PayPal,Online
ORD-106121,5/16/2023,Data Science 101,Books,4,421.39,0.05,0,Debit Card,Chicago
ORD-107112,12/31/2023,Shampoo,Beauty,8,286.72,0.05,60,Apple Pay,New York
ORD-101974,6/22/2023,Jeans,Clothing,7,376.05,0.2,27,PayPal,Chicago
ORD-100337,5/11/2023,Lip Balm,Beauty,8,487.52,0.15,27,Credit Card,Houston
ORD-102765,12/4/2023,Python Guide,Books,9,37.75,0.1,-5,Cash,New York
ORD-108164,4/13/2023,Wireless Mouse,Electronics,5,31.8,0.1,70,Debit Card,Houston
ORD-100276,2/21/2023,Cookware Set,Home & Kitchen,2,87.68,0.15,25,Apple Pay,New York
ORD-102986,9/3/2023,Sunscreen,Beauty,4,348.67,0.1,62,Debit Card,Chicago
ORD-106022,7/10/2023,USB-C Cable,Electronics,9,326.93,0.2,33,,Online
ORD-107822,10/19/2023,Socks,Clothing,5,332.86,0,44,Apple Pay,Phoenix
ORD-103478,1/9/2023,Mug,Home & Kitchen,4,158.97,0,55,Debit Card,Phoenix
ORD-105594,2/17/2023,Python Guide,Books,7,499.4,0,39,Debit Card,Phoenix
ORD-103559,6/2/2023,Wireless Mouse,Electronics,2,71.76,0.05,46,Apple Pay,Online
ORD-102810,10/17/2023,Headphones,Electronics,2,153.61,0.15,36,Apple Pay,Chicago
ORD-109384,3/14/2023,Blender,Home & Kitchen,2,299.06,0.05,31,Credit Card,Houston
ORD-104862,10/19/2023,Biography,Books,2,29.13,0.05,72,Apple Pay,Los Angeles
ORD-107024,4/9/2023,Fiction Novel,Books,6,10.51,0.2,49,Credit Card,Los Angeles
ORD-105247,7/21/2023,Moisturizer,Beauty,7,475.78,0.15,21,Apple Pay,Houston
ORD-103417,9/17/2023,Blender,Home & Kitchen,2,225.58,0,51,Cash,New York
ORD-100308,6/24/2023,Python Guide,Books,4,420.77,0.15,39,Debit Card,Phoenix
ORD-103909,1/15/2023,Air Fryer,Home & Kitchen,4,311.48,0.15,61,Credit Card,New York
ORD-100349,2023-13-45,Socks,Clothing,2,52.15,0.1,42,Debit Card,Houston
ORD-100827,11/10/2023,Python Guide,Books,1,341.05,0,56,Credit Card,LOS ANGELES
ORD-105297,Invalid_Date,Headphones,Electronics,5,333.87,0.05,42,PayPal,Online
ORD-109784,3/29/2023,Wireless Mouse,Electronics,2,14.25,0.2,54,Cash,Chicago
ORD-104483,11/22/2023,T-Shirt,Clothing,5,342.81,0.1,46,PayPal,Houston
ORD-107014,2/9/2023,Jeans,Clothing,6,18.61,0.2,44,Cash,HOUSTON
ORD-103683,9/24/2023,History Book,Books,6,471.25,0.15,39,PayPal,Online
ORD-106265,2/17/2023,Sunscreen,Beauty,3,157.5,0.2,30,Apple Pay,Houston
ORD-109149,9/19/2023,Sunscreen,Beauty,5,304.65,0.15,44,Cash,Online
ORD-102054,12/20/2023,Air Fryer,Home & Kitchen,9,128.73,0.15,32,Credit Card,Phoenix
ORD-100072,2/20/2023,Lip Balm,Beauty,7,337.65,0,39,Credit Card,Online
ORD-105875,2/25/2023,Python Guide,Books,8,368.41,0.05,73,Credit Card,Online
ORD-108626,11/15/2023,Python Guide,Books,6,189.43,0.05,43,Debit Card,Online
ORD-106696,12/7/2023,Mug,Home & Kitchen,2,188.16,0,67,Apple Pay,New York
ORD-108417,2023-13-45,Cookware Set,Home & Kitchen,3,458.31,0.1,51,Credit Card,New York
ORD-105357,8/16/2023,Shampoo,Beauty,0,165.71,0.05,26,PayPal,Online
ORD-101667,6/3/2023,Jacket,Clothing,5,173.87,0.15,50,Debit Card,Phoenix
ORD-106598,7/29/2023,Blender,Home & Kitchen,9,209.55,0.1,23,Cash,Los Angeles
ORD-106903,5/11/2023,Moisturizer,Beauty,8,392.26,0.05,18,Credit Card,Online
ORD-105729,5/20/2023,USB-C Cable,Electronics,7,160.44,0.15,66,Cash,New York
ORD-101446,1/2/2023,Jacket,Clothing,5,473.91,0,24,Apple Pay,New York
ORD-105583,2/13/2023,Socks,Clothing,2,,0.15,57,Credit Card,Los Angeles
ORD-105994,1/28/2023,Headphones,Electronics,1,50000,0.2,37,Cash,Los Angeles
ORD-101696,1/29/2023,Biography,Books,3,13.73,0.2,34,Debit Card,Phoenix
ORD-102893,5/23/2023,Mechanical Keyboard,Electronics,6,31.41,0.2,22,Credit Card,Online
ORD-107643,11/8/2023,Mechanical Keyboard,Electronics,9,53.84,0.15,47,Cash,Online
ORD-101575,8/8/2023,Jeans,Clothing,2,9999.99,0.05,71,Credit Card,Houston
ORD-103204,9/22/2023,Biography,Books,5,82.06,0.15,73,Credit Card,Houston
ORD-104406,6/26/2023,History Book,Books,2,98.99,0.1,29,Debit Card,New York
ORD-101631,12/11/2023,Jacket,Clothing,2,196.69,0.05,69,PayPal,New York
ORD-108301,11/20/2023,Cookware Set,Home & Kitchen,2,296.75,0.05,34,PayPal,Phoenix
ORD-101882,4/23/2023,Sunscreen,Beauty,4,152.94,0.15,49,Apple Pay,Online
ORD-105113,6/22/2023,Mechanical Keyboard,Electronics,8,76.19,0.2,40,Cash,Online
ORD-105075,12/14/2023,Mechanical Keyboard,Electronics,9,41.32,0.1,33,PayPal,Phoenix
ORD-109084,12/3/2023,USB-C Cable,Electronics,3,189.31,0.1,18,PayPal,Houston
ORD-105957,3/23/2023,Air Fryer,Home & Kitchen,1,192.51,0.15,N/A,Apple Pay,Phoenix
ORD-100849,6/27/2023,Lip Balm,Beauty,1,294.41,0.15,68,Debit Card,Online
ORD-106392,11/13/2023,Blender,Home & Kitchen,9,351.53,0.15,29,Debit Card,New York
ORD-109015,2023-13-45,Blender,Home & Kitchen,8,239.25,0.1,48,Cash,Chicago
ORD-108067,7/10/2023,History Book,Books,7,284.91,0,61,Cash,Phoenix
ORD-102878,11/6/2023,Perfume,Beauty,9,92.77,0.2,18,Debit Card,Los Angeles
ORD-100187,11/5/2023,Monitor,Electronics,1,450.29,0.1,56,Cash,Los Angeles
ORD-103780,5/23/2023,USB-C Cable,Electronics,7,199.1,0,70,PayPal,Chicago
ORD-101831,9/1/2023,Biography,Books,5,358.78,0.1,64,Credit Card,Online
ORD-102960,2/21/2023,Air Fryer,Home & Kitchen,6,289.26,0,68,Apple Pay,Houston
ORD-109516,3/15/2023,Mug,Home & Kitchen,7,243.13,0.1,34,Cash,Houston
ORD-106806,10/24/2023,USB-C Cable,Electronics,1,226.88,0,999,Cash,Houston
ORD-101235,7/6/2023,Perfume,Beauty,Unknown,100.61,0.05,19,Apple Pay,New York
ORD-106365,6/29/2023,Hoodie,Clothing,7,364.06,0.15,64,Cash,New York
ORD-103916,7/3/2023,Wireless Mouse,Electronics,2,104.71,0.05,57,PayPal,Chicago
ORD-100447,Invalid_Date,Coffee Maker,Home & Kitchen,4,188.85,0.1,38,Debit Card,Los Angeles
ORD-100845,8/3/2023,T-Shirt,Clothing,9,176.75,0.1,38,Apple Pay,Online
ORD-107914,9/18/2023,Monitor,Electronics,8,340.69,0.15,68,Credit Card,Phoenix
ORD-106153,8/8/2023,Lip Balm,Beauty,8,194.38,0.05,66,Debit Card,Houston
ORD-105765,2/28/2023,Headphones,Electronics,4,466.3,0.1,26,Cash,Phoenix
ORD-102441,5/20/2023,Perfume,Beauty,3,422.52,0.05,28,PayPal,Online
ORD-103104,10/23/2023,Data Science 101,Books,8,235.98,0,42,Credit Card,Chicago
ORD-108841,8/9/2023,Mechanical Keyboard,Electronics,3,14.27,0.15,150,Credit Card,Phoenix
ORD-107563,12/20/2023,Socks,Clothing,8,394.58,0,47,Debit Card,Los Angeles
ORD-106026,7/19/2023,Python Guide,Books,1,443.2,0.15,19,Apple Pay,New York
ORD-101295,1/13/2023,Lip Balm,Beauty,4,260.73,0,21,Credit Card,Phoenix
ORD-105426,4/28/2023,T-Shirt,Clothing,4,440.63,0.05,200,Debit Card,Chicago
ORD-109286,4/12/2023,Socks,Clothing,6,225.61,0.1,,Debit Card,Houston
ORD-105068,8/23/2023,Data Science 101,Books,7,480.8,0.1,33,Cash,Online
ORD-103443,11/28/2023,Coffee Maker,Home & Kitchen,7,329.51,0.1,57,Credit Card,New York
ORD-108698,10/13/2023,Perfume,Beauty,1,430.04,0.2,34,Apple Pay,New York
ORD-107999,12/23/2023,Data Science 101,Books,5,42.67,0.15,-1,Cash,New York
ORD-104322,11/13/2023,Python Guide,Books,4,259.08,0,30,Cash,Chicago
ORD-106508,7/14/2023,Jeans,Clothing,1,52.71,0.15,45,Credit Card,Online
ORD-100777,2/10/2023,Headphones,Electronics,6,38.83,0.15,61,Credit Card,Phoenix
ORD-100577,12/14/2023,Blender,Home & Kitchen,3,122.53,,21,Cash,Chicago
ORD-102154,1/18/2023,Mechanical Keyboard,Electronics,7,113.96,0.15,37,Debit Card,Los Angeles
ORD-104921,2/18/2023,Sunscreen,Beauty,5,357.89,0.1,47,Debit Card,New York
ORD-106665,7/16/2023,History Book,Books,1,64.6,0.15,-5,PayPal,Los Angeles
ORD-109775,5/15/2023,Hoodie,Clothing,5,376.04,0,69,Apple Pay,Chicago
ORD-105899,2/13/2023,Air Fryer,home & kitchen,2,438.48,0,73,Apple Pay,Online
ORD-103791,9/28/2023,Headphones,Electronics,2,254.09,0.1,45,Debit Card,Phoenix
ORD-108679,7/8/2023,Blender,Home & Kitchen,9,7.01,,67,PayPal,Phoenix
ORD-103184,9/2/2023,Hoodie,Clothing,4,292.19,,32,Apple Pay,Chicago
ORD-109835,5/14/2023,Monitor,Electronics,1,348.6,0,Unknown,Credit Card,Los Angeles
ORD-103200,11/3/2023,Python Guide,Books,4,411.23,0,34,Apple Pay,Houston
ORD-107486,9/1/2023,Blender,Home & Kitchen,2,74.88,0.2,42,Cash,Houston
ORD-101290,10/14/2023,Cookware Set,Home & Kitchen,8,417.91,0,38,Apple Pay,Phoenix
ORD-104582,9/10/2023,Air Fryer,Home & Kitchen,4,451.1,0.15,37,Credit Card,Houston
ORD-106606,10/20/2023,Coffee Maker,Home & Kitchen,1,-1,0,73,PayPal,Los Angeles
ORD-109202,2/12/2023,Lip Balm,Beauty,4,437.57,0.05,200,Debit Card,Phoenix
ORD-107620,4/10/2023,Biography,Books,8,,0.2,55,PayPal,New York
ORD-107226,2023-13-45,Hoodie,Clothing,5,405.35,0.2,20,Cash,Chicago
ORD-104107,2/12/2023,Fiction Novel,Books,9,324.61,0.2,26,PayPal,New York
ORD-104127,5/2/2023,Socks,Clothing,8,438.53,0.05,73,CASH,Houston
ORD-108458,6/23/2023,Jeans,Clothing,3,127.49,0.15,23,Debit Card,Online
ORD-103967,5/13/2023,Mug,Home & Kitchen,9,17.88,0,25,Debit Card,Online
ORD-101880,1/15/2023,Cookware Set,Home & Kitchen,7,40.23,0.15,72,Apple Pay,New York
ORD-108746,8/28/2023,Lip Balm,Beauty,1,297.01,0.1,19,Credit Card,Phoenix
ORD-109575,5/16/2023,Socks,Clothing,2,278.46,0.2,30,Cash,Online
ORD-105497,12/7/2023,Shampoo,Beauty,8,244.48,0.1,61,Debit Card,Houston
ORD-103588,2/25/2023,Data Science 101,Books,5,486.59,,73,Debit Card,Los Angeles
ORD-107854,2023-13-45,Wireless Mouse,Electronics,8,204.31,0.1,31,Cash,Online
ORD-103866,12/20/2023,Python Guide,Books,5,483.59,0.1,32,Debit Card,Online
ORD-102149,12/10/2023,Fiction Novel,Books,2,338.39,0,68,PAYPAL,Online
ORD-104132,2/3/2023,Air Fryer,Home & Kitchen,4,50000,0.05,64,Credit Card,Houston
ORD-101037,6/8/2023,Lip Balm,Beauty,6,151.49,0,31,Debit Card,Chicago
ORD-100637,11/25/2023,T-Shirt,Clothing,3,104.23,0.15,62,Credit Card,Chicago
ORD-105877,5/2/2023,History Book,Books,3,166.91,0.05,37,PayPal,Houston
ORD-104135,5/5/2023,Mechanical Keyboard,Electronics,N/A,210.66,0.15,56,Debit Card,New York
ORD-106450,Invalid_Date,Python Guide,Books,7,323.78,0,43,Cash,Houston
ORD-101084,1/1/2023,Air Fryer,Home & Kitchen,6,33.99,0.05,26,PayPal,New York
ORD-100862,7/6/2023,Python Guide,Books,1,480.77,0.2,-1,Apple Pay,Phoenix
ORD-105213,8/9/2023,Python Guide,Books,9,47.39,0.1,42,Debit Card,New York
ORD-100904,5/20/2023,USB-C Cable,Electronics,9,470.51,0.1,38,PayPal,Los Angeles
ORD-100192,5/3/2023,Shampoo,Beauty,2,382.42,0.05,50,Apple Pay,New York
ORD-100110,5/16/2023,Blender,Home & Kitchen,5,120.45,0.2,18,PayPal,New York
ORD-104456,5/26/2023,History Book,Books,3,43.84,0.05,0,PayPal,Los Angeles
ORD-101943,9/25/2023,Monitor,Electronics,8,377.44,0.15,70,,Chicago
ORD-109684,2023-13-45,Socks,Clothing,2,43.88,0.2,36,Apple Pay,Chicago
ORD-104332,6/27/2023,Monitor,Electronics,9,467.16,0,46,Apple Pay,New York
ORD-109115,4/16/2023,Data Science 101,Books,7,132.96,0.05,27,Debit Card,Phoenix
ORD-108794,5/30/2023,USB-C Cable,Electronics,3,315.41,0.15,64,PayPal,New York
ORD-102041,12/30/2023,T-Shirt,Clothing,8,411.72,0.05,0,Apple Pay,Chicago
ORD-107811,5/20/2023,Monitor,Electronics,7,347.51,0.1,44,Cash,Online
ORD-107307,1/31/2023,Python Guide,Books,8,362.59,0.15,37,PayPal,Los Angeles
ORD-104879,5/20/2023,Lip Balm,Beauty,7,435.92,0.1,61,Cash,Phoenix
ORD-104660,10/30/2023,Perfume,Beauty,8,291.47,0.15,61,Apple Pay,Chicago
ORD-106839,6/6/2023,Jacket,Clothing,8,432.04,0,47,Credit Card,Chicago
ORD-102776,8/8/2023,Jacket,Clothing,2,452.69,0.05,53,Cash,Phoenix
ORD-104146,2/21/2023,Biography,Books,1,Unknown,0.15,27,PayPal,Houston
ORD-102324,5/4/2023,T-Shirt,Clothing,5,9999.99,0.2,51,Apple Pay,Chicago
ORD-100763,7/29/2023,Wireless Mouse,Electronics,7,453.51,0.15,33,PayPal,Chicago
ORD-102618,2023-13-45,Lip Balm,Beauty,5,130.36,0,55,Debit Card,Houston
ORD-102412,10/31/2023,Blender,Home & Kitchen,4,237.37,0.05,34,PayPal,Online
ORD-101095,6/21/2023,Sunscreen,Beauty,2,323.76,0.05,20,Credit Card,Online
ORD-106583,5/22/2023,Monitor,Electronics,1,131.39,0.1,47,Apple Pay,Online
ORD-107511,1/30/2023,T-Shirt,Clothing,6,421.88,0.05,18,Debit Card,New York
ORD-105959,10/9/2023,T-Shirt,Clothing,4,496.67,0,48,Credit Card,Houston
ORD-103136,8/30/2023,Python Guide,Books,5,36.8,0.1,50,Credit Card,New York
ORD-106063,2/23/2023,Wireless Mouse,Electronics,2,185.87,0.15,38,PayPal,Chicago
ORD-105041,5/11/2023,Monitor,Electronics,3,112.49,0.1,N/A,PayPal,Houston
ORD-105429,1/15/2023,USB-C Cable,Electronics,5,261.59,0.1,51,Cash,Online
ORD-103806,8/27/2023,Moisturizer,Beauty,1,345.76,0.2,48,PayPal,Los Angeles
ORD-100885,5/20/2023,Fiction Novel,Books,8,102.34,0,52,Debit Card,New York
ORD-102655,1/15/2023,T-Shirt,Clothing,8,214.86,0.1,51,Cash,New York
ORD-105670,4/23/2023,Blender,Home & Kitchen,1,0,0.2,39,Debit Card,Los Angeles
ORD-106599,2/25/2023,Fiction Novel,Books,7,201.91,0.1,56,Cash,Chicago
ORD-100465,12/13/2023,Monitor,Electronics,5,66.99,0.05,200,Credit Card,Chicago
ORD-107190,9/4/2023,Biography,Books,9,0,0.05,20,Apple Pay,New York
ORD-108128,5/4/2023,Mug,Home & Kitchen,6,375.63,0,36,PayPal,Online
ORD-106873,5/28/2023,Data Science 101,Books,7,185.19,0.15,34,PayPal,Phoenix
ORD-107467,2/5/2023,Headphones,Electronics,1,12.17,0,47,Apple Pay,Phoenix
ORD-105193,11/12/2023,History Book,Books,9,159.73,0,68,Credit Card,Los Angeles
ORD-109977,2023-13-45,Coffee Maker,Home & Kitchen,4,227.12,0.1,19,Cash,Los Angeles
ORD-105301,6/23/2023,T-Shirt,Clothing,6,496.93,0,28,Debit Card,New York
ORD-102203,2/15/2023,Mechanical Keyboard,Electronics,7,129.85,0.1,45,Credit Card,Los Angeles
ORD-107744,1/6/2023,Mechanical Keyboard,Electronics,6,37.06,0,25,PayPal,Online
ORD-107708,1/15/2023,Jacket,Clothing,2,-1,0.2,31,Cash,Chicago
ORD-101263,7/6/2023,Blender,Home & Kitchen,2,80.81,0.1,72,credit card,Online
ORD-105704,8/24/2023,Jeans,Clothing,2,307.61,0.15,58,Cash,New York
ORD-100976,4/10/2023,Coffee Maker,Home & Kitchen,3,43.02,0.1,49,Credit Card,Chicago
ORD-106524,9/13/2023,Wireless Mouse,Electronics,7,171.49,0.05,51,Credit Card,Houston
ORD-104926,2/22/2023,USB-C Cable,Electronics,2,69.76,0.15,31,,Houston
ORD-100942,5/17/2023,Jacket,Clothing,8,469.8,0.15,48,Apple Pay,Online
ORD-105264,8/17/2023,Mug,Home & Kitchen,Unknown,344.58,0.05,40,Apple Pay,Los Angeles
ORD-104724,8/16/2023,Biography,Books,5,367.82,0.1,999,PayPal,New York
ORD-102388,5/20/2023,Python Guide,Books,5,110.46,0,30,Cash,Phoenix
ORD-107052,6/18/2023,Jeans,Clothing,6,50000,0,46,Debit Card,Houston
ORD-105022,11/4/2023,Headphones,Electronics,5,236.37,0.1,19,Cash,Chicago
ORD-104392,12/23/2023,Lip Balm,Beauty,4,177.47,0.15,48,Debit Card,Los Angeles
ORD-105149,7/8/2023,Mug,Home & Kitchen,2,177.65,0.1,44,Credit Card,Los Angeles
ORD-103222,3/14/2023,USB-C Cable,Electronics,9,362.47,0.2,37,Cash,Houston
ORD-103883,4/12/2023,Hoodie,Clothing,0,14.91,0,29,Apple Pay,Houston
ORD-104641,7/18/2023,Air Fryer,Home & Kitchen,7,335.96,0.1,41,Apple Pay,Phoenix
ORD-109431,1/22/2023,Monitor,Electronics,1,11.48,0.1,45,Credit Card,New York
ORD-106307,8/22/2023,Fiction Novel,Books,4,84.7,0,32,Debit Card,Houston
ORD-102790,9/28/2023,Blender,Home & Kitchen,8,463.72,0.2,36,PayPal,Houston
ORD-100945,1/10/2023,Shampoo,Beauty,4,378.16,0.1,20,Debit Card,Phoenix
ORD-109173,2/6/2023,Fiction Novel,Books,2,242.43,0.2,59,,Phoenix
ORD-101858,8/2/2023,Lip Balm,Beauty,8,474.71,0.15,34,PayPal,New York
ORD-108927,2/25/2023,Headphones,Electronics,1,72.84,,72,Cash,Los Angeles
ORD-104109,11/27/2023,Socks,Clothing,1,356.5,0,N/A,Cash,Houston
ORD-105214,1/15/2023,Monitor,Electronics,5,207.17,0.15,31,Apple Pay,Los Angeles
ORD-108765,10/20/2023,Monitor,Electronics,6,167.6,0.1,59,Debit Card,Chicago
ORD-103256,6/21/2023,Biography,Books,4,428,0.05,39,Credit Card,Phoenix
ORD-102691,1/28/2023,Moisturizer,Beauty,4,201.62,0.15,69,Cash,Online
ORD-108095,6/25/2023,Moisturizer,Beauty,6,127.84,0.05,46,Credit Card,New York
ORD-109613,1/2/2023,Headphones,Electronics,7,Unknown,0.15,58,Apple Pay,Los Angeles
ORD-101320,3/4/2023,Biography,Books,2,371.73,0,72,Cash,New York
ORD-107440,4/20/2023,Hoodie,Clothing,3,489.56,0.1,59,PayPal,New York
ORD-100305,Invalid_Date,Air Fryer,Home & Kitchen,1,165.19,0.1,28,Credit Card,Houston
ORD-105163,9/27/2023,Jeans,Clothing,3,0,0.15,41,Credit Card,Chicago
ORD-106216,12/7/2023,Biography,Books,1,100.26,0.15,49,Apple Pay,New York
ORD-107250,4/10/2023,Shampoo,Beauty,2,317.1,0,64,Cash,Phoenix
ORD-106351,Invalid_Date,Blender,Home & Kitchen,3,442.66,0.15,70,Cash,Chicago
ORD-109442,11/22/2023,Wireless Mouse,Electronics,7,311.35,0,46,Credit Card,Chicago
ORD-103476,3/4/2023,Perfume,Beauty,6,239.99,0.05,32,Cash,New York
ORD-103506,7/6/2023,Mechanical Keyboard,Electronics,5,301.5,0.1,71,Apple Pay,Houston
ORD-104750,8/29/2023,Moisturizer,Beauty,3,10.05,0.2,58,Apple Pay,Los Angeles
ORD-102478,4/13/2023,Air Fryer,Home & Kitchen,2,271.07,0.15,70,PayPal,Houston
ORD-108171,5/30/2023,Shampoo,Beauty,8,483.7,0.05,28,Cash,Chicago
ORD-107055,12/23/2023,Jeans,Clothing,2,494.91,0.05,61,Cash,Phoenix
ORD-107826,5/20/2023,Air Fryer,Home & Kitchen,1,377.28,0,19,Credit Card,Chicago
ORD-108084,6/5/2023,Moisturizer,Beauty,8,440.65,0.2,20,Cash,Phoenix
ORD-105706,9/1/2023,Monitor,ELECTRONICS,1,410.34,0.2,45,PayPal,Houston
ORD-105675,11/5/2023,Mechanical Keyboard,Electronics,5,279,0.05,59,Debit Card,Chicago
ORD-109004,10/9/2023,Mechanical Keyboard,Electronics,2,261.92,0.05,24,Apple Pay,Online
ORD-101875,10/14/2023,Mug,Home & Kitchen,1,177.56,0.2,65,Credit Card,chicago
ORD-108768,5/28/2023,Fiction Novel,Books,7,98.7,0,55,Apple Pay,new york
ORD-105867,3/26/2023,History Book,Books,4,261.99,0.05,49,Debit Card,Los Angeles
ORD-109402,10/19/2023,Wireless Mouse,Electronics,2,480.82,0.2,55,Debit Card,Houston
ORD-105097,6/13/2023,Data Science 101,Books,6,446.33,0.2,46,Credit Card,Online
ORD-102905,12/31/2023,Moisturizer,Beauty,N/A,416.66,0,73,Credit Card,Houston
ORD-100571,12/23/2023,Hoodie,Clothing,5,129.89,0.1,61,Debit Card,Online
ORD-101449,11/10/2023,Coffee Maker,Home & Kitchen,7,56.81,0.1,18,PayPal,Los Angeles
ORD-109854,9/9/2023,Blender,Home & Kitchen,5,291.92,0.1,73,PayPal,New York
ORD-107104,2/9/2023,Headphones,Electronics,3,381.46,0.15,39,Debit Card,Houston
ORD-106773,9/18/2023,Wireless Mouse,Electronics,1,327.75,0.2,43,Cash,Los Angeles
ORD-107276,11/29/2023,Coffee Maker,Home & Kitchen,3,498.73,0.1,36,Credit Card,Chicago
ORD-106965,5/9/2023,Wireless Mouse,Electronics,9,303.97,0.15,48,Cash,Los Angeles
ORD-103227,2/20/2023,Wireless Mouse,Electronics,6,60.79,0.2,66,PayPal,Los Angeles
ORD-108329,11/10/2023,History Book,Books,6,259.72,0.2,50,Debit Card,Chicago
ORD-103979,1/15/2023,USB-C Cable,Electronics,6,149.03,0.05,44,Apple Pay,Online
ORD-104384,12/6/2023,Lip Balm,Beauty,4,306.54,0.05,34,Credit Card,Chicago
ORD-108154,10/7/2023,Fiction Novel,Books,1,335.87,0.15,62,Apple Pay,Chicago
ORD-103540,2/10/2023,Sunscreen,Beauty,8,355.1,0.1,38,Apple Pay,Houston
ORD-107170,5/13/2023,Perfume,Beauty,1,336.12,0.05,58,Debit Card,Phoenix
ORD-109755,8/24/2023,T-Shirt,Clothing,0,339.14,0.15,46,Cash,Los Angeles
ORD-102828,5/20/2023,Jeans,Clothing,7,407.09,0.15,60,Credit Card,Phoenix
ORD-107189,3/13/2023,Perfume,Beauty,6,154.75,0.05,150,Credit Card,Chicago
ORD-104997,2/10/2023,Moisturizer,Beauty,5,351.69,0.1,49,Apple Pay,Phoenix
ORD-101339,4/2/2023,Air Fryer,Home & Kitchen,5,52.86,0,999,Credit Card,Phoenix
ORD-103263,1/7/2023,Monitor,Electronics,1,402.2,0.15,66,Credit Card,Houston
ORD-109002,9/23/2023,Socks,Clothing,7,463.1,0.2,Unknown,Apple Pay,Online
ORD-108960,10/19/2023,Biography,Books,4,-5,0,30,Cash,Phoenix
ORD-100651,6/11/2023,Coffee Maker,Home & Kitchen,2,50000,0.05,33,Apple Pay,Phoenix
ORD-102903,3/5/2023,Monitor,Electronics,4,450.86,0.1,39,Credit Card,Los Angeles
ORD-102259,2/17/2023,Shampoo,Beauty,4,184.96,,31,Debit Card,Chicago
ORD-105396,10/25/2023,Hoodie,Clothing,3,354.67,0.05,26,Credit Card,Chicago
ORD-107885,2/10/2023,Air Fryer,Home & Kitchen,6,165.34,0.05,22,Apple Pay,NEW YORK
ORD-103522,9/30/2023,Air Fryer,Home & Kitchen,N/A,78.08,0,27,Credit Card,Phoenix
ORD-102731,11/22/2023,Perfume,Beauty,N/A,295.84,0.05,19,Cash,Phoenix
ORD-105862,10/21/2023,Coffee Maker,Home & Kitchen,4,92.66,0.15,70,Cash,Chicago
ORD-104479,10/6/2023,Coffee Maker,Home & Kitchen,3,454.2,0,18,Debit Card,Houston
ORD-101597,11/19/2023,USB-C Cable,Electronics,4,350.68,0.15,72,Debit Card,New York
ORD-107530,6/13/2023,Wireless Mouse,Electronics,4,221.09,0.2,19,Credit Card,Los Angeles
ORD-102585,12/7/2023,Fiction Novel,Books,8,47.45,0.1,69,Cash,Houston
ORD-105804,1/21/2023,Moisturizer,Beauty,6,434.27,0.1,150,Cash,Houston
ORD-103197,Invalid_Date,T-Shirt,Clothing,8,247.37,0.2,43,Credit Card,New York
ORD-106449,2023-13-45,Fiction Novel,Books,7,219.96,0.05,55,Cash,Online
ORD-105328,6/24/2023,Cookware Set,Home & Kitchen,6,271.27,0.05,25,Debit Card,Los Angeles
ORD-108187,5/25/2023,Perfume,Beauty,3,311.95,0.15,47,Cash,Online
ORD-105738,7/28/2023,Fiction Novel,Books,2,370,0.2,55,Apple Pay,Chicago
ORD-101259,10/13/2023,Socks,Clothing,2,216.42,0,-1,PayPal,Los Angeles
ORD-105636,7/9/2023,T-Shirt,Clothing,2,195.41,0.2,61,Cash,Houston
ORD-100992,9/24/2023,Coffee Maker,home & kitchen,6,392.73,0.2,59,Apple Pay,Houston
ORD-103505,1/9/2023,Fiction Novel,Books,2,65.05,0.15,46,Debit Card,Phoenix
ORD-100114,6/22/2023,Wireless Mouse,Electronics,7,220.05,0.2,67,Debit Card,Los Angeles
ORD-100920,10/6/2023,Mechanical Keyboard,Electronics,2,50000,0.1,43,PayPal,Los Angeles
ORD-102510,8/9/2023,Mechanical Keyboard,Electronics,4,54.62,0,43,Cash,Houston
ORD-109683,10/28/2023,Fiction Novel,Books,4,50000,0.05,45,Credit Card,Phoenix
ORD-100166,5/30/2023,USB-C Cable,Electronics,5,,0.2,23,Credit Card,Online
ORD-107248,3/21/2023,Data Science 101,Books,4,194.26,0.15,150,Cash,Los Angeles
ORD-106815,1/15/2023,USB-C Cable,Electronics,9,260.76,0,65,Apple Pay,Phoenix
ORD-104604,3/10/2023,Wireless Mouse,Electronics,3,13.72,0.2,73,PayPal,New York
ORD-100950,5/29/2023,Moisturizer,Beauty,9,366.21,0,37,Credit Card,Phoenix
ORD-104595,9/19/2023,Socks,Clothing,6,184.78,0,57,Apple Pay,ONLINE
ORD-106104,3/9/2023,Perfume,Beauty,9,178.56,0.2,36,PayPal,Chicago
ORD-103771,Invalid_Date,Cookware Set,Home & Kitchen,4,465.86,0,73,Apple Pay,Houston
ORD-102507,5/21/2023,Data Science 101,Books,8,358.5,0.05,48,Apple Pay,New York
ORD-105108,10/14/2023,Mechanical Keyboard,Electronics,9,230.87,0.05,40,Cash,Phoenix
ORD-102851,7/30/2023,Headphones,Electronics,9,89.65,0.15,44,Credit Card,Houston
ORD-106922,4/30/2023,Data Science 101,Books,4,86.52,0.2,18,Cash,Los Angeles
ORD-105724,12/1/2023,Moisturizer,Beauty,3,435.99,0.15,21,Apple Pay,Phoenix
ORD-107927,4/7/2023,T-Shirt,Clothing,4,247.38,0.1,61,Cash,Phoenix
ORD-104447,10/9/2023,USB-C Cable,Electronics,6,496.77,0.15,34,Debit Card,New York
ORD-104461,2/2/2023,Moisturizer,Beauty,9,299.49,0.15,45,PayPal,New York
ORD-107259,2023-13-45,Jeans,Clothing,8,487.07,0.15,65,Apple Pay,Phoenix
ORD-102506,4/12/2023,Hoodie,Clothing,1,412.03,0.2,65,Cash,Houston
ORD-101115,6/9/2023,Wireless Mouse,Electronics,3,168.92,0,57,PayPal,Online
ORD-108644,11/6/2023,Fiction Novel,Books,2,314.24,0.1,34,Credit Card,Chicago
ORD-100299,3/1/2023,T-Shirt,Clothing,2,174.23,0.2,-1,Credit Card,Chicago
ORD-101676,2/12/2023,USB-C Cable,Electronics,6,450.3,,74,Credit Card,New York
ORD-103348,7/28/2023,Blender,Home & Kitchen,3,372.59,,66,Apple Pay,Chicago
ORD-102736,6/6/2023,Data Science 101,Books,5,432.08,0,22,Cash,Chicago
ORD-108250,Invalid_Date,USB-C Cable,Electronics,6,166.27,0.05,49,Debit Card,Online
ORD-104989,4/9/2023,Biography,Books,6,254,0.1,53,Apple Pay,Houston
ORD-109265,3/11/2023,Blender,Home & Kitchen,5,9999.99,0.1,55,Apple Pay,Los Angeles
ORD-106204,2/25/2023,Air Fryer,Home & Kitchen,6,156.3,0.15,30,Debit Card,Houston
ORD-104326,5/15/2023,Monitor,Electronics,2,37.84,0,74,Debit Card,Phoenix
ORD-108217,3/13/2023,Lip Balm,Beauty,2,9999.99,0.1,72,Debit Card,Online
ORD-106302,1/6/2023,Biography,Books,5,406.04,0.15,65,PayPal,LOS ANGELES
ORD-104551,9/14/2023,Fiction Novel,Books,1,495.59,,35,PayPal,Online
ORD-107524,5/14/2023,Shampoo,Beauty,6,28.64,0.05,61,Credit Card,Los Angeles
ORD-108451,10/11/2023,Jeans,Clothing,4,N/A,0.05,73,PayPal,New York
ORD-102104,4/3/2023,Wireless Mouse,Electronics,7,71.21,0,53,PayPal,Online
ORD-105337,11/2/2023,Coffee Maker,Home & Kitchen,5,39.47,0.05,41,Credit Card,Houston
ORD-106200,3/8/2023,Lip Balm,Beauty,6,115.27,0,200,Credit Card,Los Angeles
ORD-107211,8/8/2023,History Book,Books,4,332.36,0.2,41,Credit Card,Houston
ORD-109607,1/2/2023,Mechanical Keyboard,Electronics,6,205.9,0.05,59,PayPal,online
ORD-101838,8/10/2023,Jeans,Clothing,8,145.83,0.1,56,Credit Card,New York
ORD-108290,5/29/2023,Jeans,Clothing,6,259.71,0.15,27,Apple Pay,New York
ORD-108564,12/14/2023,Wireless Mouse,Electronics,5,100.16,0.1,33,,Los Angeles
ORD-109736,8/1/2023,T-Shirt,Clothing,6,40.23,0,48,PayPal,Chicago
ORD-100608,6/16/2023,Fiction Novel,Books,9,18.57,0.05,73,Debit Card,chicago
ORD-106433,3/11/2023,Socks,Clothing,8,61.37,0.1,63,Credit Card,Houston
ORD-101094,8/23/2023,Mug,Home & Kitchen,7,117.21,0.2,32,Apple Pay,New York
ORD-105786,5/19/2023,T-Shirt,Clothing,2,88.63,0,29,Apple Pay,Online
ORD-106750,1/6/2023,History Book,Books,4,,0.05,41,Credit Card,Houston
ORD-109232,5/20/2023,Lip Balm,Beauty,7,57.12,0,72,Cash,Houston
ORD-104488,6/26/2023,Monitor,Electronics,7,476.76,0.2,41,Cash,Houston
ORD-100161,7/31/2023,Lip Balm,Beauty,9,445.81,0,21,Credit Card,New York
ORD-100204,11/15/2023,Lip Balm,Beauty,7,460.82,0.1,57,Apple Pay,Chicago
ORD-107503,11/3/2023,Sunscreen,Beauty,6,241.7,0.05,26,Cash,Los Angeles
ORD-106282,4/4/2023,Socks,clothing,5,411.35,0,25,Cash,New York
ORD-104934,2/20/2023,Biography,Books,5,433.73,0.05,33,Apple Pay,Chicago
ORD-102935,5/27/2023,Jacket,Clothing,5,209.96,0.2,48,Debit Card,Chicago
ORD-107801,10/13/2023,Socks,Clothing,2,474.05,0.05,72,Cash,Los Angeles
ORD-102436,9/2/2023,Perfume,Beauty,1,236.43,0.15,72,Debit Card,Chicago
ORD-101231,4/13/2023,Blender,Home & Kitchen,4,319.64,0.05,24,Cash,Online
ORD-109897,5/5/2023,Jacket,Clothing,5,233.77,0.1,32,PayPal,New York
ORD-103047,12/12/2023,Shampoo,Beauty,3,124.95,0.1,150,PayPal,Los Angeles
ORD-109945,6/22/2023,Sunscreen,Beauty,9,9999.99,0.2,49,Cash,Online
ORD-106101,6/15/2023,Cookware Set,Home & Kitchen,7,190.35,0.05,23,Apple Pay,Online
ORD-108170,4/18/2023,Air Fryer,Home & Kitchen,9,327.9,0.05,25,Debit Card,Los Angeles
ORD-106850,2023-13-45,Perfume,Beauty,5,254.87,0.1,54,Apple Pay,Chicago
ORD-104252,4/17/2023,Mechanical Keyboard,Electronics,2,0,0.1,58,PayPal,Phoenix
ORD-109070,5/2/2023,Mechanical Keyboard,Electronics,5,492.17,0,21,Apple Pay,Online
ORD-103294,2023-13-45,History Book,Books,4,88.36,0.05,36,Credit Card,New York
ORD-104035,4/29/2023,Blender,Home & Kitchen,0,478.7,0.15,70,Cash,Chicago
ORD-102726,12/25/2023,Mug,Home & Kitchen,3,14.14,0,38,Cash,New York
ORD-104291,5/11/2023,Python Guide,Books,3,121.8,0.05,52,Apple Pay,CHICAGO
ORD-104335,12/16/2023,Shampoo,Beauty,4,309.51,0.1,65,Cash,New York
ORD-109260,11/4/2023,Hoodie,Clothing,1,273.54,0.1,,Apple Pay,Houston
ORD-103878,6/6/2023,Mug,Home & Kitchen,2,38.5,0,33,Apple Pay,Los Angeles
ORD-105791,1/20/2023,Air Fryer,Home & Kitchen,2,123.36,0.1,-5,Apple Pay,Online
ORD-109937,4/25/2023,Socks,Clothing,7,358.19,0.15,73,Debit Card,Los Angeles
ORD-104754,3/22/2023,Lip Balm,Beauty,4,167.79,0.15,45,Credit Card,Chicago
ORD-104887,4/17/2023,Jeans,Clothing,5,385.03,0,45,PayPal,New York
ORD-100858,7/6/2023,Headphones,Electronics,6,217.35,0.2,24,Credit Card,New York
ORD-107906,9/17/2023,T-Shirt,Clothing,2,462.5,0.1,22,Debit Card,Chicago
ORD-108621,1/27/2023,Perfume,Beauty,9,168.61,0.15,39,PayPal,Los Angeles
ORD-102562,11/9/2023,Hoodie,Clothing,7,310.69,0.15,39,Cash,Phoenix
ORD-103802,3/28/2023,Wireless Mouse,Electronics,4,46.23,0.1,44,PayPal,Chicago
ORD-102641,5/20/2023,Blender,Home & Kitchen,1,147.89,0.15,53,Debit Card,Online
ORD-105456,2/27/2023,Coffee Maker,Home & Kitchen,3,170.71,0,72,Cash,Houston
ORD-105969,2/7/2023,Wireless Mouse,Electronics,9,423.12,0,57,Debit Card,Los Angeles
ORD-104491,1/1/2023,USB-C Cable,Electronics,N/A,369.19,0.2,71,Credit Card,Chicago
ORD-102348,4/30/2023,Data Science 101,Books,3,168.74,0,36,Apple Pay,Phoenix
ORD-100650,3/24/2023,Moisturizer,beauty,2,8.01,0.1,55,Cash,Chicago
ORD-102782,3/3/2023,Cookware Set,Home & Kitchen,2,180.18,0.05,67,Credit Card,Houston
ORD-106028,5/22/2023,Fiction Novel,Books,5,77.12,0.15,48,Apple Pay,Chicago
ORD-109305,4/3/2023,Data Science 101,Books,8,355.51,0.2,32,Debit Card,Houston
ORD-108935,9/29/2023,Jeans,Clothing,2,367.81,0.1,25,Credit Card,New York
ORD-107619,8/10/2023,Air Fryer,Home & Kitchen,8,42.02,0.1,61,Apple Pay,Chicago
ORD-100616,11/11/2023,Biography,Books,3,16.56,0.2,32,Cash,Phoenix
ORD-108695,9/21/2023,USB-C Cable,Electronics,8,299.83,0,50,Cash,Chicago
ORD-102576,7/20/2023,USB-C Cable,Electronics,6,119.74,0,52,Cash,New York
ORD-100054,12/15/2023,Coffee Maker,Home & Kitchen,9,333.43,0.05,63,Apple Pay,LOS ANGELES
ORD-103341,6/6/2023,Blender,Home & Kitchen,8,396.19,0.2,52,Cash,Phoenix
ORD-107498,9/29/2023,Coffee Maker,Home & Kitchen,9,387.56,0.2,22,Cash,Online
ORD-101706,6/10/2023,Biography,Books,6,171.99,0.05,Unknown,Apple Pay,Houston
ORD-109330,4/2/2023,Air Fryer,Home & Kitchen,1,270.78,0,60,Cash,Los Angeles
ORD-105827,12/1/2023,Data Science 101,Books,9,104.76,0.1,55,Apple Pay,Online
ORD-101494,2/20/2023,History Book,Books,3,320.36,0.05,42,Credit Card,online
ORD-109191,3/3/2023,Socks,Clothing,9,50000,0.05,35,Credit Card,Online
ORD-106007,7/6/2023,Blender,Home & Kitchen,3,132.42,0.2,42,Credit Card,Phoenix
ORD-100804,8/2/2023,USB-C Cable,Electronics,9,104.54,0.2,60,Debit Card,Chicago
ORD-104954,6/29/2023,History Book,Books,7,9999.99,0.15,25,Apple Pay,Los Angeles
ORD-109857,8/7/2023,Jacket,Clothing,6,325.74,0.05,38,Apple Pay,Houston
ORD-107572,5/25/2023,Hoodie,Clothing,3,460.08,0.05,38,PayPal,New York
ORD-100991,10/18/2023,Cookware Set,Home & Kitchen,5,429.31,0,37,,Houston
ORD-102775,11/11/2023,History Book,Books,7,151.88,0.2,24,Apple Pay,Houston
ORD-107959,9/11/2023,History Book,Books,4,95.75,0,43,PayPal,Houston
ORD-106848,9/2/2023,Blender,Home & Kitchen,7,9999.99,0.2,36,Credit Card,Houston
ORD-103514,2/3/2023,Fiction Novel,Books,1,145.03,0.15,44,Cash,Los Angeles
ORD-105842,5/25/2023,Fiction Novel,Books,8,422.03,0.2,28,Cash,Chicago
ORD-109131,6/21/2023,Hoodie,Clothing,2,158.43,0.1,52,PayPal,Online
ORD-100220,1/8/2023,Headphones,ELECTRONICS,2,434.16,0,74,Credit Card,Los Angeles
ORD-108285,9/12/2023,Lip Balm,Beauty,9,N/A,0.15,56,Cash,Phoenix
ORD-101289,8/14/2023,Lip Balm,Beauty,9,64.01,0,69,Debit Card,Los Angeles
ORD-103164,1/15/2023,Wireless Mouse,Electronics,2,396.58,0.2,67,Debit Card,Los Angeles
ORD-104679,3/27/2023,T-Shirt,Clothing,2,390.1,0,47,Credit Card,Online
ORD-102619,7/12/2023,Fiction Novel,Books,7,34.51,0,32,Apple Pay,Houston
ORD-103613,7/23/2023,Shampoo,Beauty,7,108.41,0.15,26,PayPal,Phoenix
ORD-100044,9/16/2023,Python Guide,Books,6,349.43,0.15,53,Apple Pay,Los Angeles
ORD-108257,8/6/2023,Jeans,Clothing,1,180.55,,47,Credit Card,Online
ORD-107201,3/17/2023,Mug,Home & Kitchen,4,83.65,0.05,48,Cash,Chicago
ORD-103793,5/29/2023,Wireless Mouse,Electronics,1,208.6,0.15,18,Apple Pay,New York
ORD-103572,3/9/2023,Sunscreen,Beauty,6,375.14,0.2,34,Cash,houston
ORD-107147,4/26/2023,Headphones,Electronics,9,188.24,0.1,69,Apple Pay,Phoenix
ORD-101504,12/17/2023,Moisturizer,Beauty,6,25.57,0.05,58,Credit Card,Online
ORD-105925,6/19/2023,Mug,Home & Kitchen,8,257.84,0.2,46,Cash,Phoenix
ORD-103351,3/30/2023,Mechanical Keyboard,Electronics,4,339.2,0,Unknown,Cash,Online
ORD-103440,12/7/2023,Air Fryer,Home & Kitchen,8,201.48,0.2,43,Credit Card,Los Angeles
ORD-101893,9/1/2023,Jacket,Clothing,7,305.84,0.2,71,Credit Card,New York
ORD-109601,9/3/2023,Socks,Clothing,2,267.6,0.1,46,Cash,Los Angeles
ORD-105256,12/19/2023,Hoodie,Clothing,6,495.23,0.1,-5,Cash,Phoenix
ORD-101956,2/23/2023,Monitor,Electronics,4,173.41,0.15,47,Debit Card,Houston
ORD-105168,3/3/2023,Mechanical Keyboard,Electronics,8,398,0.2,35,Apple Pay,Phoenix
ORD-104815,12/31/2023,Socks,Clothing,4,327.79,0.05,40,Apple Pay,Online
ORD-106685,5/20/2023,Hoodie,Clothing,8,336.74,0,49,Cash,Phoenix
ORD-101506,6/15/2023,Sunscreen,Beauty,8,8.51,0.1,57,Apple Pay,Online
ORD-100671,5/20/2023,Air Fryer,HOME & KITCHEN,4,392,0.2,59,Apple Pay,Houston
ORD-109172,9/1/2023,Air Fryer,Home & Kitchen,4,422.62,0,62,cash,Online
ORD-107518,4/16/2023,Monitor,Electronics,1,437.5,,37,PayPal,Phoenix
ORD-100898,10/29/2023,Moisturizer,Beauty,7,354.8,0.2,55,Cash,Houston
ORD-109813,4/23/2023,Mechanical Keyboard,Electronics,9,251.83,0.15,45,Apple Pay,Chicago
ORD-102667,7/17/2023,Fiction Novel,Books,8,281.11,0.15,62,Cash,Houston
ORD-103194,2/22/2023,Data Science 101,Books,8,196.98,0.1,54,,Online
ORD-102891,5/11/2023,Cookware Set,Home & Kitchen,7,130.67,0.15,62,PayPal,Phoenix
ORD-107587,11/21/2023,Moisturizer,Beauty,5,475.28,0,48,Apple Pay,Houston
ORD-106070,2/26/2023,Lip Balm,Beauty,4,177.41,0,19,Cash,Houston
ORD-102622,5/14/2023,Sunscreen,Beauty,9,128.78,0.15,37,Debit Card,CHICAGO
ORD-106406,3/16/2023,Sunscreen,Beauty,6,305.62,0.1,-5,Cash,Houston
ORD-106349,1/24/2023,Sunscreen,Beauty,4,181.23,0.05,54,Cash,Chicago
ORD-100003,12/26/2023,Sunscreen,Beauty,8,170.19,0.1,39,Apple Pay,Houston
ORD-102371,7/6/2023,Hoodie,Clothing,5,395.12,0.15,39,Debit Card,Los Angeles
ORD-103805,3/16/2023,Hoodie,Clothing,1,356.79,0,40,Debit Card,Online
ORD-101770,3/29/2023,Air Fryer,Home & Kitchen,9,180.02,0,36,PayPal,New York
ORD-100107,8/23/2023,Jacket,Clothing,3,444.41,0.1,35,PayPal,Online
ORD-106424,4/6/2023,Sunscreen,Beauty,7,21.5,0.05,43,Apple Pay,Chicago
ORD-100532,6/16/2023,Blender,Home & Kitchen,4,400.18,0.15,40,Cash,New York
ORD-108880,2/6/2023,Fiction Novel,Books,5,75.31,0,51,Apple Pay,Chicago
ORD-108907,5/14/2023,Biography,Books,9,119.04,0,55,Cash,Houston
ORD-107050,7/8/2023,Jeans,Clothing,2,348.9,0.1,73,PayPal,Phoenix
ORD-109731,5/18/2023,Mug,Home & Kitchen,6,50000,0.2,36,PayPal,Phoenix
ORD-103121,3/8/2023,T-Shirt,Clothing,5,445.17,0.05,32,APPLE PAY,New York
ORD-109292,3/22/2023,T-Shirt,Clothing,4,421.74,0.2,34,Cash,New York
ORD-100732,9/28/2023,Cookware Set,Home & Kitchen,9,185.36,0.1,54,Debit Card,Houston
ORD-103407,5/21/2023,Headphones,Electronics,2,399.47,0.15,19,PayPal,New York
ORD-102340,1/11/2023,Python Guide,Books,3,253.22,0.15,44,Credit Card,Houston
ORD-106361,3/28/2023,History Book,Books,6,118.41,0.05,54,Credit Card,New York
ORD-106232,3/11/2023,Data Science 101,Books,2,469.01,0.1,54,Credit Card,Chicago
ORD-102566,1/27/2023,T-Shirt,Clothing,5,378.37,0.05,50,PayPal,Phoenix
ORD-102582,9/30/2023,Data Science 101,Books,N/A,271.6,0.15,52,PayPal,Los Angeles
ORD-103835,8/14/2023,Hoodie,Clothing,7,251.57,0.1,59,PayPal,Online
ORD-108128,5/4/2023,Mug,Home & Kitchen,6,375.63,0,36,PayPal,Online
ORD-107455,9/5/2023,Lip Balm,BEAUTY,8,25.51,0.05,37,PayPal,New York
ORD-105847,12/13/2023,Monitor,Electronics,5,269.52,0.2,19,Debit Card,Phoenix
ORD-109336,2023-13-45,Socks,Clothing,8,406.5,0.15,66,PayPal,Online
ORD-109243,10/14/2023,Coffee Maker,Home & Kitchen,4,50000,0,73,Apple Pay,Phoenix
ORD-101256,5/28/2023,Lip Balm,Beauty,7,181.71,0,31,Credit Card,Houston
ORD-102105,9/30/2023,Data Science 101,Books,3,21.66,0,62,Credit Card,Houston
ORD-107182,5/20/2023,Moisturizer,Beauty,8,18.56,0,28,Apple Pay,Chicago
ORD-108370,3/15/2023,Sunscreen,Beauty,5,163.58,0.05,72,Apple Pay,Phoenix
ORD-106642,7/31/2023,Lip Balm,Beauty,2,480.54,0.1,24,PayPal,Phoenix
ORD-109422,3/1/2023,Lip Balm,Beauty,Unknown,280.96,0.1,43,Credit Card,Phoenix
ORD-104995,1/7/2023,Sunscreen,Beauty,7,231.36,0.05,70,Cash,Houston
ORD-109237,6/24/2023,Perfume,Beauty,3,352.74,0.1,72,Apple Pay,Phoenix
ORD-107294,1/12/2023,Monitor,Electronics,2,331.05,0.15,56,Debit Card,Online
ORD-105058,5/6/2023,T-Shirt,Clothing,5,Unknown,0.1,45,Credit Card,New York
ORD-107540,8/11/2023,Air Fryer,Home & Kitchen,1,440.18,0.2,39,Cash,Chicago
ORD-104435,1/17/2023,Data Science 101,Books,3,Unknown,0.05,49,PayPal,Chicago
ORD-103485,7/18/2023,Jeans,Clothing,5,341.63,0.05,55,Cash,New York
ORD-109776,9/1/2023,Sunscreen,Beauty,6,206.51,0.15,58,Cash,Chicago
ORD-105319,4/22/2023,T-Shirt,Clothing,9,359.7,0,38,Apple Pay,Phoenix
ORD-103817,3/29/2023,Biography,Books,1,59.44,0.2,38,Credit Card,New York
ORD-106106,3/13/2023,Blender,HOME & KITCHEN,8,254.34,0.1,54,Cash,Phoenix
ORD-109276,5/11/2023,Shampoo,Beauty,4,97.26,0.15,39,CASH,Chicago
ORD-102547,12/12/2023,Data Science 101,Books,1,116.32,0.1,63,Debit Card,Los Angeles
ORD-105917,9/13/2023,Socks,Clothing,7,95.77,0.1,50,Debit Card,Online
ORD-101622,3/27/2023,Air Fryer,Home & Kitchen,7,143.48,0,69,Apple Pay,Houston
ORD-109703,5/16/2023,Mug,Home & Kitchen,4,189.94,0.2,38,Credit Card,Los Angeles
ORD-106729,9/5/2023,Lip Balm,BEAUTY,1,482.35,0.2,71,Cash,Houston
ORD-107632,5/21/2023,Blender,Home & Kitchen,3,470.96,0.1,22,Credit Card,Chicago
ORD-109167,8/23/2023,Lip Balm,Beauty,2,402.2,0.2,39,Cash,Los Angeles
ORD-101097,7/15/2023,History Book,Books,4,103.71,0,51,Credit Card,Phoenix
ORD-107173,4/22/2023,Cookware Set,Home & Kitchen,9,214.46,0,31,Apple Pay,Phoenix
ORD-109764,2/23/2023,USB-C Cable,Electronics,3,398.82,0,44,Debit Card,New York
ORD-107244,3/13/2023,Jeans,Clothing,6,214.63,0.15,64,PayPal,Chicago
ORD-102464,10/27/2023,Moisturizer,Beauty,4,316.41,0.2,46,Debit Card,Los Angeles
ORD-107622,2/27/2023,Sunscreen,Beauty,3,139.94,0.05,65,Credit Card,Los Angeles
ORD-101789,10/6/2023,Cookware Set,Home & Kitchen,9,465.29,0,71,Apple Pay,New York
ORD-100251,3/2/2023,Python Guide,Books,1,209.33,0.1,57,Credit Card,Online
ORD-109212,2023-13-45,Wireless Mouse,Electronics,5,286.83,0.1,59,Debit Card,New York
ORD-106605,7/26/2023,Shampoo,Beauty,6,209.14,0.2,61,Debit Card,Los Angeles
ORD-106624,11/30/2023,Mechanical Keyboard,Electronics,2,150.57,0.2,66,Debit Card,Houston
ORD-100193,6/8/2023,Moisturizer,Beauty,6,411.52,0.15,62,Credit Card,los angeles
ORD-100821,9/3/2023,USB-C Cable,ELECTRONICS,7,33.58,0.1,71,Debit Card,New York
ORD-109917,7/5/2023,History Book,Books,4,483.01,0.1,58,PayPal,Los Angeles
ORD-108759,12/31/2023,Jeans,Clothing,2,50000,0,61,Cash,Los Angeles
ORD-107667,6/2/2023,Jeans,Clothing,9,499.41,0.15,57,Cash,Los Angeles
ORD-106719,2/25/2023,Data Science 101,Books,8,436.25,,67,Credit Card,Houston
ORD-104401,10/20/2023,Mechanical Keyboard,Electronics,1,19.92,0.05,18,Debit Card,Houston
ORD-107506,8/10/2023,Python Guide,Books,3,195.52,0.1,42,PayPal,Los Angeles
ORD-105389,8/6/2023,Lip Balm,Beauty,5,389.37,0,150,PayPal,Houston
ORD-104167,9/10/2023,Fiction Novel,Books,3,36.66,0.1,18,Cash,Houston
ORD-104952,10/14/2023,Jacket,Clothing,5,278.18,0.15,49,Credit Card,Houston
ORD-102688,7/12/2023,Socks,Clothing,2,474.68,0.2,67,Cash,Online
ORD-104391,4/24/2023,Blender,Home & Kitchen,1,394.15,0.05,61,Debit Card,Online
ORD-107360,4/26/2023,USB-C Cable,Electronics,3,426.37,0,150,PayPal,Online
ORD-108172,8/8/2023,Jacket,Clothing,6,Unknown,0.15,44,PayPal,Los Angeles
ORD-104928,6/10/2023,USB-C Cable,Electronics,3,469.47,0.1,45,PayPal,Online
ORD-107183,7/13/2023,Air Fryer,Home & Kitchen,1,139.28,0.2,32,Credit Card,Chicago
ORD-105553,3/5/2023,Wireless Mouse,Electronics,7,404.14,0,34,Cash,Houston
ORD-102608,3/18/2023,Biography,Books,7,463.14,0,42,PayPal,Los Angeles
ORD-107954,5/9/2023,Data Science 101,Books,9,383.33,0.1,31,Cash,New York
ORD-100239,2/3/2023,Fiction Novel,Books,4,251.55,0,54,PayPal,Phoenix
ORD-104016,10/27/2023,Coffee Maker,Home & Kitchen,5,233.98,0.2,72,Apple Pay,New York
ORD-109537,4/22/2023,Cookware Set,Home & Kitchen,7,362.66,0.15,46,Cash,Phoenix
ORD-102978,5/20/2023,Air Fryer,Home & Kitchen,2,250.86,0.2,38,Credit Card,Los Angeles
ORD-106089,1/15/2023,Hoodie,Clothing,1,193.31,0.1,25,Debit Card,Phoenix
ORD-106984,1/30/2023,Jeans,Clothing,3,351.46,0.1,55,Cash,Houston
ORD-106496,2/23/2023,Biography,Books,3,13.1,0.2,60,Cash,Los Angeles
ORD-105474,3/30/2023,Data Science 101,Books,7,52.29,0.05,58,PayPal,Los Angeles
ORD-100946,10/10/2023,Monitor,Electronics,8,409.62,0,150,Apple Pay,Phoenix
ORD-108604,8/14/2023,Sunscreen,Beauty,6,205.12,0.15,48,Cash,New York
ORD-108186,4/12/2023,Monitor,Electronics,6,37.3,0.05,42,Cash,Online
ORD-105098,3/1/2023,Fiction Novel,BOOKS,1,145.92,0,46,Apple Pay,New York
ORD-107258,3/19/2023,Mug,Home & Kitchen,8,200.86,0,29,Cash,HOUSTON
ORD-106189,5/17/2023,Socks,Clothing,N/A,185.41,0,68,Cash,Los Angeles
ORD-103553,5/17/2023,T-Shirt,Clothing,6,171.74,0.1,24,Apple Pay,Houston
ORD-103663,9/26/2023,Biography,Books,4,164.67,0.15,59,Cash,Chicago
ORD-103361,11/24/2023,Jeans,Clothing,1,139.95,0.1,64,Cash,New York
ORD-105922,6/17/2023,Perfume,Beauty,3,50000,0.05,27,Apple Pay,Phoenix
ORD-105629,12/10/2023,Hoodie,Clothing,4,265.17,0.1,72,Credit Card,Houston
ORD-102411,7/28/2023,Lip Balm,Beauty,2,350.62,0.2,28,Credit Card,Houston
ORD-107977,8/25/2023,Mug,Home & Kitchen,3,490.34,0.1,57,PayPal,Chicago
ORD-104508,1/25/2023,Data Science 101,Books,2,172.96,0.1,999,Cash,Phoenix
ORD-108709,3/25/2023,Headphones,Electronics,9,369.92,0.1,,Apple Pay,Chicago
ORD-103983,3/14/2023,Fiction Novel,Books,8,43.66,0.2,45,Cash,New York
ORD-100147,5/31/2023,Blender,Home & Kitchen,3,270.95,0.1,71,Debit Card,Chicago
ORD-107090,11/14/2023,Air Fryer,Home & Kitchen,4,171.9,0.05,150,PayPal,Los Angeles
ORD-102295,6/21/2023,Air Fryer,Home & Kitchen,2,132.13,0,20,Debit Card,Chicago
ORD-102254,4/18/2023,T-Shirt,Clothing,8,363.81,0,32,Apple Pay,New York
ORD-103612,Invalid_Date,Mechanical Keyboard,Electronics,4,139.58,0.2,56,Credit Card,Chicago
ORD-105354,1/19/2023,Data Science 101,Books,1,406.61,0.05,51,Cash,Chicago
ORD-101737,11/9/2023,History Book,Books,4,457.8,,27,Apple Pay,Houston
ORD-108197,11/12/2023,Perfume,Beauty,1,68.94,0.05,73,PayPal,Los Angeles
ORD-109394,6/5/2023,Jacket,Clothing,7,188.91,0.2,40,PayPal,Los Angeles
ORD-100115,11/13/2023,Shampoo,Beauty,4,Unknown,0,56,Credit Card,New York
ORD-109124,Invalid_Date,Air Fryer,Home & Kitchen,9,345.13,0,36,Debit Card,Phoenix
ORD-107497,5/12/2023,Mug,Home & Kitchen,5,454.85,0.1,51,Credit Card,New York
ORD-109757,3/28/2023,Mug,Home & Kitchen,7,17.16,0.05,52,Cash,Phoenix
ORD-100499,5/4/2023,USB-C Cable,Electronics,6,495.61,0.1,56,,Online
ORD-107996,1/15/2023,Cookware Set,Home & Kitchen,7,380.4,0.2,34,PayPal,New York
ORD-100721,12/12/2023,Air Fryer,Home & Kitchen,1,224.96,0,35,Credit Card,Los Angeles
ORD-107655,10/4/2023,Mug,Home & Kitchen,1,465.84,0.15,67,Credit Card,Phoenix
ORD-109368,3/7/2023,Blender,Home & Kitchen,1,Unknown,0,21,PayPal,Houston
ORD-107938,4/22/2023,Mug,Home & Kitchen,8,201.63,0.05,63,Debit Card,New York
ORD-106536,10/22/2023,Fiction Novel,Books,9,407.55,0.15,45,Cash,New York
ORD-103090,2/24/2023,Perfume,Beauty,3,199.02,,25,Cash,Online
ORD-107699,7/22/2023,Sunscreen,Beauty,8,N/A,0.1,38,Cash,New York
ORD-107785,1/3/2023,Wireless Mouse,Electronics,7,99.36,0.05,33,Debit Card,New York
ORD-108244,9/29/2023,Air Fryer,Home & Kitchen,4,N/A,0,63,Debit Card,Houston
ORD-100597,5/20/2023,Lip Balm,Beauty,3,180.61,0.2,58,Credit Card,Chicago
ORD-109471,1/7/2023,Socks,Clothing,4,439.6,0.15,48,Debit Card,Houston
ORD-106498,12/16/2023,Coffee Maker,Home & Kitchen,5,341.4,0.05,,Cash,Houston
ORD-108184,3/24/2023,History Book,Books,4,433.24,0,53,Credit Card,Phoenix
ORD-105165,12/26/2023,Python Guide,Books,1,476.59,0.05,37,Cash,New York
ORD-101648,10/7/2023,Air Fryer,Home & Kitchen,0,44.63,0.1,26,Credit Card,Los Angeles
ORD-106537,11/5/2023,USB-C Cable,Electronics,3,328.29,0.2,67,Apple Pay,New York
ORD-107378,3/25/2023,Coffee Maker,Home & Kitchen,8,348.15,0.1,47,Credit Card,New York
ORD-102701,8/27/2023,Moisturizer,Beauty,7,414.34,0,24,Cash,Online
ORD-107911,6/21/2023,Air Fryer,Home & Kitchen,6,309.16,0.15,50,Credit Card,Los Angeles
ORD-101701,Invalid_Date,Python Guide,Books,9,206.17,0,18,Apple Pay,New York
ORD-109210,11/19/2023,Cookware Set,Home & Kitchen,3,167.3,0,70,Apple Pay,Houston
ORD-105405,1/13/2023,Hoodie,Clothing,4,342.32,0.2,50,Credit Card,Los Angeles
ORD-107691,1/9/2023,Headphones,electronics,7,465.28,0.05,64,Apple Pay,Online
ORD-106322,7/23/2023,Lip Balm,Beauty,9,293.58,0,19,Apple Pay,Online
ORD-102943,3/16/2023,Shampoo,Beauty,4,380.66,0.05,Unknown,Debit Card,New York
ORD-109853,12/22/2023,Air Fryer,Home & Kitchen,9,423.16,0.2,58,Cash,Chicago
ORD-100087,10/17/2023,Mechanical Keyboard,Electronics,6,319.37,0.15,48,Debit Card,Chicago
ORD-102309,12/17/2023,Headphones,Electronics,8,263.73,0.1,56,Debit Card,Phoenix
ORD-102678,8/15/2023,Headphones,Electronics,2,63.34,0.05,48,Debit Card,Phoenix
ORD-108462,9/7/2023,History Book,Books,3,277.06,0,40,PayPal,phoenix
ORD-108442,2/1/2023,Mug,Home & Kitchen,6,203.62,0.05,67,Credit Card,Los Angeles
ORD-102595,6/29/2023,T-Shirt,Clothing,1,134.57,0.2,54,Credit Card,New York
ORD-108571,8/10/2023,Jacket,Clothing,8,159.3,0.1,,Debit Card,Houston
ORD-101030,9/23/2023,Sunscreen,Beauty,9,14.1,0.15,200,PayPal,Los Angeles
ORD-100137,9/7/2023,Data Science 101,Books,8,15.98,0.05,71,PayPal,Online
ORD-107285,9/5/2023,Jeans,Clothing,9,299.02,0,24,Credit Card,Chicago
ORD-100953,3/11/2023,Jacket,Clothing,9,198.11,0,60,Credit Card,New York
ORD-102855,10/2/2023,Wireless Mouse,Electronics,3,411.43,0.15,72,Apple Pay,Online
ORD-104410,12/20/2023,T-Shirt,Clothing,7,227.35,0.1,41,Cash,Los Angeles
ORD-101201,4/23/2023,Perfume,Beauty,8,402.19,0.2,60,Apple Pay,Online
ORD-104718,8/24/2023,Moisturizer,Beauty,5,83.01,0.2,24,Credit Card,Houston
ORD-109800,1/20/2023,Jacket,Clothing,4,460.88,0,70,PAYPAL,Los Angeles
ORD-107033,8/22/2023,Air Fryer,Home & Kitchen,9,34.38,0.2,19,Apple Pay,Houston
ORD-100567,8/10/2023,Mechanical Keyboard,Electronics,9,153.46,0,21,Credit Card,Houston
ORD-107886,8/24/2023,Air Fryer,Home & Kitchen,5,26.1,0.05,21,PayPal,New York
ORD-105431,8/7/2023,Wireless Mouse,Electronics,2,365.74,0,32,Cash,Chicago
ORD-105869,12/29/2023,Jeans,Clothing,5,57.96,0.05,54,Apple Pay,Los Angeles
ORD-103928,9/12/2023,Socks,Clothing,8,100.92,0.2,70,Credit Card,Chicago
ORD-109281,4/26/2023,Fiction Novel,Books,1,35.32,0.2,44,Credit Card,Online
ORD-108087,3/9/2023,Coffee Maker,Home & Kitchen,1,225.57,0.1,36,Apple Pay,Chicago
ORD-108304,12/29/2023,Headphones,Electronics,5,42.62,0.2,70,Debit Card,Online
ORD-108421,5/4/2023,Wireless Mouse,Electronics,4,363,0.15,29,Credit Card,Houston
ORD-109144,9/11/2023,Perfume,Beauty,2,260.38,0.15,44,PayPal,Houston
ORD-107774,9/18/2023,Socks,Clothing,1,411.17,0.05,58,Debit Card,Phoenix
ORD-109178,5/20/2023,Cookware Set,Home & Kitchen,5,151.56,0.15,73,PayPal,Houston
ORD-108521,11/3/2023,Mechanical Keyboard,Electronics,5,170.98,0.1,67,Credit Card,Chicago
ORD-102331,3/10/2023,Coffee Maker,Home & Kitchen,8,365.59,0,,Debit Card,Houston
ORD-103516,12/26/2023,Blender,Home & Kitchen,8,130.67,0.2,46,Credit Card,Los Angeles
ORD-102188,4/15/2023,Shampoo,Beauty,9,206.97,0,27,Debit Card,Chicago
ORD-100196,4/25/2023,Monitor,Electronics,2,11.04,0.1,53,PayPal,Houston
ORD-107734,4/28/2023,Headphones,Electronics,4,20.7,0.15,36,Cash,Phoenix
ORD-106042,9/17/2023,Sunscreen,Beauty,7,71.82,0,25,Credit Card,Phoenix
ORD-105060,1/15/2023,Hoodie,Clothing,1,434.94,0.2,61,PayPal,New York
ORD-100803,1/18/2023,Python Guide,Books,5,393.07,0.05,39,PayPal,Chicago
ORD-105716,11/27/2023,T-Shirt,Clothing,8,167.14,0.15,47,PayPal,Houston
ORD-106785,7/7/2023,Mug,Home & Kitchen,6,100.69,0.05,150,Cash,Online
ORD-100242,11/5/2023,Mechanical Keyboard,Electronics,2,302.26,0.05,62,Debit Card,Houston
ORD-102069,6/29/2023,Moisturizer,Beauty,5,240.27,0.2,21,Cash,Los Angeles
ORD-107883,10/2/2023,History Book,Books,2,30.55,0.15,23,Cash,Los Angeles
ORD-109003,8/18/2023,Data Science 101,Books,4,281.94,0.05,20,Cash,Chicago
ORD-100645,1/1/2023,USB-C Cable,Electronics,4,417.9,0.2,30,Cash,Los Angeles
ORD-109652,6/4/2023,Shampoo,Beauty,3,443.39,0.05,24,Credit Card,Los Angeles
ORD-105104,7/30/2023,History Book,Books,8,196.46,0.1,61,PayPal,Los Angeles
ORD-105461,12/4/2023,Headphones,Electronics,7,153.58,0.05,52,Apple Pay,Houston
ORD-101638,4/23/2023,Coffee Maker,Home & Kitchen,6,344.17,0.15,,Credit Card,Online
ORD-100121,5/24/2023,Python Guide,Books,6,294.24,0,28,Debit Card,Phoenix
ORD-105874,11/27/2023,Jacket,Clothing,3,45.03,0.1,29,Cash,Houston
ORD-102982,3/27/2023,Biography,Books,8,86.5,0.05,56,Credit Card,New York
ORD-105070,8/3/2023,Fiction Novel,Books,8,398.03,0.1,999,Cash,Los Angeles
ORD-103075,2/23/2023,Wireless Mouse,Electronics,1,477.31,0.15,200,Cash,New York
ORD-109194,1/8/2023,Mechanical Keyboard,Electronics,3,296.59,0.2,22,Credit Card,Online
ORD-103279,8/7/2023,Wireless Mouse,Electronics,9,9999.99,0.15,48,PayPal,Houston
ORD-102136,8/9/2023,Cookware Set,Home & Kitchen,6,182.12,0.2,70,Debit Card,Los Angeles
ORD-106769,10/17/2023,USB-C Cable,Electronics,9,286.11,,72,PayPal,Houston
ORD-104971,12/15/2023,Jeans,Clothing,1,448.7,0.15,53,PayPal,Online
ORD-109057,8/6/2023,Cookware Set,Home & Kitchen,6,113.01,0.1,32,Cash,Phoenix
ORD-100135,7/24/2023,Sunscreen,Beauty,1,477.26,0.15,18,Cash,Houston
ORD-104352,1/6/2023,Shampoo,Beauty,7,198.41,0.2,65,Apple Pay,Chicago
ORD-105325,11/27/2023,Monitor,Electronics,8,438.71,0,64,Cash,Houston
ORD-109931,5/9/2023,Data Science 101,Books,6,17.75,0.2,68,Apple Pay,online
ORD-106569,9/30/2023,Monitor,Electronics,7,22.62,0.1,69,Debit Card,Phoenix
ORD-102560,6/29/2023,Air Fryer,Home & Kitchen,9,489.4,0,27,PayPal,los angeles
ORD-100063,4/5/2023,Data Science 101,Books,1,278.62,0.1,50,Debit Card,Houston
ORD-101359,2/26/2023,Data Science 101,Books,5,-1,0.1,29,Apple Pay,Los Angeles
ORD-106985,6/11/2023,Headphones,Electronics,4,-5,0.15,65,Debit Card,Los Angeles
ORD-108206,Invalid_Date,Mug,Home & Kitchen,3,474.12,0.2,41,Debit Card,Chicago
ORD-106214,2/4/2023,Data Science 101,books,4,344.16,0.15,67,Cash,New York
ORD-102468,1/15/2023,Air Fryer,Home & Kitchen,7,257.48,0.1,25,Cash,Houston
ORD-100680,2/18/2023,History Book,BOOKS,3,335.1,0.05,70,PayPal,Online
ORD-107247,2/24/2023,Python Guide,Books,5,464.04,0.2,42,Credit Card,Phoenix
ORD-100742,2/16/2023,Cookware Set,Home & Kitchen,3,94.9,0.15,56,DEBIT CARD,Houston
ORD-105308,10/25/2023,Fiction Novel,Books,8,9999.99,0.2,22,Apple Pay,Houston
ORD-107192,12/13/2023,Perfume,Beauty,5,152.08,0.05,21,Apple Pay,New York
ORD-103642,11/21/2023,Shampoo,Beauty,8,401.49,0.05,29,,Los Angeles
ORD-100445,3/6/2023,Shampoo,Beauty,8,269.98,0.2,38,PayPal,Houston
ORD-108410,12/5/2023,USB-C Cable,Electronics,1,459.41,0.15,18,Credit Card,Chicago
ORD-103259,7/25/2023,Blender,Home & Kitchen,3,110.54,0.05,44,Debit Card,New York
ORD-104664,12/22/2023,Jacket,Clothing,6,106.32,0.2,68,PayPal,Phoenix
ORD-101874,7/22/2023,Python Guide,Books,2,-1,0,31,Credit Card,Houston
ORD-108318,1/4/2023,Moisturizer,Beauty,1,50000,0.05,18,Cash,Chicago
ORD-102597,4/30/2023,Moisturizer,Beauty,3,176.79,0,42,Cash,Los Angeles
ORD-101718,12/1/2023,Perfume,Beauty,4,119.98,0.05,53,Debit Card,Houston
ORD-102913,3/12/2023,History Book,Books,4,206.53,0.15,55,Debit Card,Online
ORD-102844,5/29/2023,USB-C Cable,Electronics,1,218.95,0.05,57,PayPal,Houston
ORD-104028,1/17/2023,Monitor,Electronics,4,-5,0.2,46,Credit Card,Los Angeles
ORD-105489,9/26/2023,T-Shirt,Clothing,4,9999.99,0.15,47,Credit Card,Houston
ORD-108891,2/15/2023,Jeans,Clothing,6,326.75,0.15,57,Apple Pay,New York
ORD-104486,9/10/2023,Socks,Clothing,4,427.19,0.15,999,Credit Card,Los Angeles
ORD-102557,12/2/2023,Perfume,Beauty,1,454.87,0,-1,Debit Card,Los Angeles
ORD-100490,3/12/2023,Sunscreen,Beauty,4,N/A,0.15,46,Apple Pay,Los Angeles
ORD-100494,5/20/2023,Blender,Home & Kitchen,1,320.06,0.2,29,Credit Card,New York
ORD-100691,11/27/2023,Headphones,Electronics,3,16.68,0,40,Cash,Los Angeles
ORD-104382,11/24/2023,Moisturizer,Beauty,8,493.58,0.05,31,Cash,Chicago
ORD-103822,9/12/2023,Headphones,Electronics,9,199.51,0,25,Debit Card,Houston
ORD-100603,5/20/2023,Moisturizer,Beauty,5,65.89,0,40,PayPal,Phoenix
ORD-101912,10/30/2023,Monitor,Electronics,5,64.04,0.1,50,Debit Card,LOS ANGELES
ORD-101015,2/7/2023,Shampoo,Beauty,4,9999.99,0.15,64,Cash,Chicago
ORD-106563,6/29/2023,Coffee Maker,Home & Kitchen,7,372.31,0.2,43,Cash,Online
ORD-101994,3/1/2023,USB-C Cable,Electronics,9,128.79,0.1,,Credit Card,Phoenix
ORD-106149,12/2/2023,Coffee Maker,Home & Kitchen,5,277.84,0.2,38,Debit Card,Los Angeles
ORD-103758,11/5/2023,Perfume,Beauty,1,50000,0.15,30,Apple Pay,Houston
ORD-102367,3/30/2023,Perfume,Beauty,8,273.05,0,73,PayPal,Phoenix
ORD-105284,2/6/2023,Headphones,Electronics,8,11.74,0.05,21,PayPal,Chicago
ORD-104371,9/23/2023,Jeans,Clothing,9,107.24,0.1,19,Cash,Phoenix
ORD-107339,12/21/2023,Perfume,Beauty,7,472.61,0,20,PayPal,Online
ORD-107471,9/8/2023,Sunscreen,Beauty,9,279.51,0.2,30,PayPal,New York
ORD-101362,8/2/2023,Data Science 101,Books,8,171.24,0.1,36,Cash,New York
ORD-106380,4/16/2023,Socks,Clothing,6,498.68,0.15,50,Cash,New York
ORD-101527,6/27/2023,Jacket,Clothing,8,361.4,0.2,49,Debit Card,Phoenix
ORD-101328,1/27/2023,Hoodie,Clothing,9,399.91,0.15,33,PayPal,Online
ORD-109864,8/15/2023,Headphones,electronics,6,157.47,0.1,52,Apple Pay,Phoenix
ORD-109354,7/10/2023,Python Guide,Books,1,268.65,0.2,48,Credit Card,Online
ORD-101552,12/14/2023,Shampoo,Beauty,3,105.03,0.1,60,Credit Card,Online
ORD-106913,3/7/2023,Jeans,Clothing,2,397.71,0.15,62,Credit Card,Chicago
ORD-109978,3/17/2023,Data Science 101,Books,2,433.33,0.15,72,Credit Card,Chicago
ORD-101338,1/10/2023,Headphones,Electronics,7,9999.99,0.1,68,Credit Card,Phoenix
ORD-103902,6/4/2023,Coffee Maker,Home & Kitchen,9,267.09,0.1,999,Cash,Houston
ORD-103011,5/20/2023,Socks,Clothing,9,355.19,0.2,50,PayPal,Houston
ORD-105042,10/6/2023,Biography,Books,7,35.8,0.05,67,Apple Pay,New York
ORD-109847,6/19/2023,Socks,Clothing,9,108,0.15,22,PayPal,New York
ORD-102251,11/29/2023,Perfume,Beauty,7,320.51,0.15,64,PayPal,Los Angeles
ORD-106970,11/14/2023,Coffee Maker,HOME & KITCHEN,6,356.4,0,50,PayPal,Los Angeles
ORD-105040,5/20/2023,T-Shirt,Clothing,7,138.91,0.2,70,Debit Card,New York
ORD-102347,8/3/2023,Mechanical Keyboard,Electronics,N/A,134.97,0.2,32,Apple Pay,Chicago
ORD-109557,2023-13-45,Jacket,Clothing,4,367.51,0,44,PayPal,Los Angeles
ORD-105486,12/30/2023,Monitor,Electronics,2,421,0.15,47,PayPal,Houston
ORD-102785,11/30/2023,Monitor,Electronics,4,161.9,0.05,53,PayPal,Online
ORD-105695,11/15/2023,Shampoo,Beauty,2,350.8,0.2,61,Debit Card,Los Angeles
ORD-105120,4/24/2023,Biography,Books,7,144.75,0.05,37,Apple Pay,Phoenix
ORD-109053,8/14/2023,Hoodie,Clothing,2,372.78,0.05,30,PayPal,Chicago
ORD-105556,7/20/2023,Sunscreen,Beauty,6,108.91,0.2,36,Credit Card,Phoenix
ORD-105600,10/27/2023,USB-C Cable,Electronics,2,449.67,0,55,Apple Pay,Phoenix
ORD-107123,9/21/2023,Headphones,Electronics,8,488.39,0.05,,Cash,Los Angeles
ORD-100151,5/13/2023,Fiction Novel,Books,5,276.61,0,N/A,Apple Pay,Houston
ORD-102805,2/3/2023,Shampoo,Beauty,7,130.02,0,48,PayPal,Online
ORD-106262,3/15/2023,Python Guide,Books,7,375.67,0.1,33,PayPal,New York
ORD-102087,8/17/2023,Sunscreen,Beauty,5,191.74,0.05,63,Cash,Phoenix
ORD-103752,4/26/2023,Mechanical Keyboard,Electronics,6,485.51,0.1,36,PayPal,Chicago
ORD-105613,1/27/2023,Jeans,Clothing,6,104.94,0.1,30,Apple Pay,Online
ORD-102260,10/9/2023,Monitor,Electronics,8,60.23,0.05,19,Apple Pay,Phoenix
ORD-104018,7/5/2023,Lip Balm,Beauty,1,79.16,0.2,31,PayPal,Online
ORD-106516,1/30/2023,USB-C Cable,Electronics,9,189.62,0,50,Apple Pay,Phoenix
ORD-106460,6/24/2023,Mug,Home & Kitchen,9,180.17,0.1,,Debit Card,Phoenix
ORD-102425,12/22/2023,Hoodie,Clothing,1,222.41,0,32,Debit Card,New York
ORD-104139,1/26/2023,Perfume,Beauty,5,164.38,0.1,74,Debit Card,Online
ORD-103857,10/3/2023,Shampoo,Beauty,4,135.81,0.2,61,PayPal,Chicago
ORD-100860,2/7/2023,Biography,Books,6,354.88,0.1,37,Debit Card,Online
ORD-105368,8/3/2023,Jeans,Clothing,3,49.81,0,0,PayPal,Online
ORD-108089,Invalid_Date,Mug,Home & Kitchen,7,262.11,0.1,69,Debit Card,Houston
ORD-108465,2/12/2023,Moisturizer,Beauty,6,331.12,0.05,18,Cash,Online
ORD-107799,6/4/2023,Wireless Mouse,Electronics,9,80.63,0.05,28,Cash,Online
ORD-108819,2/4/2023,Lip Balm,Beauty,3,63.86,0.2,33,Cash,los angeles
ORD-104740,7/31/2023,Cookware Set,Home & Kitchen,0,58.68,0.15,56,PayPal,Phoenix
ORD-108850,4/25/2023,Perfume,Beauty,7,298.34,0.05,22,Apple Pay,Los Angeles
ORD-104463,3/13/2023,Headphones,Electronics,7,88.76,0,35,Apple Pay,New York
ORD-105529,12/5/2023,Coffee Maker,Home & Kitchen,7,50000,0,34,PayPal,New York
ORD-101365,3/23/2023,Sunscreen,Beauty,2,328.9,0.15,25,Debit Card,Chicago
ORD-101780,1/9/2023,Blender,Home & Kitchen,7,254.61,0.2,45,Cash,New York
ORD-108413,5/9/2023,Perfume,Beauty,8,60.23,0.05,27,PayPal,Chicago
ORD-104786,1/17/2023,Jeans,Clothing,4,397.53,0.1,57,Cash,Phoenix
ORD-107579,8/3/2023,Socks,Clothing,7,35.6,0.2,33,Debit Card,Online
ORD-101819,6/5/2023,Jacket,Clothing,8,240.65,0.05,61,Credit Card,New York
ORD-100370,12/27/2023,Jacket,Clothing,5,335.15,0.05,45,Debit Card,Online
ORD-104938,8/17/2023,Cookware Set,Home & Kitchen,4,225.71,0,25,Credit Card,Houston
ORD-102705,7/21/2023,Mug,Home & Kitchen,9,327.49,0,39,Debit Card,Phoenix
ORD-105286,3/6/2023,Python Guide,Books,6,436.29,0.15,72,PayPal,Los Angeles
ORD-100176,6/27/2023,T-Shirt,Clothing,3,30.65,0.05,,Apple Pay,Online
ORD-107970,10/15/2023,Biography,Books,5,217.89,0.2,39,Apple Pay,Los Angeles
ORD-102094,6/29/2023,Air Fryer,Home & Kitchen,6,214.58,0.2,24,Credit Card,Phoenix
ORD-108752,6/11/2023,Cookware Set,Home & Kitchen,8,50000,0.2,35,Apple Pay,New York
ORD-103492,5/15/2023,Biography,Books,8,18.29,0.2,30,Debit Card,Chicago
ORD-101921,4/26/2023,Sunscreen,Beauty,6,51.56,0.15,73,Debit Card,New York
ORD-100083,6/3/2023,Cookware Set,Home & Kitchen,7,28.62,0.1,54,Debit Card,New York
ORD-100817,9/4/2023,History Book,Books,7,217.66,0.2,19,Cash,New York
ORD-108858,11/17/2023,Lip Balm,Beauty,8,25.91,0.2,150,Apple Pay,Houston
ORD-107835,2/24/2023,USB-C Cable,Electronics,8,137.07,0.05,32,PAYPAL,Chicago
ORD-104397,5/20/2023,Fiction Novel,Books,7,361.73,0.15,65,Apple Pay,Houston
ORD-107217,11/15/2023,Python Guide,Books,1,140.65,0.15,58,Cash,New York
ORD-105569,6/12/2023,Hoodie,Clothing,8,293.11,0.05,49,Credit Card,Online
ORD-100284,5/3/2023,T-Shirt,Clothing,9,198.63,0.15,46,Apple Pay,Houston
ORD-104121,1/15/2023,Fiction Novel,Books,8,N/A,0,68,PayPal,New York
ORD-107969,9/13/2023,Perfume,Beauty,1,203.64,0.2,-1,Credit Card,Los Angeles
ORD-100610,7/21/2023,Blender,Home & Kitchen,4,173.19,0.15,35,Credit Card,Online
ORD-102916,11/5/2023,Wireless Mouse,Electronics,4,243.86,0.2,40,Credit Card,Chicago
ORD-101814,12/23/2023,Wireless Mouse,Electronics,6,160.64,0.15,150,Cash,Phoenix
ORD-101272,2/4/2023,Cookware Set,Home & Kitchen,6,429.68,0.05,29,Cash,Phoenix
ORD-108613,1/15/2023,Cookware Set,Home & Kitchen,9,460.75,0,50,Cash,Los Angeles
ORD-109884,4/10/2023,Headphones,Electronics,2,499.24,0.15,150,PayPal,Phoenix
ORD-102995,7/15/2023,Wireless Mouse,Electronics,2,70.63,0,34,Credit Card,Online
ORD-109700,12/25/2023,Lip Balm,Beauty,4,405.32,0.15,200,Credit Card,Los Angeles
ORD-107149,2/18/2023,Sunscreen,Beauty,0,98.95,0.1,74,Debit Card,Phoenix
ORD-106105,7/30/2023,Mug,Home & Kitchen,2,102.66,0.2,60,PayPal,New York
ORD-107837,6/13/2023,Mechanical Keyboard,Electronics,2,76.92,0.05,69,,Chicago
ORD-102643,2/7/2023,Python Guide,Books,6,97.77,0.1,53,Debit Card,Los Angeles
ORD-107255,7/29/2023,Coffee Maker,Home & Kitchen,1,80.29,0,21,PayPal,Online
ORD-104509,3/24/2023,Shampoo,Beauty,Unknown,217.39,0.2,69,PayPal,New York
ORD-102306,5/8/2023,Perfume,Beauty,3,308.02,0.15,35,Cash,Los Angeles
ORD-109630,10/23/2023,Moisturizer,Beauty,6,150.65,0.1,29,Apple Pay,New York
ORD-106681,10/22/2023,Jacket,Clothing,8,51.34,0.1,N/A,Apple Pay,Los Angeles
ORD-104196,1/15/2023,USB-C Cable,Electronics,7,200.5,0.05,74,PayPal,Phoenix
ORD-105563,11/18/2023,Data Science 101,Books,4,481.15,0.2,68,DEBIT CARD,Chicago
ORD-104841,12/29/2023,Lip Balm,Beauty,7,88.89,0.1,66,DEBIT CARD,New York
ORD-104656,1/13/2023,Moisturizer,Beauty,3,473.94,0,30,Cash,Phoenix
ORD-108415,10/22/2023,Mug,Home & Kitchen,6,342.38,0.15,45,Debit Card,new york
ORD-104169,6/19/2023,History Book,Books,8,269.29,0.15,Unknown,Credit Card,Los Angeles
ORD-103850,9/24/2023,USB-C Cable,Electronics,5,41.36,0.2,74,Cash,Online
ORD-107792,5/26/2023,Jacket,Clothing,4,368.13,0.1,59,Credit Card,New York
ORD-109708,2/4/2023,Coffee Maker,Home & Kitchen,7,237.1,0,27,PayPal,Online
ORD-105254,1/9/2023,Python Guide,Books,4,143.11,0.15,43,Credit Card,Los Angeles
ORD-109858,11/15/2023,Hoodie,Clothing,3,141.14,0.05,28,Cash,Phoenix
ORD-105534,1/24/2023,Blender,Home & Kitchen,6,151.33,0.2,Unknown,PayPal,Chicago
ORD-102415,2/26/2023,Mug,Home & Kitchen,2,494.49,0.05,40,Apple Pay,Chicago
ORD-103555,3/2/2023,Fiction Novel,Books,3,112.3,0.05,40,Debit Card,Los Angeles
ORD-104692,2/14/2023,Monitor,Electronics,2,153.49,0.15,70,Apple Pay,Chicago
ORD-104499,6/27/2023,Lip Balm,Beauty,-1,208.4,0.1,34,Credit Card,Houston
ORD-102196,4/11/2023,USB-C Cable,Electronics,8,215.38,0.15,30,Apple Pay,New York
ORD-105046,7/15/2023,Hoodie,Clothing,2,256.61,0.15,69,Apple Pay,Phoenix
ORD-102601,9/2/2023,Shampoo,Beauty,5,130.19,0.15,59,PayPal,Chicago
ORD-101519,2023-13-45,USB-C Cable,Electronics,4,343.8,0.05,23,Apple Pay,Houston
ORD-104765,4/15/2023,Socks,Clothing,5,100.28,0.1,48,Credit Card,Houston
ORD-104315,2/9/2023,Cookware Set,Home & Kitchen,5,93.99,0.05,24,Apple Pay,Phoenix
ORD-103367,11/2/2023,Socks,Clothing,7,-1,0.15,30,Apple Pay,Los Angeles
ORD-106059,6/15/2023,Headphones,Electronics,8,243.3,0.2,39,Cash,Online
ORD-106467,Invalid_Date,Cookware Set,Home & Kitchen,6,206.8,0.05,30,PayPal,Los Angeles
ORD-107020,2023-13-45,Socks,Clothing,2,268.31,0.15,68,Credit Card,Chicago
ORD-102634,7/7/2023,Hoodie,Clothing,5,487.92,0.15,150,Apple Pay,Online
ORD-109892,6/22/2023,Blender,Home & Kitchen,3,256.48,0.1,46,Credit Card,Los Angeles
ORD-105634,11/17/2023,Headphones,Electronics,1,469.88,0.2,22,Cash,Houston
ORD-108440,12/16/2023,Data Science 101,Books,2,102.44,0.15,30,Debit Card,Houston
ORD-105923,12/16/2023,Shampoo,Beauty,2,393.21,0.15,18,CREDIT CARD,Chicago
ORD-109051,2/1/2023,Perfume,Beauty,8,149.56,0,,Credit Card,Phoenix
ORD-102435,6/16/2023,Jeans,Clothing,3,125.7,0.05,25,PayPal,Los Angeles
ORD-108523,2023-13-45,Shampoo,Beauty,7,47.82,0.2,40,Credit Card,Los Angeles
ORD-107208,6/8/2023,Jacket,Clothing,4,140.35,0.15,37,Credit Card,HOUSTON
ORD-107421,8/4/2023,Lip Balm,Beauty,2,137.24,0,69,Debit Card,Phoenix
ORD-107051,6/14/2023,Shampoo,Beauty,2,104.64,0.15,27,Cash,Chicago
ORD-106065,8/17/2023,Lip Balm,Beauty,6,221.67,0.1,39,Credit Card,Houston
ORD-104521,12/13/2023,Shampoo,Beauty,-5,191.21,0.15,57,Debit Card,New York
ORD-105588,5/29/2023,Moisturizer,Beauty,2,-1,0.2,69,Credit Card,Houston
ORD-103546,10/31/2023,Jacket,Clothing,3,422.15,0.05,40,Credit Card,Houston
ORD-106359,4/8/2023,Wireless Mouse,Electronics,8,339.74,0,70,Cash,Phoenix
ORD-106387,3/29/2023,Hoodie,Clothing,1,285.86,0.2,49,Credit Card,Online
ORD-109068,10/16/2023,Python Guide,Books,9,133.75,0.05,38,Credit Card,Phoenix
ORD-105532,1/15/2023,Mechanical Keyboard,Electronics,3,39.66,0.15,37,Cash,Online
ORD-105445,1/24/2023,Perfume,Beauty,1,60.75,0.05,50,Apple Pay,New York
ORD-100518,12/11/2023,Mug,Home & Kitchen,8,172.44,0.2,29,Apple Pay,New York
ORD-106513,5/26/2023,Monitor,Electronics,2,196.74,0.05,34,Apple Pay,Houston
ORD-106161,11/13/2023,Biography,Books,6,466.12,0.05,21,PayPal,Los Angeles
ORD-107320,8/14/2023,Blender,Home & Kitchen,2,209.63,0,32,Cash,Houston
ORD-109352,8/10/2023,Jacket,Clothing,5,443.2,0.1,35,Apple Pay,Phoenix
ORD-108330,3/18/2023,Jacket,Clothing,8,352.47,0.05,57,Apple Pay,Houston
ORD-101416,2/18/2023,History Book,Books,4,265.03,0,20,Debit Card,New York
ORD-104665,2/23/2023,Hoodie,Clothing,5,-1,0.05,18,Credit Card,Online
ORD-104457,8/10/2023,Mechanical Keyboard,Electronics,2,38.24,0.05,200,Apple Pay,Online
ORD-102762,5/28/2023,Socks,Clothing,4,205.55,0.1,61,Debit Card,New York
ORD-105912,1/3/2023,Mechanical Keyboard,Electronics,2,137.95,0.2,53,PayPal,Los Angeles
ORD-104856,4/26/2023,T-Shirt,Clothing,2,490.92,0.05,32,Apple Pay,Los Angeles
ORD-109123,2/21/2023,Coffee Maker,Home & Kitchen,5,401.6,0.05,64,PayPal,Houston
ORD-100128,5/20/2023,Biography,Books,5,18.05,0,35,Apple Pay,Online
ORD-103475,8/13/2023,Perfume,Beauty,4,41.13,0.1,60,PayPal,Online
ORD-108327,4/20/2023,Socks,Clothing,7,481.03,0.1,69,Cash,Chicago
ORD-104311,2/17/2023,T-Shirt,Clothing,1,489.07,0.05,150,Credit Card,Chicago
ORD-102439,6/12/2023,Blender,Home & Kitchen,9,372.09,0.1,31,Debit Card,Los Angeles
ORD-103766,10/5/2023,Air Fryer,Home & Kitchen,1,145.86,0.2,65,,New York
ORD-107332,12/24/2023,Jeans,Clothing,7,50000,0,67,Debit Card,Los Angeles
ORD-108512,8/8/2023,Biography,Books,2,50000,0.15,30,PayPal,Online
ORD-106227,7/15/2023,Python Guide,Books,6,475.44,0.1,58,PayPal,Phoenix
ORD-108366,1/24/2023,History Book,Books,5,377.83,,66,Apple Pay,Chicago
ORD-106078,2/2/2023,Perfume,Beauty,4,95.71,0.1,,Debit Card,Los Angeles
ORD-101474,11/29/2023,Blender,Home & Kitchen,2,125.64,0.2,59,Apple Pay,Online
ORD-104822,2/6/2023,Perfume,Beauty,7,75.73,0.15,34,APPLE PAY,Houston
ORD-107373,2/3/2023,Jeans,Clothing,2,47.19,0,52,PayPal,Chicago
ORD-103561,1/20/2023,Shampoo,Beauty,4,-5,0,40,Debit Card,Phoenix
ORD-103952,12/2/2023,Lip Balm,Beauty,9,61.58,0.1,61,Cash,Online
ORD-100050,1/9/2023,T-Shirt,Clothing,5,441.9,0,52,Debit Card,New York
ORD-105438,7/27/2023,History Book,Books,8,140.11,0,18,Apple Pay,Los Angeles
ORD-104270,3/10/2023,USB-C Cable,Electronics,5,425.97,0.05,45,PayPal,New York
ORD-100888,11/5/2023,USB-C Cable,Electronics,4,177.02,0.15,66,Credit Card,HOUSTON
ORD-106044,1/23/2023,Mug,Home & Kitchen,4,363.66,0.05,72,Credit Card,Los Angeles
ORD-102617,1/23/2023,Hoodie,Clothing,5,,0.2,71,Credit Card,Houston
ORD-100517,3/28/2023,Hoodie,Clothing,2,76.76,0.05,,Debit Card,Los Angeles
ORD-103169,3/2/2023,USB-C Cable,Electronics,9,50000,0.2,48,Debit Card,Los Angeles
ORD-102950,2/15/2023,Coffee Maker,Home & Kitchen,8,29.71,0.2,27,Cash,Phoenix
ORD-101425,9/22/2023,Jacket,Clothing,2,174.49,0.05,Unknown,Credit Card,Online
ORD-100140,10/30/2023,Moisturizer,Beauty,1,71.34,0.2,,Credit Card,Houston
ORD-101925,7/27/2023,Jacket,Clothing,9,194.55,0.05,50,PayPal,New York
ORD-102379,12/2/2023,Data Science 101,Books,4,440.16,0.1,62,Debit Card,New York
ORD-103198,2/26/2023,Hoodie,Clothing,2,42.28,0.15,50,Credit Card,Phoenix
ORD-105132,4/5/2023,Moisturizer,Beauty,6,263.52,0.05,999,Credit Card,Phoenix
ORD-100113,7/21/2023,Perfume,Beauty,6,354.02,0.05,36,Apple Pay,Chicago
ORD-104560,1/25/2023,Mug,Home & Kitchen,3,-5,0.15,48,PayPal,Online
ORD-104596,6/18/2023,Blender,Home & Kitchen,8,486.45,0.15,35,Apple Pay,Online
ORD-107776,10/31/2023,Moisturizer,Beauty,2,44.06,0.1,52,Apple Pay,Chicago
ORD-103251,8/4/2023,Lip Balm,Beauty,6,413.35,0.2,55,Debit Card,New York
ORD-104691,5/22/2023,Mug,Home & Kitchen,5,398.06,0.05,46,Debit Card,online
ORD-107890,1/1/2023,Perfume,Beauty,9,125.27,0.05,63,Cash,New York
ORD-103698,6/28/2023,Jacket,Clothing,6,,0.05,74,Credit Card,Chicago
ORD-104547,2023-13-45,Headphones,Electronics,8,33.84,0,41,Debit Card,Los Angeles
ORD-107269,8/7/2023,Headphones,Electronics,1,385.72,0,32,Debit Card,Chicago
ORD-103278,12/11/2023,Wireless Mouse,Electronics,8,445.6,0.15,26,PayPal,New York
ORD-107599,11/25/2023,Biography,Books,4,478.39,0.2,60,Cash,Los Angeles
ORD-107600,1/15/2023,Coffee Maker,Home & Kitchen,8,411.3,0.1,59,Apple Pay,Chicago
ORD-104069,3/30/2023,Fiction Novel,Books,4,432.28,0.1,36,Apple Pay,Houston
ORD-104409,1/20/2023,Headphones,Electronics,3,59.76,0.15,42,Apple Pay,Chicago
ORD-106672,4/17/2023,History Book,Books,3,387.53,0.2,68,Apple Pay,Chicago
ORD-108844,6/6/2023,Mechanical Keyboard,Electronics,4,0,0.15,28,PayPal,Chicago
ORD-107866,11/25/2023,Lip Balm,Beauty,8,483.75,0.1,150,Credit Card,Houston
ORD-103223,10/2/2023,Moisturizer,Beauty,8,468.27,0,33,Apple Pay,Online
ORD-108456,7/21/2023,Cookware Set,Home & Kitchen,4,284.37,0.1,23,Debit Card,Online
ORD-100452,2/17/2023,Lip Balm,Beauty,1,405.4,0.2,50,Cash,New York
ORD-103732,4/20/2023,Coffee Maker,Home & Kitchen,9,273.01,0.2,25,PayPal,Los Angeles
ORD-109220,10/31/2023,Mechanical Keyboard,Electronics,7,12.63,0.05,72,Apple Pay,Houston
ORD-104987,5/20/2023,Lip Balm,Beauty,6,169,0.05,33,Apple Pay,Online
ORD-103664,12/2/2023,Socks,Clothing,6,203.07,0.05,57,Apple Pay,Chicago
ORD-102764,9/3/2023,Headphones,Electronics,2,418.05,0.15,50,Apple Pay,Los Angeles
ORD-100659,1/12/2023,Socks,Clothing,7,361.72,0.05,999,PayPal,Chicago
ORD-108183,5/5/2023,Monitor,Electronics,5,393.7,0.1,56,DEBIT CARD,Houston
ORD-108181,12/4/2023,Mug,Home & Kitchen,9,228.08,0.05,56,PayPal,Online
ORD-104621,11/23/2023,Headphones,Electronics,9,117.9,0.15,38,Debit Card,New York
ORD-101000,2/23/2023,Perfume,Beauty,9,212.72,0.1,28,Apple Pay,Los Angeles
ORD-100390,9/20/2023,Coffee Maker,Home & Kitchen,9,263.63,0.15,27,Cash,New York
ORD-103408,Invalid_Date,Python Guide,Books,9,282.31,0,32,Cash,Phoenix
ORD-101477,5/6/2023,Monitor,Electronics,3,50000,0.2,23,Apple Pay,Online
ORD-102241,11/14/2023,Headphones,Electronics,8,361.61,0.05,62,Credit Card,Phoenix
ORD-102387,4/4/2023,T-Shirt,Clothing,3,386.21,0.2,24,apple pay,Phoenix
ORD-109411,11/20/2023,Python Guide,Books,9,200.04,0.15,42,PayPal,Houston
ORD-100993,3/17/2023,Jacket,Clothing,3,498.82,0,35,Cash,Chicago
ORD-104998,Invalid_Date,Biography,Books,8,334.64,0,42,Cash,Online
ORD-103923,11/3/2023,Fiction Novel,Books,6,Unknown,0.15,23,Debit Card,Online
ORD-102973,6/11/2023,Jacket,Clothing,1,270.77,0.1,74,Cash,Houston
ORD-103387,2/28/2023,Sunscreen,Beauty,2,134.11,0.2,69,PayPal,Online
ORD-108185,6/26/2023,Biography,Books,7,327.16,0.05,0,Cash,Online
ORD-109570,9/26/2023,Sunscreen,Beauty,5,492.53,0.1,-1,Apple Pay,Online
ORD-107606,7/26/2023,Air Fryer,Home & Kitchen,3,318.52,0,69,Credit Card,Online
ORD-104770,7/22/2023,Headphones,Electronics,8,-1,0.05,64,PayPal,Phoenix
ORD-101294,5/19/2023,Sunscreen,Beauty,7,384.46,0.05,,PayPal,Houston
ORD-101825,2/7/2023,Mechanical Keyboard,Electronics,3,N/A,0.05,36,Credit Card,Online
ORD-102874,5/25/2023,Fiction Novel,Books,4,366.24,0.15,67,Debit Card,Online
ORD-104174,5/20/2023,Data Science 101,Books,1,339.02,0.05,69,Debit Card,Chicago
ORD-102536,1/14/2023,Moisturizer,Beauty,6,66.68,0,67,Apple Pay,Los Angeles
ORD-109404,1/27/2023,Jeans,Clothing,1,431.46,0.05,65,Debit Card,Chicago
ORD-101908,11/17/2023,Jeans,Clothing,4,276.89,0.05,26,PayPal,Los Angeles
ORD-100043,8/28/2023,Hoodie,Clothing,2,318.6,0,26,Credit Card,New York
ORD-109774,6/13/2023,History Book,Books,4,496.88,0,32,Apple Pay,Phoenix
ORD-100369,10/16/2023,History Book,Books,8,398.78,0,36,Cash,Chicago
ORD-106034,2/21/2023,Biography,Books,6,295.51,,36,Apple Pay,Phoenix
ORD-101152,4/3/2023,Socks,Clothing,2,443.53,0.2,21,Credit Card,Chicago
ORD-101568,5/20/2023,Jeans,Clothing,7,256.34,0.15,31,Credit Card,Phoenix
ORD-106786,12/1/2023,Jacket,Clothing,7,258.03,0.1,22,Debit Card,Phoenix
ORD-106301,7/3/2023,Biography,Books,1,276.8,0.1,40,APPLE PAY,Los Angeles
ORD-109375,1/19/2023,Shampoo,Beauty,6,444.43,0.05,42,Debit Card,Houston
ORD-108019,9/13/2023,Jeans,Clothing,4,448.03,0,42,Debit Card,Chicago
ORD-104161,5/19/2023,Sunscreen,beauty,4,229.65,0.1,57,Apple Pay,Chicago
ORD-104288,5/13/2023,Perfume,Beauty,2,444.17,0.1,71,Debit Card,Houston
ORD-102231,8/15/2023,Hoodie,Clothing,3,96.54,0.05,22,Credit Card,New York
ORD-107160,4/7/2023,Sunscreen,Beauty,5,412.32,0,57,Debit Card,Online
ORD-100175,5/19/2023,Perfume,Beauty,6,292.71,0.15,30,Cash,Online
ORD-101904,10/21/2023,Jacket,Clothing,1,141.74,0.05,,PayPal,Houston
ORD-101100,8/8/2023,Headphones,Electronics,7,304.52,0.1,72,Debit Card,Phoenix
ORD-108398,5/11/2023,Cookware Set,Home & Kitchen,4,94.78,0.2,73,DEBIT CARD,New York
ORD-103409,Invalid_Date,Moisturizer,Beauty,8,262.71,0,62,PayPal,New York
ORD-101539,9/29/2023,Lip Balm,Beauty,1,22.4,0.1,33,Credit Card,Chicago
ORD-102293,11/2/2023,Mug,Home & Kitchen,4,262.68,0,39,Debit Card,New York
ORD-109576,10/20/2023,Mug,Home & Kitchen,1,149.56,0,61,Cash,Houston
ORD-101364,5/26/2023,Wireless Mouse,Electronics,7,257.99,0.1,45,PayPal,Houston
ORD-107439,10/29/2023,Monitor,Electronics,3,407.85,0.05,40,Credit Card,Houston
ORD-107068,8/7/2023,Moisturizer,Beauty,3,268.3,0.1,35,Cash,New York
ORD-105261,8/2/2023,Headphones,Electronics,3,113.3,0.2,,Cash,New York
ORD-107268,9/29/2023,Mechanical Keyboard,Electronics,5,486.66,0.05,43,Credit Card,Chicago
ORD-107519,6/1/2023,Socks,Clothing,2,28.58,0.15,28,Cash,Phoenix
ORD-100681,1/13/2023,Blender,Home & Kitchen,5,345.58,0.2,55,PayPal,Online
ORD-109593,2/14/2023,Data Science 101,Books,1,284.2,0,73,Debit Card,New York
ORD-108152,10/16/2023,Headphones,Electronics,9,107.76,0.2,54,Apple Pay,Phoenix
ORD-103665,2/1/2023,Air Fryer,Home & Kitchen,8,9999.99,0,38,Credit Card,Online
ORD-101662,12/6/2023,Biography,Books,1,263.31,0,69,Credit Card,New York
ORD-100509,12/30/2023,History Book,Books,5,39.13,0.05,47,Apple Pay,New York
ORD-100167,1/4/2023,Sunscreen,Beauty,6,126.75,0.1,47,Debit Card,Los Angeles
ORD-105498,8/26/2023,USB-C Cable,Electronics,2,199.77,0,22,Credit Card,Phoenix
ORD-108545,1/25/2023,USB-C Cable,Electronics,7,40.4,0.15,47,Apple Pay,Houston
ORD-101007,9/27/2023,Hoodie,Clothing,5,46.34,0.05,24,Debit Card,chicago
ORD-108598,12/4/2023,Monitor,Electronics,4,381.06,0.05,37,PayPal,Chicago
ORD-101915,8/9/2023,History Book,Books,4,494.66,0,42,PayPal,Houston
ORD-103495,9/30/2023,T-Shirt,Clothing,8,286.54,0.05,52,PayPal,Chicago
ORD-109923,6/24/2023,Air Fryer,Home & Kitchen,7,288.03,0.2,66,PayPal,Online
ORD-105548,9/12/2023,Sunscreen,Beauty,4,111.64,0.1,59,PayPal,Online
ORD-106876,11/27/2023,Headphones,Electronics,6,407.8,0.15,72,Credit Card,Phoenix
ORD-104991,Invalid_Date,Jeans,Clothing,8,131.33,0.1,39,Apple Pay,Houston
ORD-102537,12/26/2023,Perfume,Beauty,9,201.76,0.15,67,Cash,New York
ORD-101105,1/8/2023,Jacket,Clothing,3,442.36,0.05,37,Cash,Chicago
ORD-103876,4/21/2023,Moisturizer,Beauty,0,113.18,0.1,42,PayPal,Online
ORD-108017,5/21/2023,Sunscreen,Beauty,3,13.93,0.15,69,PayPal,Houston
ORD-101753,8/24/2023,Data Science 101,Books,8,323.47,0,53,PayPal,Phoenix
ORD-105311,10/25/2023,Wireless Mouse,Electronics,2,123.31,0.05,50,Credit Card,Phoenix
ORD-105953,3/21/2023,Monitor,Electronics,0,106.45,0.05,22,Apple Pay,Los Angeles
ORD-107446,3/4/2023,Shampoo,Beauty,7,346,0.05,29,Cash,Chicago
ORD-102917,4/22/2023,Shampoo,Beauty,9,210.77,0.1,27,,Los Angeles
ORD-108371,12/16/2023,USB-C Cable,Electronics,2,268.69,0.15,53,Cash,Chicago
ORD-105755,6/22/2023,Wireless Mouse,Electronics,8,88.9,0.05,30,PayPal,Houston
ORD-100153,2/16/2023,Biography,Books,9,50000,0,39,Credit Card,Phoenix
ORD-105231,5/30/2023,Mug,Home & Kitchen,7,296.77,0.2,21,Apple Pay,New York
ORD-105680,6/17/2023,Air Fryer,Home & Kitchen,9,170.57,0,66,,Houston
ORD-103908,1/30/2023,Shampoo,Beauty,3,315.05,0.2,-1,Cash,Online
ORD-109407,11/11/2023,Blender,Home & Kitchen,2,123.35,0,72,Debit Card,Phoenix
ORD-102553,1/20/2023,Data Science 101,Books,6,439.3,0.05,52,Apple Pay,New York
ORD-102774,4/10/2023,Socks,Clothing,6,118.89,0.2,37,Debit Card,New York
ORD-106501,4/11/2023,Python Guide,Books,3,122.45,0.1,65,PayPal,Chicago
ORD-103552,4/21/2023,Air Fryer,Home & Kitchen,3,-5,0.05,18,Apple Pay,Houston
ORD-103723,2/15/2023,Jacket,Clothing,-5,66.38,0.05,29,Credit Card,Houston
ORD-107082,2/18/2023,Air Fryer,Home & Kitchen,5,274.26,0,32,Debit Card,New York
ORD-100521,Invalid_Date,Shampoo,Beauty,8,61.81,0.15,60,Apple Pay,New York
ORD-109197,12/5/2023,Biography,Books,3,253.65,0.15,68,Apple Pay,Los Angeles
ORD-109219,3/25/2023,Moisturizer,Beauty,2,364.64,0.05,64,Credit Card,New York
ORD-104539,10/4/2023,USB-C Cable,Electronics,6,455.31,0,22,PayPal,New York
ORD-106176,3/16/2023,Mug,Home & Kitchen,8,410.44,0,43,Cash,Los Angeles
ORD-108495,9/12/2023,Wireless Mouse,Electronics,9,24.05,0.2,66,Apple Pay,New York
ORD-101823,9/14/2023,Headphones,Electronics,9,379.93,0.2,65,Cash,Los Angeles
ORD-104087,7/31/2023,Perfume,Beauty,8,236.13,0.2,69,Debit Card,Phoenix
ORD-106554,2/8/2023,Sunscreen,Beauty,8,53.28,0.05,58,Cash,Los Angeles
ORD-109001,1/22/2023,Coffee Maker,Home & Kitchen,1,386.61,0,63,Cash,Online
ORD-107810,10/18/2023,Jacket,Clothing,7,178.97,0,65,Debit Card,Online
ORD-109064,5/9/2023,Mug,Home & Kitchen,5,418.88,0.15,51,Apple Pay,Houston
ORD-100310,12/23/2023,Mug,Home & Kitchen,5,455.21,0.1,200,Cash,Online
ORD-104309,10/17/2023,Mechanical Keyboard,Electronics,4,222.01,0,150,Credit Card,New York
ORD-108016,3/6/2023,Data Science 101,Books,6,296.95,0,41,Apple Pay,Phoenix
ORD-107793,2023-13-45,Perfume,Beauty,5,393.74,0.2,50,Credit Card,Houston
ORD-103600,7/23/2023,Cookware Set,Home & Kitchen,3,49.41,0,53,Cash,New York
ORD-103623,4/25/2023,Data Science 101,Books,9,119.6,0,58,PayPal,New York
ORD-103812,5/19/2023,Fiction Novel,Books,3,269.66,0.1,34,PayPal,Los Angeles
ORD-106006,5/30/2023,Lip Balm,Beauty,6,53.33,0.2,61,Credit Card,Online
ORD-103451,10/14/2023,Python Guide,Books,1,78.24,0.2,20,PayPal,Houston
ORD-104592,6/17/2023,Headphones,Electronics,5,60.36,,36,Debit Card,Phoenix
ORD-100206,6/3/2023,Blender,Home & Kitchen,4,394.96,0,52,,New York
ORD-108182,2/7/2023,Fiction Novel,Books,5,78.77,0,68,Cash,Houston
ORD-101136,4/27/2023,Coffee Maker,Home & Kitchen,0,134.36,0.15,34,Apple Pay,Los Angeles
ORD-109662,9/17/2023,Jeans,Clothing,6,412.65,0.1,66,PayPal,CHICAGO
ORD-102750,12/18/2023,Hoodie,Clothing,2,,0.05,66,PayPal,Los Angeles
ORD-103614,7/15/2023,Perfume,Beauty,3,52.32,0.05,30,Cash,New York
ORD-100306,8/14/2023,Mechanical Keyboard,Electronics,7,225.72,0.2,21,PAYPAL,Online
ORD-101850,3/30/2023,Hoodie,Clothing,0,481.12,0,42,Cash,Los Angeles
ORD-106877,6/3/2023,Mug,Home & Kitchen,5,9999.99,0.15,23,Credit Card,Chicago
ORD-109668,3/10/2023,Python Guide,Books,4,35.34,0.1,43,cash,Los Angeles
ORD-101989,7/10/2023,Wireless Mouse,Electronics,4,22.7,0,20,PayPal,Phoenix
ORD-103241,10/12/2023,Mechanical Keyboard,Electronics,1,307.6,0.1,150,Credit Card,Los Angeles
ORD-102799,4/19/2023,Blender,Home & Kitchen,1,6.22,0.05,61,,Houston
ORD-104516,2023-13-45,Mug,Home & Kitchen,1,337.34,0,41,PayPal,Online
ORD-105631,1/1/2023,Sunscreen,Beauty,1,399.33,0.2,35,PayPal,Phoenix
ORD-108207,7/25/2023,Wireless Mouse,Electronics,-1,117.86,0.1,48,PayPal,Online
ORD-103110,11/9/2023,Headphones,Electronics,1,9.51,0.1,18,Credit Card,Chicago
ORD-104940,8/12/2023,Jeans,Clothing,9,66.23,0.15,200,Credit Card,New York
ORD-104060,10/30/2023,Coffee Maker,Home & Kitchen,5,101.46,0.1,39,Credit Card,Online
ORD-101988,6/9/2023,Jacket,Clothing,9,199.23,0.15,-1,PayPal,Phoenix
ORD-107629,5/18/2023,Lip Balm,Beauty,Unknown,235.14,0.1,74,Apple Pay,Online
ORD-109138,3/18/2023,USB-C Cable,Electronics,3,458.98,0.1,71,Cash,Houston
ORD-108524,1/23/2023,Cookware Set,Home & Kitchen,4,276.96,0.1,63,Credit Card,Chicago
ORD-100384,12/2/2023,Shampoo,Beauty,5,101.91,0.2,32,Credit Card,Houston
ORD-105635,1/5/2023,Jeans,Clothing,9,292.13,0.2,40,Apple Pay,new york
ORD-104308,3/3/2023,Fiction Novel,Books,6,445.09,,69,PayPal,Phoenix
ORD-103389,11/27/2023,Lip Balm,Beauty,7,396.56,0.05,44,PayPal,New York
ORD-103157,8/9/2023,Socks,Clothing,5,79.47,0.1,55,PayPal,Phoenix
ORD-106054,9/3/2023,Lip Balm,Beauty,6,117.49,0.2,55,Debit Card,Online
ORD-106551,9/5/2023,Moisturizer,Beauty,4,99.06,0.15,38,Apple Pay,Los Angeles
ORD-102728,10/13/2023,Shampoo,Beauty,4,327.41,0.05,70,Apple Pay,New York
ORD-106757,3/20/2023,USB-C Cable,Electronics,3,468.94,0.1,25,Apple Pay,New York
ORD-106700,2/24/2023,Python Guide,Books,5,344.45,0,33,Debit Card,Los Angeles
ORD-108942,11/30/2023,T-Shirt,Clothing,2,337.04,0.05,55,Apple Pay,Online
ORD-108548,8/7/2023,Data Science 101,Books,5,254.69,0.2,47,Apple Pay,Phoenix
ORD-106438,4/23/2023,History Book,Books,1,284.78,0.2,19,Credit Card,Phoenix
ORD-103833,2/27/2023,Jacket,Clothing,6,60.26,0,69,Debit Card,Phoenix
ORD-108963,3/30/2023,Coffee Maker,Home & Kitchen,4,77.17,0.2,20,Apple Pay,Online
ORD-104777,1/15/2023,Monitor,Electronics,1,439.45,0,21,PayPal,Houston
ORD-104277,5/31/2023,Headphones,Electronics,7,,0.15,64,Credit Card,Online
ORD-100254,11/1/2023,Mechanical Keyboard,Electronics,0,50.33,0.2,34,Credit Card,Houston
ORD-109664,3/5/2023,Hoodie,Clothing,9,283.18,0.1,58,Credit Card,houston
ORD-109878,4/30/2023,Fiction Novel,Books,5,413.11,0.2,71,Credit Card,Houston
ORD-107766,12/15/2023,Moisturizer,Beauty,8,445.17,0.15,49,Cash,Online
ORD-100279,9/18/2023,Wireless Mouse,Electronics,8,178.31,0,26,cash,Los Angeles
ORD-103253,7/8/2023,Coffee Maker,Home & Kitchen,7,152.4,0.2,200,PayPal,Chicago
ORD-102481,9/30/2023,Mechanical Keyboard,Electronics,8,253.56,0,26,PayPal,Chicago
ORD-100290,2/25/2023,Mug,Home & Kitchen,3,413.22,0.05,57,Debit Card,Online
ORD-108352,5/30/2023,Moisturizer,Beauty,6,233.75,0,73,CASH,New York
ORD-103076,6/27/2023,Fiction Novel,Books,7,448.31,0.2,27,Debit Card,Chicago
ORD-104074,5/10/2023,Socks,Clothing,2,31.42,0.1,51,Debit Card,Los Angeles
ORD-109958,7/12/2023,Air Fryer,Home & Kitchen,6,460.66,0.1,42,,Houston
ORD-106831,6/25/2023,Hoodie,Clothing,5,332.11,0.15,41,Credit Card,Chicago
ORD-106109,7/11/2023,Wireless Mouse,Electronics,4,9999.99,0.2,74,PayPal,Los Angeles
ORD-105090,3/6/2023,Headphones,Electronics,7,325.8,0.1,74,PayPal,Online
ORD-106333,1/30/2023,Air Fryer,Home & Kitchen,3,469.75,0.2,,Debit Card,Phoenix
ORD-109018,1/7/2023,Sunscreen,Beauty,0,360.48,0,69,Cash,Online
ORD-107761,6/9/2023,Lip Balm,Beauty,9,289.94,0.1,22,Debit Card,New York
ORD-105203,1/12/2023,Monitor,Electronics,5,387.54,0.15,74,PayPal,Online
ORD-108649,6/30/2023,Mechanical Keyboard,Electronics,2,9999.99,0,36,Debit Card,Online
ORD-109224,12/4/2023,Perfume,Beauty,6,240.48,0.1,51,Debit Card,Chicago
ORD-106525,8/10/2023,Cookware Set,Home & Kitchen,3,6.24,0.15,43,Cash,Phoenix
ORD-104067,12/22/2023,Headphones,Electronics,1,412.11,0.05,23,Apple Pay,New York
ORD-100271,12/6/2023,Python Guide,Books,9,171.5,0.2,18,Apple Pay,Houston
ORD-106010,5/11/2023,Monitor,Electronics,9,380.68,0.2,-1,Apple Pay,Houston
ORD-104571,1/19/2023,T-Shirt,Clothing,5,9999.99,0.15,56,PayPal,Los Angeles
ORD-103577,8/30/2023,Coffee Maker,Home & Kitchen,6,12.77,0.1,27,Credit Card,Chicago
ORD-103566,6/22/2023,Socks,Clothing,4,277.15,0.1,67,Apple Pay,Los Angeles
ORD-102972,10/17/2023,Fiction Novel,Books,7,50000,0.15,52,Debit Card,Los Angeles
ORD-106607,1/3/2023,Wireless Mouse,Electronics,4,173.17,0,61,Debit Card,ONLINE
ORD-109028,8/21/2023,Coffee Maker,Home & Kitchen,5,440.39,0,71,Cash,Houston
ORD-104208,7/2/2023,Python Guide,Books,4,220.92,0,70,Debit Card,Chicago
ORD-103219,3/12/2023,Jeans,Clothing,3,375.15,0.2,23,Debit Card,Online
ORD-101392,12/28/2023,Blender,Home & Kitchen,5,286.81,,51,Debit Card,Chicago
ORD-103976,2/8/2023,Data Science 101,Books,6,492.97,0.2,20,PayPal,Los Angeles
ORD-104317,11/24/2023,Python Guide,Books,6,57.08,0.1,46,Cash,CHICAGO
ORD-109617,9/4/2023,Data Science 101,Books,8,408.1,0.15,26,CASH,New York
ORD-107825,12/10/2023,Monitor,Electronics,5,356.81,0.1,55,credit card,Online
ORD-107934,3/1/2023,Wireless Mouse,Electronics,6,135.29,0.05,34,Credit Card,Chicago
ORD-100084,8/8/2023,USB-C Cable,Electronics,6,50000,0.2,64,Apple Pay,Phoenix
ORD-100874,2/28/2023,Coffee Maker,Home & Kitchen,5,,0,58,Credit Card,Chicago
ORD-109894,11/8/2023,Mug,Home & Kitchen,4,394.04,0.15,72,Debit Card,Phoenix
ORD-108138,4/4/2023,History Book,Books,4,87.67,0,53,Credit Card,Los Angeles
ORD-104558,3/21/2023,Data Science 101,Books,6,351.2,0,150,PayPal,Online
ORD-104501,8/24/2023,Lip Balm,Beauty,8,138.72,0.15,22,Apple Pay,New York
ORD-104648,5/23/2023,USB-C Cable,Electronics,1,369.88,0.15,51,Credit Card,Houston
ORD-106560,2/16/2023,Perfume,Beauty,3,235.65,0,65,Debit Card,Phoenix
ORD-102039,5/28/2023,Mug,Home & Kitchen,7,,0.05,46,Credit Card,Online
ORD-107925,3/9/2023,Lip Balm,Beauty,7,213.23,0.05,19,PayPal,Chicago
ORD-109985,9/17/2023,Cookware Set,Home & Kitchen,8,171.05,0.05,66,Cash,Chicago
ORD-107367,5/19/2023,Moisturizer,Beauty,4,215.59,,36,PayPal,Chicago
ORD-102451,11/29/2023,Biography,Books,6,350.55,0.1,43,PayPal,Chicago
ORD-103955,4/5/2023,Blender,Home & Kitchen,8,393.04,0.2,42,DEBIT CARD,Phoenix
ORD-102330,7/28/2023,Lip Balm,Beauty,9,61.4,0.05,26,Cash,New York
ORD-109395,2/27/2023,Mechanical Keyboard,Electronics,5,262.81,0.2,22,Debit Card,chicago
ORD-106243,5/20/2023,Jeans,Clothing,5,482.16,0.05,48,PayPal,Chicago
ORD-107507,8/7/2023,Jeans,Clothing,8,422.44,0.1,71,Apple Pay,Chicago
ORD-105043,2023-13-45,Lip Balm,Beauty,7,172.18,0.1,49,Cash,Phoenix
ORD-109642,11/6/2023,Lip Balm,Beauty,3,174.98,0,43,Apple Pay,Houston
ORD-104747,1/15/2023,T-Shirt,Clothing,5,406.5,0,36,PayPal,Online
ORD-109645,5/31/2023,Mechanical Keyboard,Electronics,5,364.64,0.15,63,Apple Pay,Chicago
ORD-108471,11/16/2023,Air Fryer,Home & Kitchen,4,351.35,0.05,68,Credit Card,New York
ORD-106928,3/4/2023,Mechanical Keyboard,Electronics,3,422.3,,38,Cash,Phoenix
ORD-107079,8/23/2023,Coffee Maker,Home & Kitchen,4,128.59,0.15,59,Debit Card,New York
ORD-107163,6/10/2023,Python Guide,Books,9,343.76,0.2,65,Apple Pay,Los Angeles
ORD-102402,2/20/2023,Hoodie,Clothing,5,489.53,0,26,Debit Card,Chicago
ORD-105521,10/31/2023,Wireless Mouse,Electronics,3,196.54,0.1,69,Cash,ONLINE
ORD-101217,3/2/2023,Cookware Set,Home & Kitchen,5,430.52,0.05,33,Cash,Houston
ORD-108953,2/21/2023,Socks,Clothing,2,311.55,0.1,42,Cash,New York
ORD-106021,1/19/2023,Blender,Home & Kitchen,1,418.79,0.15,46,Apple Pay,Phoenix
ORD-107356,4/15/2023,History Book,Books,7,178.03,0.2,40,PayPal,Chicago
ORD-101065,7/30/2023,Mechanical Keyboard,Electronics,9,50000,0.1,29,Debit Card,Los Angeles
ORD-103787,10/16/2023,Mechanical Keyboard,Electronics,6,N/A,0,22,Credit Card,Online
ORD-104411,3/30/2023,Headphones,Electronics,9,149.5,0.15,29,Credit Card,New York
ORD-108914,8/7/2023,Air Fryer,Home & Kitchen,5,83.79,0.05,55,Cash,Chicago
ORD-107210,8/10/2023,Mug,Home & Kitchen,5,229.12,0.05,21,,Phoenix
ORD-105524,3/30/2023,Biography,Books,2,171.71,0.2,51,Cash,New York
ORD-105997,6/18/2023,Wireless Mouse,Electronics,5,381.66,0.1,54,PayPal,Los Angeles
ORD-109096,4/10/2023,Lip Balm,Beauty,N/A,471.07,0,22,Cash,Chicago
ORD-105889,11/17/2023,Fiction Novel,Books,3,151.62,0.15,64,,Houston
ORD-102162,9/3/2023,USB-C Cable,Electronics,6,463.86,0.2,23,Cash,Houston
ORD-103009,6/17/2023,Perfume,Beauty,2,64.4,0.15,28,PayPal,Phoenix
ORD-108987,6/22/2023,Shampoo,Beauty,6,376.46,0,53,PayPal,Los Angeles
ORD-101106,Invalid_Date,T-Shirt,Clothing,4,8.63,0.2,20,Apple Pay,Houston
ORD-107096,10/30/2023,Python Guide,Books,6,339.23,0.1,41,Apple Pay,Houston
ORD-100693,6/6/2023,Jeans,Clothing,8,37.52,0.05,51,Apple Pay,Phoenix
ORD-108006,1/31/2023,T-Shirt,Clothing,6,5.12,0.15,21,Cash,New York
ORD-104957,3/2/2023,T-Shirt,Clothing,3,10.32,0.15,57,PayPal,Chicago
ORD-107037,2/2/2023,Mug,Home & Kitchen,2,164.22,0.2,38,Credit Card,Chicago
ORD-108729,4/13/2023,Jeans,Clothing,6,325.49,0.2,44,Apple Pay,Online
ORD-104370,3/22/2023,Cookware Set,Home & Kitchen,2,476.95,0.2,47,Cash,PHOENIX
ORD-102766,3/20/2023,Jacket,clothing,9,401.18,0,59,PayPal,Houston
ORD-103930,2/18/2023,Jacket,Clothing,8,384.1,0.1,26,Debit Card,New York
ORD-107602,7/22/2023,Hoodie,CLOTHING,1,491.44,0.05,20,Apple Pay,Los Angeles
ORD-108994,8/1/2023,Lip Balm,Beauty,2,267.23,0,74,PayPal,New York
ORD-108025,Invalid_Date,Perfume,Beauty,3,231.27,0.05,69,PayPal,Phoenix
ORD-106825,7/31/2023,Shampoo,Beauty,6,92.57,,68,Apple Pay,Los Angeles
ORD-100629,6/22/2023,USB-C Cable,electronics,2,362.46,0.15,71,Debit Card,Online
ORD-102452,5/10/2023,Mug,Home & Kitchen,6,50000,0.15,47,Credit Card,Los Angeles
ORD-106682,11/7/2023,Fiction Novel,Books,8,486.92,0,44,Debit Card,Chicago
ORD-107016,6/3/2023,USB-C Cable,Electronics,1,297.05,0.1,20,Apple Pay,Online
ORD-103825,2/4/2023,Python Guide,Books,8,304.81,0.05,38,Debit Card,chicago
ORD-109246,11/7/2023,Blender,Home & Kitchen,5,155.57,0.2,47,Cash,ONLINE
ORD-102653,7/10/2023,Fiction Novel,Books,9,88.27,0.2,54,Debit Card,Online
ORD-109378,10/21/2023,Air Fryer,Home & Kitchen,7,92.42,0.2,61,PayPal,Online
ORD-103744,6/14/2023,Shampoo,Beauty,2,484.64,0,58,Debit Card,Chicago
ORD-102177,5/15/2023,USB-C Cable,Electronics,4,245.21,0.2,59,Debit Card,Phoenix
ORD-108847,9/5/2023,Headphones,Electronics,1,225.62,0.1,71,Debit Card,Houston
ORD-109538,9/11/2023,Sunscreen,Beauty,3,,0,34,PayPal,New York
ORD-103319,11/6/2023,Sunscreen,Beauty,3,54.01,,40,Debit Card,Phoenix
ORD-109455,5/16/2023,Blender,Home & Kitchen,7,199.03,0.05,33,Credit Card,Houston
ORD-102788,9/18/2023,Hoodie,Clothing,9,Unknown,0.1,44,PayPal,Los Angeles
ORD-104106,9/21/2023,Data Science 101,Books,5,159.55,0.05,64,Apple Pay,Phoenix
ORD-107935,5/4/2023,T-Shirt,Clothing,8,280.93,0.2,,Debit Card,Online
ORD-101677,1/22/2023,Python Guide,Books,5,,0,41,Credit Card,Houston
ORD-103948,6/10/2023,Jeans,CLOTHING,2,471.42,0.2,59,Credit Card,Chicago
ORD-104445,10/2/2023,Jeans,Clothing,7,348.54,0,32,Apple Pay,Online
ORD-102937,9/28/2023,Data Science 101,Books,3,298.97,0.2,63,PayPal,Phoenix
ORD-109100,1/8/2023,Shampoo,Beauty,8,245.08,0,58,PayPal,Chicago
ORD-102838,5/20/2023,Lip Balm,Beauty,8,68.47,0.15,70,Credit Card,Online
ORD-105723,2/6/2023,Socks,Clothing,2,388.31,0.1,18,PayPal,Online
ORD-107926,10/30/2023,Jeans,Clothing,2,372.89,0.05,43,Credit Card,Phoenix
ORD-102504,10/15/2023,Fiction Novel,Books,2,357.53,0.05,30,Debit Card,Houston
ORD-108731,11/8/2023,USB-C Cable,Electronics,2,286.85,0.15,24,Credit Card,online
ORD-102370,9/14/2023,Mechanical Keyboard,Electronics,8,438.83,0.05,45,Debit Card,Phoenix
ORD-104968,3/4/2023,Socks,Clothing,5,40.09,0,30,Apple Pay,Los Angeles
ORD-105884,11/21/2023,T-Shirt,Clothing,9,93.49,0.05,70,PayPal,Phoenix
ORD-102218,10/3/2023,Sunscreen,Beauty,8,404.17,0,24,Debit Card,Online
ORD-105848,8/27/2023,Blender,Home & Kitchen,8,438.81,0.1,69,Debit Card,Online
ORD-102219,1/8/2023,History Book,Books,2,44.59,0.2,38,Credit Card,Houston
ORD-103327,11/15/2023,T-Shirt,Clothing,7,106.98,0.05,52,Debit Card,Chicago
ORD-107181,4/8/2023,Headphones,Electronics,9,87.22,0,48,Cash,Phoenix
ORD-103584,12/12/2023,USB-C Cable,Electronics,1,236.25,,47,PayPal,Chicago
ORD-102345,12/13/2023,Mechanical Keyboard,Electronics,5,103.69,0.15,40,Apple Pay,Phoenix
ORD-103620,6/28/2023,Python Guide,Books,7,35.09,0,49,Cash,Chicago
ORD-106218,3/31/2023,Mechanical Keyboard,Electronics,5,267.96,0.1,69,Debit Card,Los Angeles
ORD-102469,6/21/2023,Sunscreen,Beauty,6,21.32,0,,Cash,Online
ORD-106863,1/8/2023,Data Science 101,Books,3,329.05,0.1,18,paypal,Houston
ORD-103116,9/1/2023,Data Science 101,Books,9,465.35,0.1,23,Apple Pay,Chicago
ORD-100086,10/16/2023,Shampoo,Beauty,5,239.37,0.2,40,PayPal,Chicago
ORD-109948,2/1/2023,Shampoo,Beauty,3,44.08,0,28,Cash,Phoenix
ORD-105974,6/15/2023,Lip Balm,Beauty,4,255.19,0.15,32,Apple Pay,Phoenix
ORD-102802,2/10/2023,Air Fryer,Home & Kitchen,9,187.35,0,61,,New York
ORD-103672,5/23/2023,History Book,Books,2,403.61,0.15,49,Cash,Los Angeles
ORD-103668,11/23/2023,Fiction Novel,Books,8,387.84,0.2,35,Cash,Los Angeles
ORD-103007,10/23/2023,Lip Balm,Beauty,9,491.11,0.1,37,Debit Card,Chicago
ORD-105159,5/31/2023,Wireless Mouse,Electronics,7,280.61,0.15,23,paypal,Houston
ORD-105726,8/5/2023,Cookware Set,Home & Kitchen,5,167.01,0,56,PayPal,Chicago
ORD-104591,11/12/2023,Mug,Home & Kitchen,4,25.65,0.05,37,Apple Pay,Houston
ORD-102020,2/7/2023,Cookware Set,Home & Kitchen,7,44.1,0.1,55,Cash,Phoenix
ORD-103424,1/21/2023,Cookware Set,Home & Kitchen,6,51.76,0.1,19,Cash,Houston
ORD-102526,7/31/2023,Headphones,Electronics,4,399.59,0.1,27,PayPal,Houston
ORD-107790,12/18/2023,Mechanical Keyboard,Electronics,4,311.53,0.15,34,Apple Pay,Los Angeles
ORD-106648,7/17/2023,Jeans,Clothing,8,208.61,0,26,Credit Card,Houston
ORD-103213,9/23/2023,Headphones,Electronics,9,8.88,0.15,51,Debit Card,New York
ORD-100520,11/23/2023,Jeans,Clothing,4,211.91,0,34,Apple Pay,Online
ORD-105367,6/11/2023,Jeans,Clothing,1,432.25,0.2,62,Credit Card,New York
ORD-107212,2/21/2023,Jacket,Clothing,5,-1,0.2,59,Debit Card,Houston
ORD-102896,9/20/2023,Headphones,Electronics,1,48.49,0,60,Credit Card,Houston
ORD-100245,10/9/2023,Air Fryer,Home & Kitchen,5,303.56,0.2,38,Credit Card,Houston
ORD-105931,5/18/2023,Socks,Clothing,-5,29.13,0.1,24,Cash,Houston
ORD-104715,6/20/2023,Mug,Home & Kitchen,9,329.84,0.05,34,Cash,Los Angeles
ORD-109482,12/3/2023,Monitor,Electronics,1,216.42,,58,Cash,Los Angeles
ORD-103426,3/7/2023,Cookware Set,Home & Kitchen,2,279.38,0.05,-5,PayPal,Chicago
ORD-109143,4/10/2023,Moisturizer,Beauty,8,247.76,0.15,25,PayPal,Houston
ORD-107389,1/30/2023,Jacket,Clothing,8,415.24,0.2,41,Apple Pay,Online
ORD-107167,8/16/2023,Socks,Clothing,2,305.22,,22,PayPal,Phoenix
ORD-107075,7/25/2023,Jacket,Clothing,8,361,0,42,Cash,Houston
ORD-107365,1/18/2023,Python Guide,Books,3,413.14,0.2,65,Apple Pay,Houston
ORD-107725,6/20/2023,Python Guide,Books,8,289.75,0.2,23,Debit Card,New York
ORD-105510,7/16/2023,Moisturizer,Beauty,1,462.84,0,38,Debit Card,Chicago
ORD-106298,2/27/2023,Sunscreen,Beauty,9,63.94,0.05,19,Cash,Chicago
ORD-102002,1/31/2023,USB-C Cable,Electronics,1,258.73,0.2,71,Credit Card,Houston
ORD-100886,8/22/2023,Shampoo,Beauty,3,19.86,0,64,Credit Card,Phoenix
ORD-100870,2/20/2023,T-Shirt,Clothing,N/A,318.37,0.2,29,Credit Card,Online
ORD-106455,6/12/2023,Python Guide,Books,8,343.11,0.2,66,Credit Card,Houston
ORD-109979,1/20/2023,Monitor,Electronics,0,343.4,0.1,25,Credit Card,Online
ORD-106840,12/17/2023,Moisturizer,Beauty,5,453.56,0,18,Credit Card,Phoenix
ORD-105721,1/13/2023,Mug,Home & Kitchen,4,194.45,0,19,Debit Card,Online
ORD-100357,11/30/2023,Python Guide,Books,6,106.89,0.05,26,Debit Card,Phoenix
ORD-100260,4/27/2023,Cookware Set,Home & Kitchen,7,21.8,0,68,Debit Card,Phoenix
ORD-105452,6/5/2023,Moisturizer,Beauty,5,459.79,0.2,38,Cash,New York
ORD-108438,1/15/2023,Blender,Home & Kitchen,7,283.48,0.05,40,Cash,Online
ORD-101594,10/16/2023,Mechanical Keyboard,Electronics,1,358.24,0.2,34,Cash,Phoenix
ORD-102744,4/16/2023,Moisturizer,Beauty,8,362.4,0.05,21,Cash,Houston
ORD-101276,12/4/2023,Jacket,Clothing,6,449.69,0.2,36,Apple Pay,Online
ORD-101891,8/1/2023,Shampoo,Beauty,5,62.56,0.05,58,Credit Card,Los Angeles
ORD-108944,4/25/2023,Python Guide,Books,5,425.92,0.15,,PayPal,New York
ORD-109766,6/24/2023,Python Guide,Books,9,156.06,0.05,30,Apple Pay,Online
ORD-108714,1/20/2023,Wireless Mouse,Electronics,4,444.2,0.15,29,Cash,Online
ORD-109457,11/26/2023,Mug,Home & Kitchen,4,105.13,0.15,64,Apple Pay,Phoenix
ORD-103564,1/17/2023,History Book,Books,5,50000,0.05,24,Debit Card,Chicago
ORD-105788,7/24/2023,Mechanical Keyboard,Electronics,5,220.63,0.15,61,Credit Card,Los Angeles
ORD-104959,8/16/2023,Shampoo,Beauty,6,489.36,0.05,32,Cash,Online
ORD-101547,10/12/2023,Hoodie,Clothing,8,9999.99,0.05,49,Cash,Phoenix
ORD-106194,6/23/2023,Air Fryer,Home & Kitchen,9,438.51,,27,Credit Card,Online
ORD-102381,9/5/2023,Python Guide,Books,7,51.65,0,44,PayPal,Los Angeles
ORD-106475,7/26/2023,Mechanical Keyboard,Electronics,5,241.85,0.2,40,Apple Pay,New York
ORD-103824,11/19/2023,Wireless Mouse,Electronics,4,404.71,0.05,64,Cash,Houston
ORD-103233,10/16/2023,USB-C Cable,Electronics,8,19.75,0.05,66,Debit Card,Phoenix
ORD-108646,9/21/2023,Hoodie,Clothing,8,156.81,0.1,34,Cash,Los Angeles
ORD-103307,3/15/2023,Lip Balm,Beauty,7,131.11,0.2,18,Apple Pay,Chicago
ORD-100493,7/7/2023,Cookware Set,Home & Kitchen,2,303.06,0.15,36,Debit Card,ONLINE
ORD-103500,5/22/2023,Data Science 101,Books,2,134.94,0.05,19,PayPal,New York
ORD-107106,10/26/2023,Monitor,Electronics,2,319.77,0.1,60,Apple Pay,Online
ORD-101117,1/6/2023,Shampoo,Beauty,3,484.06,0.2,30,Credit Card,CHICAGO
ORD-105638,7/27/2023,Biography,Books,9,327.14,0,69,Debit Card,Houston
ORD-109034,3/20/2023,Python Guide,Books,3,275.43,0.1,65,PayPal,New York
ORD-106147,7/25/2023,USB-C Cable,Electronics,3,211.12,0.05,35,Credit Card,Chicago
ORD-107508,8/18/2023,Shampoo,Beauty,6,293.68,0.05,71,Debit Card,Los Angeles
ORD-109035,2/12/2023,Blender,Home & Kitchen,2,,0.1,22,Debit Card,Chicago
ORD-107158,7/13/2023,Hoodie,Clothing,2,24.43,0.05,19,Cash,Online
ORD-108472,3/20/2023,Mechanical Keyboard,Electronics,8,207.73,0.2,72,Cash,Los Angeles
ORD-109807,3/9/2023,Blender,Home & Kitchen,8,209.4,0.05,73,,Los Angeles
ORD-106590,1/8/2023,Data Science 101,Books,7,33.07,0.1,49,Credit Card,Houston
ORD-109341,2/22/2023,Cookware Set,Home & Kitchen,4,268.5,0.15,69,,Phoenix
ORD-103646,4/6/2023,Shampoo,Beauty,5,390.92,0.1,73,Apple Pay,Houston
ORD-102501,9/19/2023,Moisturizer,Beauty,9,263.19,0.15,43,Apple Pay,Chicago
ORD-105678,3/14/2023,Mug,Home & Kitchen,3,470.12,0.2,63,Credit Card,Chicago
ORD-108260,7/3/2023,T-Shirt,Clothing,8,55.05,0,44,Apple Pay,Los Angeles
ORD-105242,5/2/2023,Python Guide,Books,6,273.18,0.2,25,Apple Pay,Phoenix
ORD-106955,6/19/2023,Shampoo,Beauty,8,307.52,0.2,39,PayPal,New York
ORD-102784,4/6/2023,Moisturizer,Beauty,3,83.59,0.05,73,PayPal,Chicago
ORD-106159,7/19/2023,Biography,Books,3,307.86,0.15,38,Credit Card,Chicago
ORD-103810,8/13/2023,Air Fryer,Home & Kitchen,4,50000,0.1,55,PayPal,Online
ORD-108877,12/3/2023,Socks,Clothing,1,330.4,0.2,39,Credit Card,New York
ORD-108904,1/7/2023,Biography,Books,3,110.12,0.05,36,Cash,Online
ORD-102994,Invalid_Date,Fiction Novel,Books,3,95.53,0,61,Apple Pay,New York
ORD-101697,10/12/2023,Jeans,Clothing,6,189.47,0.1,200,Credit Card,Online
ORD-105686,4/29/2023,Mug,Home & Kitchen,8,45.06,0,57,Apple Pay,Los Angeles
ORD-107647,12/9/2023,Mug,Home & Kitchen,1,34.04,0.05,74,Cash,Houston
ORD-109852,2/1/2023,Hoodie,Clothing,9,391.38,0.2,Unknown,Apple Pay,Houston
ORD-106505,10/7/2023,Perfume,Beauty,4,177.5,0.15,52,Apple Pay,New York
ORD-105940,3/3/2023,Air Fryer,Home & Kitchen,8,178.05,0.05,57,Apple Pay,Houston
ORD-102053,3/7/2023,Headphones,Electronics,2,359.14,0.2,40,Credit Card,Phoenix
ORD-101777,2/26/2023,Fiction Novel,Books,5,384.55,0.2,32,Debit Card,Los Angeles
ORD-106998,1/18/2023,T-Shirt,Clothing,1,430.82,0.05,24,PayPal,Los Angeles
ORD-103314,8/21/2023,Monitor,Electronics,4,355.19,0.05,38,Apple Pay,Online
ORD-104782,1/31/2023,Moisturizer,Beauty,5,20.36,0.1,56,Debit Card,Chicago
ORD-109133,7/7/2023,Cookware Set,Home & Kitchen,8,149.3,0.1,44,Apple Pay,Online
ORD-107564,7/31/2023,Lip Balm,Beauty,6,125.26,0,55,Apple Pay,Online
ORD-101593,8/24/2023,History Book,Books,1,422.62,0.2,36,Debit Card,Houston
ORD-101724,1/1/2023,Biography,Books,4,202.25,0.2,33,Cash,Phoenix
ORD-100216,4/23/2023,Perfume,Beauty,2,264.57,0.05,47,Apple Pay,Phoenix
ORD-107475,10/25/2023,Air Fryer,Home & Kitchen,1,192,0,61,Cash,Chicago
ORD-108502,8/10/2023,Socks,Clothing,9,263.7,0.1,200,Credit Card,Los Angeles
ORD-100491,12/2/2023,Fiction Novel,Books,-1,37.1,0.05,72,Debit Card,Houston
ORD-109405,10/8/2023,Python Guide,Books,9,228.56,0.05,26,Credit Card,Phoenix
ORD-103484,10/6/2023,Python Guide,Books,8,436.23,0.2,48,Debit Card,Houston
ORD-105103,12/31/2023,Cookware Set,Home & Kitchen,1,446.97,0,33,Credit Card,Houston
ORD-105188,8/9/2023,Sunscreen,Beauty,9,480.64,0.15,34,Apple Pay,New York
ORD-103432,4/2/2023,Air Fryer,Home & Kitchen,9,205.11,0.05,,Apple Pay,New York
ORD-106600,2/7/2023,Hoodie,Clothing,-5,70.95,0.15,46,Cash,Chicago
ORD-107441,5/24/2023,History Book,Books,8,146.33,0,55,PayPal,LOS ANGELES
ORD-100461,12/18/2023,Coffee Maker,Home & Kitchen,5,277.06,0.05,200,Apple Pay,Phoenix
ORD-106411,Invalid_Date,Wireless Mouse,Electronics,8,326.47,0.15,71,Cash,New York
ORD-105514,5/30/2023,Sunscreen,Beauty,4,249.74,0,18,Debit Card,Chicago
ORD-100026,8/19/2023,Data Science 101,Books,3,20.56,0,69,Debit Card,Los Angeles
ORD-103513,2/10/2023,Blender,Home & Kitchen,5,302.42,0,37,Credit Card,Chicago
ORD-102410,10/27/2023,Moisturizer,Beauty,6,295.82,0.1,30,Credit Card,LOS ANGELES
ORD-103271,1/4/2023,Python Guide,Books,2,106.6,0.05,63,Cash,Houston
ORD-105210,8/27/2023,Python Guide,Books,3,171.38,0.1,73,Debit Card,Chicago
ORD-108969,12/21/2023,Jacket,Clothing,5,313.61,0.15,32,apple pay,New York
ORD-101553,4/10/2023,Cookware Set,Home & Kitchen,1,394.43,0.1,29,Credit Card,Phoenix
ORD-109472,2/6/2023,Mug,Home & Kitchen,9,166.27,0.2,51,Debit Card,Houston
ORD-108878,4/2/2023,USB-C Cable,Electronics,8,375.41,0,30,Cash,New York
ORD-103872,1/10/2023,Socks,Clothing,2,327.03,0.2,51,Credit Card,New York
ORD-103403,1/15/2023,Mechanical Keyboard,Electronics,1,74.7,0.2,19,PayPal,Phoenix
ORD-104530,3/17/2023,Air Fryer,Home & Kitchen,3,206.8,0.2,24,Credit Card,Chicago
ORD-100980,10/11/2023,USB-C Cable,Electronics,4,212.5,0.2,19,PayPal,Phoenix
ORD-102656,10/29/2023,Perfume,Beauty,2,313.46,0,36,Debit Card,Los Angeles
ORD-101848,10/24/2023,T-Shirt,Clothing,1,266.11,0,66,Cash,Phoenix
ORD-108325,4/14/2023,Fiction Novel,Books,7,343.41,0.2,58,Credit Card,Online
ORD-108486,2/11/2023,Jeans,Clothing,4,176.59,0,27,Cash,Chicago
ORD-107615,1/15/2023,History Book,Books,6,201.65,0.1,59,Apple Pay,Houston
ORD-109206,4/10/2023,Blender,Home & Kitchen,7,254.08,0.1,46,Credit Card,Houston
ORD-105722,2/3/2023,Jeans,Clothing,8,106.25,0.15,36,PayPal,Los Angeles
ORD-100516,11/9/2023,Shampoo,Beauty,8,133.78,0.2,38,Credit Card,Chicago
ORD-107678,11/29/2023,Shampoo,Beauty,1,263.45,0.05,31,,Chicago
ORD-109936,1/29/2023,Mechanical Keyboard,Electronics,2,360.3,0.15,55,PayPal,Houston
ORD-108543,11/29/2023,Mug,Home & Kitchen,3,390.25,0,61,Debit Card,Houston
ORD-101103,12/5/2023,Wireless Mouse,Electronics,7,223.71,0.05,45,Cash,Los Angeles
ORD-103277,5/20/2023,Socks,Clothing,9,432.61,0.05,74,Apple Pay,Phoenix
ORD-106905,5/18/2023,Shampoo,Beauty,8,16.08,0,,PayPal,New York
ORD-107689,2/6/2023,Perfume,Beauty,N/A,462.13,0,52,Debit Card,Houston
ORD-108331,1/10/2023,Air Fryer,Home & Kitchen,6,18.48,0.15,22,Credit Card,Chicago
ORD-109347,1/3/2023,Perfume,Beauty,1,163.42,0.15,32,Debit Card,Houston
ORD-108583,9/14/2023,Sunscreen,Beauty,1,227.43,0.2,61,Debit Card,LOS ANGELES
ORD-103997,1/7/2023,Headphones,Electronics,4,72.43,0.1,29,Credit Card,Phoenix
ORD-100195,11/20/2023,History Book,Books,5,245.75,0.15,62,Cash,New York
ORD-104712,4/6/2023,Jeans,Clothing,7,376.06,0.2,57,PayPal,Los Angeles
ORD-100644,5/15/2023,Sunscreen,Beauty,8,150.84,0.1,18,PayPal,Online
ORD-108636,Invalid_Date,Hoodie,Clothing,1,124.12,0.05,64,Cash,New York
ORD-103286,5/4/2023,Air Fryer,Home & Kitchen,3,9999.99,0.2,30,Apple Pay,Chicago
ORD-103117,3/12/2023,Lip Balm,Beauty,8,442.94,0,28,Cash,Phoenix
ORD-108244,9/29/2023,Air Fryer,Home & Kitchen,4,N/A,0,63,Debit Card,Houston
ORD-103576,11/26/2023,Moisturizer,Beauty,2,148.75,0.1,21,PayPal,Online
ORD-109293,5/6/2023,Jeans,Clothing,1,445.23,0.05,34,cash,Online
ORD-104321,1/30/2023,Python Guide,Books,2,288.51,0.15,58,Cash,New York
ORD-108337,6/28/2023,Data Science 101,Books,3,386.54,0.15,73,Credit Card,New York
ORD-102208,5/10/2023,History Book,Books,Unknown,396.4,0.1,45,Cash,New York
ORD-104553,4/23/2023,Air Fryer,Home & Kitchen,0,443.03,0.2,40,Cash,Houston
ORD-107795,3/22/2023,Biography,Books,5,467.13,0.1,19,Debit Card,Los Angeles
ORD-103719,10/22/2023,Jeans,Clothing,2,390.96,0.05,28,PayPal,Chicago
ORD-100973,2/28/2023,USB-C Cable,Electronics,4,128.64,0.05,35,Apple Pay,ONLINE
ORD-104580,6/12/2023,USB-C Cable,Electronics,5,45.72,0.05,57,Apple Pay,Phoenix
ORD-106517,2/22/2023,History Book,Books,7,291.85,0,41,Debit Card,Chicago
ORD-100720,4/27/2023,Wireless Mouse,Electronics,1,,0.1,52,Debit Card,Houston
ORD-106951,9/18/2023,Sunscreen,Beauty,8,7.65,0.1,27,Apple Pay,Phoenix
ORD-106156,11/7/2023,Monitor,Electronics,1,395.92,0.05,35,Debit Card,Phoenix
ORD-109711,12/10/2023,Headphones,Electronics,6,9.42,0,56,Credit Card,New York
ORD-103897,11/19/2023,Headphones,Electronics,N/A,201.77,0.15,21,Debit Card,Phoenix
ORD-102804,11/26/2023,Air Fryer,HOME & KITCHEN,1,433.59,0.15,50,Apple Pay,Phoenix
ORD-102567,Invalid_Date,Moisturizer,Beauty,7,323.54,0.2,73,PayPal,Phoenix
ORD-104026,10/9/2023,Hoodie,Clothing,8,212.43,0,999,Apple Pay,New York
ORD-106199,8/12/2023,Coffee Maker,Home & Kitchen,5,282.37,0,45,Credit Card,Los Angeles
ORD-100033,8/21/2023,Biography,Books,9,409.92,0.1,56,Debit Card,Phoenix
ORD-108553,4/20/2023,Cookware Set,Home & Kitchen,2,341.24,0.15,20,Apple Pay,Chicago
ORD-109418,12/12/2023,Sunscreen,Beauty,3,82.5,0.15,44,Apple Pay,Phoenix
ORD-104004,2023-13-45,Jacket,Clothing,9,82.81,0.1,19,PayPal,Los Angeles
ORD-104064,8/5/2023,Mechanical Keyboard,Electronics,8,223.37,0.1,,Credit Card,Houston
ORD-109215,10/3/2023,Biography,Books,8,219.5,0.2,42,Debit Card,New York
ORD-105541,7/23/2023,Wireless Mouse,Electronics,8,348.1,0.2,200,Credit Card,Houston
ORD-101698,7/23/2023,Perfume,Beauty,4,400.48,0.05,47,Credit Card,PHOENIX
ORD-102793,5/26/2023,Blender,Home & Kitchen,7,439.07,0,60,PayPal,Chicago
ORD-102223,4/12/2023,Hoodie,Clothing,6,428.04,0,39,PayPal,Phoenix
ORD-105819,6/11/2023,USB-C Cable,Electronics,1,410.84,0.15,62,Apple Pay,Phoenix
ORD-109953,6/9/2023,Blender,Home & Kitchen,6,54.93,0.1,34,PayPal,Houston
ORD-103765,10/24/2023,Coffee Maker,Home & Kitchen,5,343.31,0.15,48,PayPal,Los Angeles
ORD-103867,9/16/2023,Shampoo,Beauty,0,401.08,0.15,64,Debit Card,Los Angeles
ORD-106851,9/7/2023,Data Science 101,Books,3,362.9,0.05,55,Debit Card,New York
ORD-108920,6/29/2023,Headphones,Electronics,7,237.26,0.1,21,cash,Houston
ORD-109890,11/28/2023,T-Shirt,Clothing,1,340.58,0.2,42,Cash,Houston
ORD-107114,5/8/2023,Mechanical Keyboard,Electronics,5,342.14,0.15,26,Credit Card,Phoenix
ORD-109382,12/2/2023,Moisturizer,Beauty,9,427.06,0.1,40,Apple Pay,Chicago
ORD-103759,3/16/2023,Blender,Home & Kitchen,4,220.13,0.05,20,Debit Card,Houston
ORD-102832,9/28/2023,Wireless Mouse,Electronics,3,245.48,0,200,Debit Card,Online
ORD-103228,3/10/2023,Wireless Mouse,Electronics,9,308.44,0.15,61,Cash,Online
ORD-104215,6/29/2023,Perfume,Beauty,9,350.21,0,48,Debit Card,Los Angeles
ORD-103924,11/9/2023,Air Fryer,Home & Kitchen,9,246.96,0.05,74,PayPal,Chicago
ORD-103905,7/21/2023,Lip Balm,Beauty,7,66.47,0.2,32,Debit Card,Los Angeles
ORD-102278,6/22/2023,T-Shirt,Clothing,7,189.4,0.1,26,Debit Card,phoenix
ORD-107263,10/27/2023,Monitor,Electronics,2,21.5,0.2,18,Cash,chicago
ORD-101402,6/18/2023,USB-C Cable,Electronics,2,266.45,0.1,Unknown,Debit Card,Los Angeles
ORD-100740,8/27/2023,Blender,Home & Kitchen,6,367.2,0,22,Cash,Chicago
ORD-106553,4/9/2023,Hoodie,Clothing,4,237.21,0,20,Credit Card,Los Angeles
ORD-104267,12/12/2023,Cookware Set,Home & Kitchen,4,38.54,,49,Credit Card,Chicago
ORD-105310,11/14/2023,Mug,Home & Kitchen,9,456.95,0.15,57,Debit Card,Chicago
ORD-108984,10/21/2023,Hoodie,Clothing,7,390.54,0.05,65,Cash,Los Angeles
ORD-107958,11/3/2023,Python Guide,Books,3,162.55,0.2,56,Debit Card,Chicago
ORD-103852,7/1/2023,Moisturizer,Beauty,7,273.76,0.15,67,PayPal,Los Angeles
ORD-108888,7/27/2023,Fiction Novel,Books,8,360.69,0,20,PayPal,Los Angeles
ORD-102662,10/6/2023,Cookware Set,Home & Kitchen,2,297.11,0.1,66,Credit Card,Chicago
ORD-106941,9/18/2023,Biography,Books,2,72.68,0.05,74,,Los Angeles
ORD-107300,2/17/2023,Jeans,Clothing,6,414.56,0.15,44,PayPal,New York
ORD-100675,1/16/2023,T-Shirt,Clothing,4,,0,26,Debit Card,Phoenix
ORD-107554,7/16/2023,History Book,Books,9,9999.99,0.2,31,Cash,Los Angeles
ORD-108529,3/28/2023,History Book,Books,3,222.59,0.2,150,Cash,Houston
ORD-103842,Invalid_Date,Biography,Books,5,170.06,0.2,33,Apple Pay,Los Angeles
ORD-101816,5/3/2023,Fiction Novel,Books,3,357.01,0.2,73,Cash,Chicago
ORD-109595,4/11/2023,Jacket,Clothing,3,373.21,0,37,Cash,houston
ORD-100511,7/1/2023,Biography,Books,8,487.54,0.05,,Debit Card,Los Angeles
ORD-109476,6/14/2023,USB-C Cable,Electronics,4,81.05,0.15,46,PayPal,New York
ORD-104654,10/10/2023,Jeans,Clothing,6,9999.99,0.05,36,Apple Pay,Los Angeles
ORD-108137,5/22/2023,History Book,Books,Unknown,361.84,0.1,59,Debit Card,Phoenix
ORD-102101,5/8/2023,Jacket,Clothing,7,308.79,0.2,73,Apple Pay,New York
ORD-105164,4/3/2023,Mechanical Keyboard,Electronics,4,385.74,0.2,59,Credit Card,Los Angeles
ORD-106709,8/15/2023,Lip Balm,Beauty,9,50000,0,68,Credit Card,New York
ORD-101674,12/7/2023,Monitor,Electronics,1,225.95,0,Unknown,Apple Pay,Chicago
ORD-102102,6/16/2023,Cookware Set,Home & Kitchen,3,11.9,0.15,37,Apple Pay,Online
ORD-104214,12/21/2023,Fiction Novel,Books,9,291.16,0.05,33,PayPal,Online
ORD-107417,4/5/2023,Jacket,Clothing,1,9999.99,0.2,50,PayPal,Online
ORD-101549,12/13/2023,Air Fryer,Home & Kitchen,8,472.16,0,49,Cash,Houston
ORD-107624,6/18/2023,Headphones,Electronics,5,208.81,0,51,PayPal,Chicago
ORD-109843,6/23/2023,Mechanical Keyboard,Electronics,4,100.42,0.1,20,Credit Card,Online
ORD-103324,10/28/2023,Mechanical Keyboard,Electronics,3,402.08,0.2,66,Credit Card,Online
ORD-107729,11/18/2023,Mechanical Keyboard,Electronics,4,456.27,0.05,57,PayPal,Chicago
ORD-100356,11/8/2023,USB-C Cable,Electronics,1,354.17,0.15,64,Debit Card,Online
ORD-105185,2/3/2023,USB-C Cable,Electronics,8,423.39,0.15,64,Apple Pay,LOS ANGELES
ORD-101462,5/23/2023,Shampoo,Beauty,2,361.92,0.05,46,Cash,New York
ORD-108125,8/19/2023,History Book,Books,6,456.98,0.15,-1,PayPal,Houston
ORD-106632,8/5/2023,Moisturizer,Beauty,9,383.79,0.1,43,Debit Card,Chicago
ORD-109879,8/29/2023,Mechanical Keyboard,Electronics,7,349.14,0.05,64,Cash,Houston
ORD-103221,8/18/2023,Jacket,Clothing,3,117.67,0.15,74,Debit Card,Houston
ORD-100940,12/21/2023,Shampoo,Beauty,3,159.38,0.1,45,Apple Pay,Los Angeles
ORD-109432,5/9/2023,Jeans,Clothing,9,443.35,0.15,47,PayPal,New York
ORD-105148,2/28/2023,Mechanical Keyboard,Electronics,1,306.49,0.1,19,Cash,Online
ORD-106418,10/12/2023,Wireless Mouse,Electronics,4,210.13,,52,Credit Card,Chicago
ORD-105924,Invalid_Date,Python Guide,Books,3,375.11,0.05,19,PayPal,New York
ORD-108279,9/12/2023,Shampoo,Beauty,6,356.6,0.1,24,Credit Card,online
ORD-101752,9/10/2023,History Book,Books,2,213.78,0.1,0,PayPal,Online
ORD-103977,7/3/2023,Moisturizer,Beauty,8,148.24,0.1,55,PayPal,New York
ORD-108096,9/29/2023,Lip Balm,Beauty,3,349.59,0.15,52,Debit Card,Chicago
ORD-101773,9/3/2023,Wireless Mouse,Electronics,9,403.39,0.2,69,Credit Card,Phoenix
ORD-101197,4/7/2023,Moisturizer,Beauty,1,50000,0,41,Cash,Phoenix
ORD-101879,9/16/2023,Coffee Maker,HOME & KITCHEN,4,259.02,0.05,41,Credit Card,Houston
ORD-102669,4/9/2023,Hoodie,Clothing,5,209.32,0.1,29,Cash,New York
ORD-103172,5/10/2023,Hoodie,Clothing,6,,0.15,37,Cash,Online
ORD-102017,9/23/2023,Blender,Home & Kitchen,8,184.94,0,58,Debit Card,Phoenix
ORD-102006,1/21/2023,Blender,Home & Kitchen,7,354.5,0.15,52,Debit Card,Los Angeles
ORD-108518,5/16/2023,Sunscreen,Beauty,4,376.59,0.1,39,PayPal,Chicago
ORD-103894,2/3/2023,Blender,Home & Kitchen,3,10.25,0.2,63,CASH,New York
ORD-107170,5/13/2023,Perfume,Beauty,1,336.12,0.05,58,Debit Card,Phoenix
ORD-103238,3/10/2023,Blender,Home & Kitchen,3,152.83,0.2,49,PayPal,Online
ORD-104425,3/14/2023,Lip Balm,Beauty,9,182.99,0.15,65,Cash,Houston
ORD-104745,3/16/2023,Cookware Set,Home & Kitchen,1,27.33,0.15,42,Apple Pay,Houston
ORD-102079,5/14/2023,Jeans,Clothing,3,152.73,0,25,credit card,Phoenix
ORD-105220,1/31/2023,Mug,Home & Kitchen,5,132.19,0.05,150,Cash,Houston
ORD-100397,6/1/2023,Blender,Home & Kitchen,5,154.52,0.1,53,PayPal,Phoenix
ORD-102789,9/6/2023,Mechanical Keyboard,Electronics,8,425.36,0,0,Cash,New York
ORD-107610,10/19/2023,Data Science 101,Books,7,416.11,0.15,18,Credit Card,new york
ORD-106943,1/14/2023,Wireless Mouse,Electronics,4,262.09,0,33,Apple Pay,Online
ORD-104073,8/29/2023,Jeans,Clothing,2,17.11,0,25,Debit Card,Online
ORD-105575,2/6/2023,Biography,Books,7,354.26,0.15,49,Debit Card,Los Angeles
ORD-108615,9/25/2023,Blender,Home & Kitchen,Unknown,395.41,0.05,62,Cash,Online
ORD-106006,5/30/2023,Lip Balm,Beauty,6,53.33,0.2,61,Credit Card,Online
ORD-105356,9/28/2023,Mechanical Keyboard,Electronics,7,112.15,0,40,Credit Card,Los Angeles
ORD-107707,10/2/2023,Mug,Home & Kitchen,8,468.67,0,71,Apple Pay,Online
ORD-107236,10/5/2023,Jacket,Clothing,8,431.06,0,70,Apple Pay,Phoenix
ORD-107273,11/15/2023,Sunscreen,Beauty,6,178.35,0.2,0,Credit Card,New York
ORD-101520,8/13/2023,Jeans,Clothing,0,78.94,0,68,Cash,Phoenix
ORD-108441,6/8/2023,Perfume,Beauty,7,196.22,0.15,50,Cash,New York
ORD-101379,1/15/2023,USB-C Cable,Electronics,8,439.46,0,69,Credit Card,Online
ORD-105673,7/19/2023,Lip Balm,Beauty,6,146.67,0.1,20,Cash,New York
ORD-101024,7/28/2023,Fiction Novel,Books,2,130.52,0,28,Debit Card,Online
ORD-102588,4/22/2023,Jeans,Clothing,4,426.3,0.2,69,Cash,Chicago
ORD-108252,9/28/2023,Python Guide,Books,5,86.41,0,52,Cash,Online
ORD-105622,2/27/2023,USB-C Cable,Electronics,8,418.74,0,36,Debit Card,New York
ORD-108140,6/13/2023,Mechanical Keyboard,Electronics,5,216.91,0.2,38,Cash,Los Angeles
ORD-105009,7/13/2023,Blender,Home & Kitchen,9,356.46,0.05,40,Apple Pay,Houston
ORD-102858,9/4/2023,Air Fryer,Home & Kitchen,7,61.31,0.1,62,Cash,Los Angeles
ORD-108500,4/3/2023,Blender,Home & Kitchen,6,226.67,0.2,999,Credit Card,Phoenix
ORD-105772,4/14/2023,Mechanical Keyboard,Electronics,3,311.28,0.2,20,Debit Card,New York
ORD-105843,5/11/2023,Lip Balm,Beauty,5,51.55,0,55,Cash,Los Angeles
ORD-107625,1/15/2023,Wireless Mouse,Electronics,7,427.82,0.05,43,Credit Card,New York
ORD-105833,1/15/2023,Shampoo,Beauty,8,482.99,0,58,PayPal,Chicago
ORD-101630,8/18/2023,History Book,Books,4,33.83,0,22,PayPal,Phoenix
ORD-104889,10/17/2023,History Book,Books,5,211.18,0.15,28,,Phoenix
ORD-104527,11/8/2023,Perfume,Beauty,4,,0,63,Credit Card,Chicago
ORD-103524,12/20/2023,History Book,Books,9,465.86,0,20,PayPal,Houston
ORD-105905,4/18/2023,Mug,Home & Kitchen,7,317.34,0,18,Cash,Online
ORD-100523,4/8/2023,Shampoo,Beauty,6,116.94,0,27,PayPal,Phoenix
ORD-103608,2/8/2023,Fiction Novel,Books,3,324.33,0,36,Credit Card,Phoenix
ORD-109698,5/29/2023,Cookware Set,Home & Kitchen,2,356.44,0.1,49,Credit Card,Los Angeles
ORD-105221,12/12/2023,Lip Balm,Beauty,9,106.54,0.05,62,Cash,Online
ORD-100235,2/9/2023,Mug,Home & Kitchen,1,138,0.05,62,Debit Card,New York
ORD-103989,12/23/2023,Headphones,Electronics,9,302.14,0.2,67,Credit Card,New York
ORD-103797,3/17/2023,Fiction Novel,Books,4,381.6,0,49,Cash,Houston
ORD-104119,1/15/2023,Jacket,Clothing,4,228.9,0.1,27,Debit Card,Los Angeles
ORD-106319,7/27/2023,Sunscreen,Beauty,3,111.4,0.15,54,Cash,Phoenix
ORD-105002,4/8/2023,Sunscreen,Beauty,8,63.89,0.05,54,Cash,Online
ORD-106776,9/2/2023,Coffee Maker,Home & Kitchen,2,24.99,0.15,74,Credit Card,Houston
ORD-103801,10/5/2023,Coffee Maker,Home & Kitchen,6,201.26,0.2,33,Apple Pay,Houston
ORD-108044,10/28/2023,Jeans,Clothing,5,235.88,0.05,49,Debit Card,New York
ORD-103900,5/20/2023,Perfume,Beauty,6,235.96,0,73,PayPal,New York
ORD-105025,9/20/2023,Headphones,Electronics,7,196.97,0.1,20,Debit Card,Houston
ORD-101949,8/16/2023,Python Guide,Books,8,-5,0.1,32,Apple Pay,Online
ORD-106362,3/24/2023,Mechanical Keyboard,Electronics,9,377.62,0.1,30,Apple Pay,Los Angeles
ORD-100471,5/29/2023,T-Shirt,Clothing,9,274.29,0.2,38,PayPal,New York
ORD-108050,10/6/2023,Mug,Home & Kitchen,5,9999.99,0,74,Debit Card,Los Angeles
ORD-103493,8/22/2023,Perfume,Beauty,1,408.03,0.1,29,Debit Card,Phoenix
ORD-106835,5/27/2023,Perfume,Beauty,6,166.4,0,35,Debit Card,Los Angeles
ORD-106092,5/24/2023,Blender,Home & Kitchen,4,471.66,0.2,59,Debit Card,los angeles
ORD-102672,5/25/2023,Socks,Clothing,6,216.78,0,68,Cash,Chicago
ORD-101057,2/27/2023,Fiction Novel,Books,3,407.17,0.2,64,Debit Card,Houston
ORD-102225,8/23/2023,Cookware Set,Home & Kitchen,9,128.22,0.2,150,Cash,Online
ORD-101107,11/29/2023,Socks,Clothing,9,281.15,0.2,74,Debit Card,Los Angeles
ORD-102189,3/28/2023,Sunscreen,Beauty,-1,187.97,0.2,70,Apple Pay,New York
ORD-100819,5/2/2023,Air Fryer,Home & Kitchen,1,210.03,0.05,64,Cash,Houston
ORD-106756,9/9/2023,T-Shirt,Clothing,7,440.39,0.2,52,PayPal,Online
ORD-105572,1/31/2023,Wireless Mouse,Electronics,6,,0.2,43,Credit Card,Phoenix
ORD-104524,6/9/2023,Lip Balm,Beauty,8,130.05,0.15,26,Debit Card,Houston
ORD-105794,8/6/2023,Perfume,Beauty,8,151.38,0.1,49,Cash,Chicago
ORD-109659,10/4/2023,Data Science 101,Books,3,479.93,0.1,54,Cash,Online
ORD-109041,4/30/2023,Data Science 101,Books,1,28.05,0,25,Debit Card,Online
ORD-107947,1/26/2023,History Book,Books,9,345.55,0.1,45,Cash,New York
ORD-102625,3/13/2023,Headphones,Electronics,8,Unknown,0.05,65,Debit Card,Online
ORD-107559,6/7/2023,Mug,Home & Kitchen,-5,166.41,0.05,57,Debit Card,Houston
ORD-109670,2/19/2023,Biography,Books,9,170.98,0,56,Apple Pay,Online
ORD-107933,5/14/2023,History Book,Books,7,78.78,0.1,999,Cash,Los Angeles
ORD-109390,11/21/2023,T-Shirt,Clothing,9,260.94,0.05,73,PayPal,Houston
ORD-100889,12/16/2023,Air Fryer,Home & Kitchen,1,427.01,0.2,36,Debit Card,New York
ORD-107214,9/2/2023,Monitor,Electronics,4,205.89,0.15,39,Apple Pay,Chicago
ORD-102438,10/4/2023,Lip Balm,Beauty,8,9999.99,0.1,65,PayPal,Phoenix
ORD-106057,Invalid_Date,Moisturizer,Beauty,2,416.09,0.05,47,Cash,Phoenix
ORD-108215,5/25/2023,Cookware Set,Home & Kitchen,1,41.03,0.2,69,Debit Card,Phoenix
ORD-100818,1/18/2023,USB-C Cable,Electronics,5,367.54,0,47,Apple Pay,Online
ORD-109201,2/6/2023,Headphones,electronics,2,93.52,0.05,45,Apple Pay,New York
ORD-103415,8/31/2023,Fiction Novel,Books,8,495.33,0.1,Unknown,Credit Card,Los Angeles
ORD-106353,5/22/2023,Wireless Mouse,Electronics,7,338.95,0,60,Debit Card,New York
ORD-102342,4/17/2023,USB-C Cable,Electronics,7,229.78,0.15,28,Debit Card,Phoenix
ORD-109299,6/28/2023,Mechanical Keyboard,Electronics,3,159.05,0.05,33,Credit Card,Los Angeles
ORD-103168,11/28/2023,Sunscreen,Beauty,1,72.66,0.15,40,Debit Card,Los Angeles
ORD-101810,10/4/2023,Sunscreen,Beauty,3,329.82,0.15,51,,Online
ORD-109788,2/25/2023,Mechanical Keyboard,Electronics,8,371.27,0.1,44,Cash,Los Angeles
ORD-101265,12/22/2023,History Book,Books,6,251.14,0.05,29,Credit Card,New York
ORD-105087,12/1/2023,Monitor,Electronics,7,399.09,0.05,31,PayPal,Phoenix
ORD-107943,7/23/2023,Air Fryer,Home & Kitchen,7,251.4,0.05,150,Debit Card,Chicago
ORD-105836,7/5/2023,T-Shirt,Clothing,8,151.59,0.1,27,Credit Card,Chicago
ORD-105195,10/13/2023,Wireless Mouse,Electronics,8,456.75,0.15,67,Debit Card,Chicago
ORD-104450,10/9/2023,Headphones,Electronics,5,129.58,0.2,19,Debit Card,Houston
ORD-104946,12/27/2023,Python Guide,Books,8,356.68,0.05,57,Apple Pay,Chicago
ORD-104046,11/5/2023,T-Shirt,Clothing,5,474.38,0.1,50,Cash,Los Angeles
ORD-106940,7/22/2023,Socks,Clothing,4,49.88,0.1,51,,Phoenix
ORD-103703,2/28/2023,Mechanical Keyboard,Electronics,9,139.51,0.05,63,PayPal,Phoenix
ORD-101036,5/4/2023,Perfume,Beauty,2,216.07,0.15,41,,Houston
ORD-109531,7/4/2023,Python Guide,Books,2,157.06,0.05,49,PayPal,New York
ORD-105591,9/23/2023,Socks,Clothing,3,312.72,0.15,72,PayPal,New York
ORD-101229,5/31/2023,Lip Balm,Beauty,1,Unknown,0.1,49,Cash,Phoenix
ORD-107747,8/2/2023,Cookware Set,Home & Kitchen,1,163.12,0.1,59,Credit Card,Chicago
ORD-106974,10/4/2023,Monitor,Electronics,8,50000,0.15,59,Cash,Phoenix
ORD-107264,11/6/2023,Moisturizer,Beauty,7,106.79,0.1,56,PayPal,Chicago
ORD-105142,11/15/2023,T-Shirt,Clothing,3,360.05,0.05,45,Credit Card,Phoenix
ORD-106552,3/30/2023,Socks,Clothing,7,298.59,0.1,53,PayPal,Houston
ORD-100053,4/14/2023,Mechanical Keyboard,Electronics,8,393.74,0.15,52,Credit Card,New York
ORD-109886,6/11/2023,Shampoo,Beauty,5,26.45,0.05,68,Cash,Los Angeles
ORD-106556,1/12/2023,Python Guide,Books,5,Unknown,0.15,38,PayPal,Houston
ORD-108642,4/6/2023,Python Guide,Books,6,119.38,0.05,74,Debit Card,Phoenix
ORD-100160,3/27/2023,Lip Balm,Beauty,9,421.15,0.05,61,Credit Card,Houston
ORD-108047,7/8/2023,Socks,Clothing,9,263.83,0.15,57,Debit Card,Chicago
ORD-101588,12/5/2023,Cookware Set,Home & Kitchen,1,442,0.1,54,PayPal,Houston
ORD-101590,1/15/2023,Moisturizer,Beauty,6,53.2,0.1,47,Cash,Online
ORD-109418,12/12/2023,Sunscreen,Beauty,3,82.5,0.15,44,Apple Pay,Phoenix
ORD-109606,1/8/2023,Mug,Home & Kitchen,5,481.65,0.15,150,PayPal,New York
ORD-106688,7/8/2023,Blender,Home & Kitchen,5,264.46,0.1,72,Cash,Los Angeles
ORD-107388,3/12/2023,Jacket,Clothing,2,28.33,0.2,50,PayPal,New York
ORD-109413,7/13/2023,Mechanical Keyboard,Electronics,4,195.53,0.2,38,Credit Card,Los Angeles
ORD-106175,2/16/2023,Data Science 101,Books,6,77.54,0.15,27,Cash,New York
ORD-108278,12/30/2023,Cookware Set,Home & Kitchen,4,27.26,0.05,45,Cash,Online
ORD-109156,7/16/2023,Headphones,Electronics,6,175.92,0.15,63,PayPal,Online
ORD-103859,8/2/2023,USB-C Cable,Electronics,4,78.07,0.2,49,Credit Card,Los Angeles
ORD-109124,Invalid_Date,Air Fryer,Home & Kitchen,9,345.13,0,36,Debit Card,Phoenix
ORD-107135,1/19/2023,Lip Balm,Beauty,2,,0,56,Credit Card,Houston
ORD-102829,7/26/2023,Jacket,Clothing,2,123.6,0.2,28,Credit Card,Online
ORD-100437,5/29/2023,Biography,Books,3,89.48,0,45,Apple Pay,HOUSTON
ORD-105790,1/16/2023,Monitor,Electronics,4,-5,0,35,Cash,Houston
ORD-108426,2023-13-45,USB-C Cable,Electronics,5,438.92,0.05,39,PayPal,New York
ORD-103879,12/29/2023,Lip Balm,Beauty,3,85.33,0.05,34,Apple Pay,New York
ORD-101589,2023-13-45,Mug,Home & Kitchen,9,233.71,0.15,71,Credit Card,Online
ORD-102781,8/31/2023,USB-C Cable,Electronics,2,160.95,0.2,37,CASH,Chicago
ORD-109250,11/24/2023,Biography,Books,6,463.81,0.2,39,Apple Pay,Phoenix
ORD-108815,9/16/2023,Python Guide,Books,6,,0.15,57,Apple Pay,New York
ORD-105687,5/23/2023,Jeans,Clothing,1,411.49,0.1,,Cash,New York
ORD-103966,7/30/2023,T-Shirt,Clothing,9,411.21,0.2,29,Debit Card,New York
ORD-104728,6/7/2023,Jeans,Clothing,9,165.04,0.05,68,PayPal,Chicago
ORD-100974,1/14/2023,Jeans,Clothing,4,283.28,0.2,24,Cash,New York
ORD-101239,4/30/2023,Mug,Home & Kitchen,8,77.85,0,150,Credit Card,Los Angeles
ORD-102952,9/4/2023,Mechanical Keyboard,Electronics,2,144.38,0.1,23,Apple Pay,New York
ORD-102343,1/13/2023,Cookware Set,Home & Kitchen,5,210.17,0.1,64,,Online
ORD-106957,3/28/2023,Cookware Set,Home & Kitchen,4,177.21,0.15,-1,Cash,New York
ORD-108391,7/16/2023,Wireless Mouse,Electronics,8,292.08,0.15,60,Credit Card,Chicago
ORD-106047,9/23/2023,Fiction Novel,Books,5,191.11,0,59,Apple Pay,Phoenix
ORD-102159,9/2/2023,Monitor,Electronics,8,449.82,0.2,44,Credit Card,Chicago
ORD-109563,4/18/2023,Perfume,Beauty,5,206.7,0.05,62,Debit Card,Online
ORD-109647,6/19/2023,Data Science 101,Books,2,495.53,0.2,71,PayPal,New York
ORD-101498,7/11/2023,Monitor,Electronics,6,182.58,0,36,Apple Pay,Phoenix
ORD-104546,2023-13-45,Shampoo,Beauty,8,260.99,0.05,36,Apple Pay,Phoenix
ORD-106466,1/5/2023,Mug,Home & Kitchen,4,,0,51,Cash,Online
ORD-104258,3/15/2023,History Book,Books,4,42.25,0.05,47,Debit Card,Houston
ORD-102423,3/20/2023,Monitor,Electronics,Unknown,295.48,0.15,25,Credit Card,Phoenix
ORD-108820,11/7/2023,Python Guide,Books,3,60.41,0,52,DEBIT CARD,Los Angeles
ORD-105186,11/12/2023,USB-C Cable,Electronics,4,120.58,0.15,38,Cash,Chicago
ORD-105648,4/23/2023,Socks,Clothing,1,487.49,0.2,26,PayPal,Los Angeles
ORD-100358,10/12/2023,Air Fryer,Home & Kitchen,5,468.62,0,72,Credit Card,Phoenix
ORD-105243,12/5/2023,Shampoo,Beauty,8,Unknown,0.2,56,Apple Pay,New York
ORD-102131,3/13/2023,Biography,Books,8,9999.99,0.1,35,Debit Card,New York
ORD-109515,6/24/2023,Hoodie,Clothing,2,436.89,0.1,40,Debit Card,Chicago
ORD-102093,2/28/2023,Jacket,Clothing,3,292.92,0.1,32,Apple Pay,Houston
ORD-105410,1/3/2023,T-Shirt,Clothing,9,266.73,0.15,60,Credit Card,New York
ORD-102016,1/29/2023,Mechanical Keyboard,Electronics,3,257.33,0.2,23,Cash,Phoenix
ORD-109329,11/11/2023,Moisturizer,Beauty,7,372.43,0,56,PayPal,Chicago
ORD-104045,6/15/2023,History Book,Books,6,122.57,0.15,30,Credit Card,New York
ORD-100188,3/8/2023,Biography,Books,3,218.61,0.1,25,Apple Pay,Online
ORD-107314,7/29/2023,Data Science 101,Books,1,89.61,0.1,42,Debit Card,Los Angeles
ORD-103656,10/6/2023,Moisturizer,Beauty,9,307.2,0.2,33,Apple Pay,Chicago
ORD-103427,7/29/2023,Monitor,Electronics,6,163.62,0.15,36,Cash,Houston
ORD-107666,5/20/2023,Mechanical Keyboard,Electronics,9,160.79,0.05,999,Apple Pay,Chicago
ORD-101382,12/23/2023,Air Fryer,Home & Kitchen,3,224.98,0.1,48,Debit Card,Chicago
ORD-109533,6/24/2023,Coffee Maker,Home & Kitchen,3,489.46,,25,Debit Card,Los Angeles
ORD-100414,2023-13-45,Moisturizer,Beauty,6,283.34,0.2,30,Debit Card,Chicago
ORD-105038,9/27/2023,Socks,Clothing,3,-5,0.1,53,Cash,Chicago
ORD-104898,5/29/2023,Sunscreen,Beauty,8,413.34,0,74,Debit Card,New York
ORD-103337,2/21/2023,Mechanical Keyboard,Electronics,6,0,0.15,74,Debit Card,New York
ORD-103607,5/3/2023,History Book,Books,1,208.3,0,72,Credit Card,Chicago
ORD-103176,2/22/2023,Monitor,Electronics,9,-1,0.15,64,Apple Pay,Online
ORD-106847,3/12/2023,Wireless Mouse,Electronics,6,180.75,0.2,45,Cash,Online
ORD-102242,11/29/2023,Mechanical Keyboard,Electronics,7,9999.99,0.2,57,Credit Card,Los Angeles
ORD-109050,8/6/2023,Mug,Home & Kitchen,8,268.51,0.05,30,Apple Pay,New York
ORD-108242,1/3/2023,Wireless Mouse,Electronics,4,245.5,0.1,22,Apple Pay,Online
ORD-100257,7/17/2023,History Book,Books,5,347.68,0,35,PayPal,Houston
ORD-107523,8/13/2023,Hoodie,Clothing,3,461.21,0.1,38,Credit Card,Chicago
ORD-100201,2/20/2023,T-Shirt,Clothing,1,290.26,0.2,31,PayPal,Chicago
ORD-102236,2/3/2023,Socks,Clothing,5,263.36,0.15,33,Debit Card,Chicago
ORD-104744,4/20/2023,T-Shirt,Clothing,1,183.08,0.15,70,PayPal,Houston
ORD-101768,Invalid_Date,USB-C Cable,Electronics,2,152.58,0,62,Credit Card,Phoenix
ORD-104237,11/17/2023,Python Guide,Books,4,78.63,0.1,50,Apple Pay,Chicago
ORD-107177,1/19/2023,Mechanical Keyboard,Electronics,9,127.89,0,57,,New York
ORD-108697,6/2/2023,Jacket,Clothing,1,33.25,0,35,PayPal,Online
ORD-108317,12/17/2023,Perfume,Beauty,5,174.97,0,58,Debit Card,Chicago
ORD-101573,7/18/2023,Fiction Novel,Books,9,477.76,0.2,51,PayPal,Houston
ORD-100025,12/25/2023,Blender,Home & Kitchen,7,386.63,0.1,26,Cash,Houston
ORD-103364,1/31/2023,USB-C Cable,Electronics,8,96.18,0.1,0,Credit Card,Online
ORD-101089,6/30/2023,Jacket,Clothing,4,392.82,0.2,18,Cash,Chicago
ORD-104675,8/6/2023,Jeans,Clothing,3,301.26,0.15,45,PayPal,Houston
ORD-102695,2023-13-45,Mechanical Keyboard,Electronics,8,279.77,0.2,33,Apple Pay,Online
ORD-108080,4/11/2023,Coffee Maker,Home & Kitchen,8,66.03,0.15,40,Apple Pay,Houston
ORD-103399,2/19/2023,Shampoo,Beauty,3,277.74,0,27,Debit Card,Houston
ORD-103560,3/14/2023,Socks,Clothing,9,417.44,0.1,,PayPal,Houston
ORD-109428,10/7/2023,Wireless Mouse,Electronics,6,395,0.2,56,PayPal,Online
ORD-102842,10/3/2023,Data Science 101,Books,6,75.07,0.05,51,Cash,Los Angeles
ORD-102312,4/13/2023,Lip Balm,Beauty,2,266.25,0.1,65,PayPal,Houston
ORD-108579,2/15/2023,Wireless Mouse,Electronics,-5,148.09,0.05,59,Cash,Chicago
ORD-103235,6/29/2023,History Book,Books,9,72.85,0.1,72,PayPal,Online
ORD-104153,1/26/2023,Shampoo,Beauty,5,,0,43,Apple Pay,Houston
ORD-101310,2023-13-45,Biography,Books,9,9.34,0.2,65,Debit Card,Phoenix
ORD-100696,2/28/2023,Moisturizer,beauty,6,186.01,0.05,61,PayPal,Chicago
ORD-107111,5/20/2023,Lip Balm,Beauty,7,196.57,0,22,PayPal,Chicago
ORD-103753,4/14/2023,Shampoo,Beauty,7,123.39,0.2,56,Debit Card,Phoenix
ORD-106338,8/16/2023,Python Guide,Books,7,179,0.1,999,Cash,Chicago
ORD-101228,12/9/2023,T-Shirt,Clothing,3,315.7,0.2,51,Credit Card,New York
ORD-102000,4/20/2023,Fiction Novel,Books,3,307.38,0.2,67,Cash,Los Angeles
ORD-100277,11/6/2023,Sunscreen,Beauty,4,419.72,0.2,N/A,PayPal,Online
ORD-107220,7/2/2023,Lip Balm,Beauty,6,87.54,0.05,20,Credit Card,Online
ORD-109811,5/24/2023,Blender,Home & Kitchen,5,218.29,0.2,22,PayPal,Los Angeles
ORD-105930,2/28/2023,Cookware Set,Home & Kitchen,9,247.49,0.05,64,PayPal,CHICAGO
ORD-102954,4/28/2023,Hoodie,Clothing,1,65.74,0.1,63,Cash,New York
ORD-103638,7/26/2023,Headphones,Electronics,6,248.67,0.15,72,Cash,Los Angeles
ORD-103907,4/22/2023,Monitor,Electronics,9,69.53,0.05,55,Debit Card,Chicago
ORD-104779,6/22/2023,Shampoo,Beauty,N/A,133.04,0.05,32,Apple Pay,Los Angeles
ORD-105846,9/1/2023,Headphones,Electronics,9,451.15,0.15,21,Apple Pay,Los Angeles
ORD-109989,1/15/2023,Fiction Novel,Books,3,126.39,0,62,Credit Card,Chicago
ORD-104118,3/11/2023,Headphones,Electronics,6,143.73,0,69,Apple Pay,Houston
ORD-108939,5/17/2023,Python Guide,Books,4,373.92,0,64,Apple Pay,Los Angeles
ORD-101138,2/7/2023,USB-C Cable,Electronics,6,454.47,0.2,28,Cash,Phoenix
ORD-102768,12/26/2023,Data Science 101,Books,9,239.54,0.2,54,Apple Pay,chicago
ORD-102335,4/22/2023,Mechanical Keyboard,Electronics,7,67.4,0.1,66,Apple Pay,Online
ORD-108204,1/15/2023,Jacket,Clothing,8,128.3,0.05,70,Cash,Chicago
ORD-100943,8/25/2023,Mechanical Keyboard,Electronics,8,174.01,0,51,Apple Pay,Houston
ORD-108166,7/12/2023,Sunscreen,Beauty,5,-5,0,66,Credit Card,Online
ORD-107202,6/28/2023,Data Science 101,Books,9,130.3,0.2,36,Apple Pay,Online
ORD-102491,1/15/2023,Sunscreen,Beauty,5,340.87,0.1,46,Cash,New York
ORD-109970,11/30/2023,Mug,Home & Kitchen,2,181.27,0.1,57,Credit Card,Houston
ORD-106291,12/10/2023,Fiction Novel,Books,6,427.53,0.2,-5,Cash,Phoenix
ORD-104936,3/26/2023,Data Science 101,Books,9,355.8,0.2,68,Credit Card,Los Angeles
ORD-103936,3/11/2023,Shampoo,Beauty,3,492.29,0.15,999,Apple Pay,Online
ORD-106881,3/30/2023,Blender,Home & Kitchen,2,272.31,0.15,61,Apple Pay,Online
ORD-107415,11/2/2023,Socks,Clothing,2,309.11,,27,Credit Card,Houston
ORD-102385,8/18/2023,T-Shirt,Clothing,4,103.42,0.15,42,Cash,Los Angeles
ORD-100116,12/14/2023,Perfume,Beauty,1,342.11,0,66,Debit Card,Online
ORD-101864,11/6/2023,Python Guide,Books,4,201.16,0,62,Credit Card,Houston
ORD-107619,8/10/2023,Air Fryer,Home & Kitchen,8,42.02,0.1,61,Apple Pay,Chicago
ORD-103120,9/3/2023,Wireless Mouse,Electronics,6,149.76,0.1,66,Apple Pay,Chicago
ORD-104259,2/8/2023,Biography,Books,7,75.99,0.15,35,paypal,Houston
ORD-107150,7/16/2023,Monitor,Electronics,8,479.13,0.2,53,Cash,Phoenix
ORD-100903,4/16/2023,Python Guide,Books,8,333.78,0.2,,Apple Pay,Phoenix
ORD-102820,12/18/2023,Lip Balm,Beauty,8,,0.2,54,Credit Card,Los Angeles
ORD-103823,12/16/2023,Mug,Home & Kitchen,8,239.66,0.15,35,Credit Card,Houston
ORD-107589,6/15/2023,Mechanical Keyboard,Electronics,3,320.88,0,23,Credit Card,Houston
ORD-107347,9/21/2023,Python Guide,Books,9,480.79,0.15,56,Credit Card,Los Angeles
ORD-109360,6/16/2023,T-Shirt,Clothing,8,56.57,0.1,-1,Credit Card,Los Angeles
ORD-104700,4/4/2023,Monitor,Electronics,6,78.94,0,50,Cash,Chicago
ORD-109183,6/18/2023,History Book,Books,8,328.37,0,63,Cash,New York
ORD-103803,2/2/2023,Data Science 101,Books,3,337.19,0.1,36,Debit Card,Los Angeles
ORD-106069,2/5/2023,T-Shirt,Clothing,8,304.55,0.2,30,Debit Card,Chicago
ORD-105811,7/29/2023,History Book,Books,9,163.75,0,64,PayPal,Houston
ORD-103537,9/26/2023,Hoodie,Clothing,2,51.28,0.2,35,Cash,Los Angeles
ORD-103826,2/1/2023,Coffee Maker,Home & Kitchen,8,248.18,0.15,-1,Cash,Online
ORD-106643,8/31/2023,Wireless Mouse,Electronics,7,334.5,0.05,46,Apple Pay,Online
ORD-108900,5/4/2023,Jacket,Clothing,3,486.96,0.15,63,Apple Pay,Houston
ORD-108865,4/4/2023,Headphones,Electronics,1,320.94,0.15,62,Credit Card,Chicago
ORD-104811,3/25/2023,Lip Balm,Beauty,4,270.5,0,20,Apple Pay,Phoenix
ORD-101947,6/3/2023,Cookware Set,Home & Kitchen,8,266.27,0.05,48,PayPal,Houston
ORD-108979,3/7/2023,Cookware Set,Home & Kitchen,3,213.45,0,18,Apple Pay,Chicago
ORD-107802,12/27/2023,Mug,Home & Kitchen,6,328.67,0.15,44,CASH,Chicago
ORD-105336,9/30/2023,Socks,Clothing,3,85.79,0.15,65,Debit Card,Online
ORD-103489,6/16/2023,Moisturizer,Beauty,3,96.05,0.2,50,Credit Card,Chicago
ORD-101611,5/15/2023,Moisturizer,Beauty,4,N/A,0.2,28,Credit Card,Los Angeles
ORD-107949,2023-13-45,Headphones,Electronics,8,157.69,0,44,Apple Pay,Houston
ORD-107521,1/15/2023,Jeans,Clothing,6,55.15,0.15,28,Debit Card,New York
ORD-104678,2/26/2023,Coffee Maker,Home & Kitchen,7,184.85,0.2,18,Cash,Houston
ORD-104960,1/26/2023,Perfume,Beauty,1,63.73,0.2,65,PayPal,Houston
ORD-107541,8/31/2023,Fiction Novel,Books,3,210.11,0.2,67,,Houston
ORD-105868,5/1/2023,Fiction Novel,Books,1,335.08,0.1,35,PayPal,Los Angeles
ORD-109023,3/20/2023,Air Fryer,Home & Kitchen,N/A,147.69,0.1,36,Credit Card,New York
ORD-104762,2/23/2023,Wireless Mouse,Electronics,1,422.6,0.2,200,Credit Card,Online
ORD-102195,7/14/2023,Headphones,Electronics,3,405.44,0.1,27,Debit Card,Online
ORD-100883,7/28/2023,T-Shirt,Clothing,8,119.24,0.15,69,Apple Pay,Online
ORD-105702,5/21/2023,History Book,Books,7,38.91,0,39,PayPal,Phoenix
ORD-105114,2/16/2023,Blender,Home & Kitchen,7,306.03,,41,Apple Pay,Phoenix
ORD-100558,5/14/2023,Mug,Home & Kitchen,2,327.13,0.1,200,Apple Pay,Phoenix
ORD-108376,4/18/2023,Moisturizer,Beauty,9,257.92,0,62,Apple Pay,Online
ORD-105140,4/5/2023,Sunscreen,Beauty,8,155.09,0.1,48,Credit Card,New York
ORD-101208,5/8/2023,Monitor,Electronics,8,410.34,0.15,41,,Chicago
ORD-107494,7/29/2023,Data Science 101,Books,3,,0.1,26,Debit Card,New York
ORD-107788,3/4/2023,Biography,Books,3,355.34,0,38,Cash,Chicago
ORD-101511,6/17/2023,Mug,Home & Kitchen,1,454.34,0.05,69,Credit Card,CHICAGO
ORD-109207,6/12/2023,Python Guide,Books,3,490.11,0.05,32,Credit Card,Houston
ORD-103830,11/19/2023,Hoodie,Clothing,6,373.4,0.15,63,Credit Card,Los Angeles
ORD-103733,12/24/2023,Hoodie,Clothing,7,98.13,0.05,66,Apple Pay,Houston
ORD-108612,2/14/2023,Moisturizer,Beauty,8,167.19,0.1,70,Credit Card,New York
ORD-103212,6/12/2023,Python Guide,Books,-1,148.87,0.15,68,Apple Pay,Houston
ORD-103631,5/17/2023,Cookware Set,Home & Kitchen,1,340.84,0.2,26,Cash,New York
ORD-101709,9/10/2023,Coffee Maker,Home & Kitchen,9,50000,0.1,41,Apple Pay,New York
ORD-101846,3/1/2023,Monitor,Electronics,2,331.64,0.2,18,PayPal,New York
ORD-100267,9/8/2023,Socks,Clothing,3,435.7,0.2,30,Credit Card,Chicago
ORD-105986,7/24/2023,Socks,Clothing,5,125.02,0.15,66,,Los Angeles
ORD-101141,6/2/2023,Wireless Mouse,Electronics,3,448.8,0.2,66,Cash,Houston
ORD-103163,8/17/2023,USB-C Cable,Electronics,1,414,0.05,37,Debit Card,Online
ORD-106208,2/28/2023,History Book,Books,2,150.24,0.15,50,Cash,Chicago
ORD-102047,2/26/2023,Jacket,Clothing,9,60.83,0.15,30,Cash,Phoenix
ORD-103731,10/12/2023,T-Shirt,Clothing,-1,67.06,0,19,PayPal,Phoenix
ORD-101910,8/30/2023,Moisturizer,Beauty,3,479.76,0.2,20,Cash,Chicago
ORD-107786,10/18/2023,Headphones,Electronics,1,117.01,0.05,73,PAYPAL,Chicago
ORD-102661,7/31/2023,Perfume,Beauty,2,127.01,0.2,20,PayPal,Houston
ORD-100657,2/21/2023,Socks,Clothing,4,314.27,0.15,49,,Phoenix
ORD-106661,5/23/2023,Blender,Home & Kitchen,4,403.06,0.2,45,Apple Pay,Online
ORD-101308,5/31/2023,Mechanical Keyboard,Electronics,1,492.4,0.1,33,Cash,Online
ORD-102568,8/18/2023,USB-C Cable,Electronics,2,424.16,0,45,Cash,Chicago
ORD-100999,6/22/2023,USB-C Cable,Electronics,5,418.3,0,19,Apple Pay,Houston
ORD-106262,3/15/2023,Python Guide,Books,7,375.67,0.1,33,PayPal,New York
ORD-102835,9/3/2023,Shampoo,Beauty,0,103.72,0.05,25,Debit Card,New York
ORD-109856,7/26/2023,Monitor,Electronics,4,159.33,0.15,27,PayPal,Los Angeles
ORD-109452,1/1/2023,Headphones,Electronics,1,20.67,0.2,32,Cash,New York
ORD-105881,4/18/2023,Jeans,Clothing,1,152.21,0.2,69,Apple Pay,Phoenix
ORD-101238,4/27/2023,Blender,Home & Kitchen,5,183.4,0,62,PayPal,New York
ORD-102152,9/27/2023,Perfume,Beauty,8,138.84,0.1,70,Cash,Houston
ORD-103836,10/4/2023,Jacket,Clothing,7,59.62,0.1,31,Credit Card,Los Angeles
ORD-109986,4/11/2023,Fiction Novel,Books,6,-1,0.1,46,Cash,Houston
ORD-107661,8/3/2023,T-Shirt,Clothing,2,159.23,,22,Cash,Online
ORD-108480,10/26/2023,History Book,Books,3,467.76,0.15,54,credit card,Online
ORD-106579,7/27/2023,Blender,Home & Kitchen,2,157.93,0.2,35,Apple Pay,Los Angeles
ORD-105092,8/21/2023,USB-C Cable,Electronics,2,250.21,0.15,19,PayPal,Los Angeles
ORD-102187,10/6/2023,Python Guide,Books,5,50000,0.05,25,Cash,Online
ORD-108887,3/12/2023,Air Fryer,Home & Kitchen,9,141.33,0.05,N/A,Apple Pay,Houston
ORD-101135,3/18/2023,Fiction Novel,Books,8,307,0,40,PayPal,Chicago
ORD-105005,11/14/2023,Biography,Books,1,109.96,0.1,38,Debit Card,Online
ORD-106627,5/28/2023,Shampoo,Beauty,1,412.02,0.2,49,Apple Pay,PHOENIX
ORD-101304,6/27/2023,Blender,Home & Kitchen,9,69.99,0.05,73,Credit Card,Online
ORD-108716,11/4/2023,Perfume,Beauty,9,18.36,0.2,27,Credit Card,Phoenix
ORD-101628,3/14/2023,Shampoo,Beauty,7,201.05,0.05,65,PayPal,Phoenix
ORD-108266,6/13/2023,Jeans,Clothing,8,279.7,0,70,PayPal,New York
ORD-101523,7/4/2023,Moisturizer,Beauty,6,136.78,0.1,70,PayPal,New York
ORD-108094,11/18/2023,Cookware Set,Home & Kitchen,3,476.7,0,73,Credit Card,Phoenix
ORD-100359,9/2/2023,Moisturizer,Beauty,3,228.84,0.1,22,PayPal,Online
ORD-100139,8/10/2023,Hoodie,Clothing,6,50000,0.1,74,Cash,New York
ORD-100300,12/18/2023,Python Guide,Books,6,468.93,0.15,67,Apple Pay,Chicago
ORD-101557,5/16/2023,Socks,Clothing,8,490.64,0.2,28,PayPal,Phoenix
ORD-105100,11/20/2023,Jeans,Clothing,1,453.2,0.2,22,PayPal,Chicago
ORD-100383,12/30/2023,Biography,Books,7,407.43,0.1,60,PayPal,Phoenix
ORD-108558,3/11/2023,Headphones,Electronics,8,195.95,0,42,Cash,Houston
ORD-107406,6/22/2023,Fiction Novel,Books,6,483.33,0.2,24,Cash,Los Angeles
ORD-104858,11/2/2023,Wireless Mouse,Electronics,1,337.88,0.15,65,Cash,Los Angeles
ORD-103181,11/13/2023,History Book,Books,7,318.49,0.1,150,Cash,Houston
ORD-101440,2/4/2023,Headphones,Electronics,1,12.25,0.15,53,PayPal,Houston
ORD-107601,12/18/2023,USB-C Cable,Electronics,8,380.08,0.2,73,Credit Card,LOS ANGELES
ORD-105674,11/30/2023,Data Science 101,Books,5,154.08,0.2,36,Debit Card,Los Angeles
ORD-107043,9/5/2023,Hoodie,Clothing,3,50.97,0.15,70,Debit Card,Houston
ORD-100947,6/30/2023,Hoodie,Clothing,3,9999.99,0.15,43,PayPal,Houston
ORD-102391,2/23/2023,USB-C Cable,Electronics,9,332.52,0,65,Credit Card,Chicago
ORD-105499,6/14/2023,Moisturizer,Beauty,8,146.63,0.2,58,Cash,Los Angeles
ORD-107537,Invalid_Date,Air Fryer,Home & Kitchen,6,451.23,0.1,42,PayPal,Los Angeles
ORD-109505,4/25/2023,Python Guide,Books,5,146.02,0.15,35,Apple Pay,Los Angeles
ORD-102722,5/24/2023,Monitor,Electronics,4,278.65,0.2,51,Debit Card,Chicago
ORD-101933,7/3/2023,Mechanical Keyboard,Electronics,9,98.8,0.2,29,Cash,Online
ORD-107908,11/4/2023,Mechanical Keyboard,Electronics,8,213.31,0.2,53,Cash,Online
ORD-103237,9/14/2023,Cookware Set,Home & Kitchen,8,259.45,0.2,53,Cash,Online
ORD-103141,4/15/2023,Fiction Novel,Books,2,416.14,0,62,Debit Card,Houston
ORD-104164,1/27/2023,Fiction Novel,Books,6,483.67,0.15,49,Apple Pay,Online
ORD-109153,8/7/2023,Mug,Home & Kitchen,9,233.88,0.1,58,Credit Card,Houston
ORD-108535,5/16/2023,History Book,Books,2,73.64,0.05,-5,Debit Card,Houston
ORD-103808,8/10/2023,Headphones,Electronics,1,155.58,0.15,49,Apple Pay,New York
ORD-109762,11/25/2023,Wireless Mouse,Electronics,-5,150.42,0,69,PayPal,New York
ORD-107442,7/16/2023,Sunscreen,Beauty,2,6.45,0.1,61,Credit Card,Chicago
ORD-109169,7/16/2023,Jeans,Clothing,8,439.75,0.2,23,PayPal,Online
ORD-106782,2023-13-45,Sunscreen,Beauty,9,487.74,0,22,Cash,New York
ORD-107350,7/29/2023,T-Shirt,Clothing,1,487.33,0.2,19,Credit Card,Chicago
ORD-104155,7/29/2023,Air Fryer,Home & Kitchen,9,266.98,0.05,42,PayPal,Phoenix
ORD-104173,Invalid_Date,T-Shirt,Clothing,1,83.24,0.15,22,Credit Card,Houston
ORD-100797,12/24/2023,Jacket,Clothing,8,104.14,0,72,Credit Card,Chicago
ORD-102417,11/25/2023,T-Shirt,Clothing,1,223.22,0,56,Cash,New York
ORD-109480,2/11/2023,Shampoo,Beauty,1,128.39,0.1,70,Credit Card,Phoenix
ORD-106140,7/24/2023,Fiction Novel,Books,1,192.46,0.2,19,Apple Pay,Chicago
ORD-100786,2/15/2023,Jacket,Clothing,4,364.23,0.05,49,PayPal,Phoenix
ORD-107531,Invalid_Date,Shampoo,Beauty,7,190.16,0.15,38,Cash,New York
ORD-106790,8/18/2023,Sunscreen,Beauty,1,492.49,0.1,55,Apple Pay,New York
ORD-103159,4/24/2023,Jacket,Clothing,8,493.06,0.2,37,Cash,Chicago
ORD-100124,7/11/2023,Mug,Home & Kitchen,5,487.33,0.1,71,PayPal,Los Angeles
ORD-109740,12/3/2023,USB-C Cable,Electronics,5,241.76,0.15,34,cash,Chicago
ORD-108296,12/23/2023,Monitor,Electronics,5,217.47,0.05,56,Apple Pay,Phoenix
ORD-102173,2/21/2023,Moisturizer,Beauty,7,170.99,0.15,46,Debit Card,Online
ORD-102170,10/20/2023,Jeans,Clothing,1,206.27,0,59,Cash,Houston
ORD-107336,9/2/2023,Data Science 101,Books,3,196.74,0.15,70,Apple Pay,Los Angeles
ORD-104010,8/28/2023,Jacket,Clothing,1,37.11,0,51,Debit Card,Los Angeles
ORD-109571,4/5/2023,Perfume,Beauty,7,59.9,0.05,20,Cash,Phoenix
ORD-104341,10/19/2023,Python Guide,Books,7,165.67,0.15,33,Credit Card,Los Angeles
ORD-100911,4/30/2023,Socks,Clothing,6,70.17,0.15,150,Debit Card,Houston
ORD-106269,8/4/2023,Python Guide,Books,4,367.47,0.05,64,Apple Pay,LOS ANGELES
ORD-109017,10/23/2023,Moisturizer,Beauty,2,,0.15,44,Apple Pay,New York
ORD-102310,1/2/2023,Headphones,Electronics,7,72.03,0,62,Credit Card,Los Angeles
ORD-109949,8/5/2023,Lip Balm,Beauty,8,273.29,0,37,Apple Pay,Houston
ORD-103635,6/1/2023,T-Shirt,Clothing,1,208.37,0.05,44,Debit Card,Phoenix
ORD-101258,9/10/2023,Hoodie,Clothing,3,483.8,0.05,28,PayPal,phoenix
ORD-106592,6/6/2023,Blender,Home & Kitchen,1,222.47,0.05,44,Credit Card,New York
ORD-104459,4/22/2023,Hoodie,Clothing,6,327.9,0.1,42,Credit Card,Houston
ORD-106134,7/25/2023,Headphones,Electronics,9,263.39,0.1,37,Apple Pay,Houston
ORD-101179,7/28/2023,Cookware Set,home & kitchen,9,157.4,0.1,65,Credit Card,Phoenix
ORD-104653,11/30/2023,USB-C Cable,Electronics,8,427.94,0.2,42,PayPal,Online
ORD-106219,2/1/2023,Lip Balm,Beauty,6,311.31,0.2,29,Apple Pay,New York
ORD-103651,10/23/2023,Python Guide,Books,9,369.13,0.1,37,Apple Pay,New York
ORD-100443,2023-13-45,Mechanical Keyboard,Electronics,5,10.46,0.1,38,Cash,Chicago
ORD-103416,5/29/2023,Monitor,Electronics,3,368.27,0,200,Cash,Houston
ORD-101400,5/18/2023,USB-C Cable,Electronics,3,149.86,0.05,65,Apple Pay,New York
ORD-107973,3/27/2023,Socks,Clothing,6,445.27,0.2,26,PayPal,Online
ORD-107660,4/26/2023,Socks,Clothing,6,271.91,0.2,33,Cash,Online
ORD-101458,1/12/2023,Moisturizer,Beauty,7,112.79,0.1,22,Apple Pay,Chicago
ORD-109580,7/7/2023,Data Science 101,Books,1,35.63,0.2,19,Cash,Houston
ORD-105745,1/27/2023,Moisturizer,Beauty,7,27.11,0,47,paypal,Los Angeles
ORD-101055,2/23/2023,T-Shirt,Clothing,7,45.11,0.1,46,Apple Pay,Houston
ORD-108567,4/3/2023,USB-C Cable,Electronics,4,-5,0.05,46,Apple Pay,Online
ORD-103276,10/20/2023,T-Shirt,Clothing,4,10.43,0.05,73,Apple Pay,New York
ORD-101464,3/3/2023,Shampoo,Beauty,3,205.57,0.05,55,Apple Pay,Los Angeles
ORD-103700,4/2/2023,Air Fryer,Home & Kitchen,-5,410.47,0.1,52,Debit Card,Online
ORD-103760,7/3/2023,Air Fryer,Home & Kitchen,2,172.6,0,999,PayPal,Chicago
ORD-100930,1/15/2023,Lip Balm,Beauty,1,307.33,0.1,28,PayPal,Online
ORD-105512,4/22/2023,Blender,Home & Kitchen,9,26.67,0.15,57,Debit Card,Los Angeles
ORD-106469,9/3/2023,Sunscreen,Beauty,1,161.15,0.2,74,Credit Card,New York
ORD-108659,5/10/2023,Mechanical Keyboard,Electronics,6,144.52,0,18,Debit Card,Phoenix
ORD-101830,12/22/2023,Headphones,Electronics,6,50000,0.1,28,PayPal,Online
ORD-102929,8/4/2023,Headphones,Electronics,7,299.08,0.05,42,Cash,Houston
ORD-107394,2/12/2023,Sunscreen,Beauty,1,479.3,0.05,66,PayPal,Phoenix
ORD-106539,7/7/2023,T-Shirt,Clothing,4,437.2,0.15,26,Cash,Los Angeles
ORD-104222,2/13/2023,Air Fryer,Home & Kitchen,1,300.12,0.15,29,Apple Pay,Phoenix
ORD-103547,2/16/2023,Blender,Home & Kitchen,9,342.88,0,30,Debit Card,Los Angeles
ORD-105599,6/21/2023,History Book,Books,5,465.47,,52,PayPal,Online
ORD-109204,2/1/2023,USB-C Cable,Electronics,9,211.63,0.1,49,Credit Card,Online
ORD-107797,11/21/2023,Biography,Books,5,259.38,0,999,PayPal,New York
ORD-108402,8/13/2023,Shampoo,Beauty,6,226.79,0.15,42,Debit Card,Chicago
ORD-102012,12/17/2023,Blender,Home & Kitchen,1,220.94,0.15,72,,New York
ORD-100914,9/13/2023,Blender,Home & Kitchen,3,469.75,0.1,29,Credit Card,Online
ORD-108494,7/1/2023,Coffee Maker,Home & Kitchen,9,262.55,0,57,Apple Pay,Houston
ORD-107742,2/27/2023,Mechanical Keyboard,Electronics,8,159.73,0.15,61,Cash,Houston
ORD-103220,2/1/2023,Shampoo,Beauty,1,461.09,0.1,39,Cash,Online
ORD-102607,1/1/2023,Data Science 101,Books,4,Unknown,0.15,65,Apple Pay,New York
ORD-103265,3/2/2023,Data Science 101,Books,1,112.65,0.2,70,Debit Card,online
ORD-104929,9/20/2023,History Book,Books,9,224.48,,43,PayPal,Phoenix
ORD-108919,8/19/2023,Jacket,Clothing,3,189.72,0,58,PayPal,Houston
ORD-106565,6/29/2023,T-Shirt,Clothing,2,208.59,0.2,69,Apple Pay,New York
ORD-108404,5/20/2023,Biography,Books,8,401,0.1,49,Debit Card,Houston
ORD-100007,9/1/2023,Socks,Clothing,3,194.32,0,20,Apple Pay,Chicago
ORD-102981,12/5/2023,USB-C Cable,Electronics,1,157.19,0.15,18,PayPal,Online
ORD-106584,5/22/2023,Moisturizer,Beauty,8,257.33,0,999,Credit Card,Los Angeles
ORD-103362,3/17/2023,T-Shirt,Clothing,2,109.68,0.15,72,Cash,Chicago
ORD-104775,4/25/2023,Headphones,Electronics,1,50000,0.15,31,Cash,Houston
ORD-101944,1/7/2023,Biography,Books,9,322.93,0.2,22,Cash,Los Angeles
ORD-107939,5/28/2023,Lip Balm,Beauty,8,356.09,0.05,68,Debit Card,New York
ORD-105500,12/7/2023,Mug,HOME & KITCHEN,4,274.66,0.2,25,Credit Card,Los Angeles
ORD-101636,10/14/2023,Jacket,Clothing,6,244.69,0.1,71,Debit Card,New York
ORD-101142,8/14/2023,Headphones,Electronics,2,445.88,0.2,36,Apple Pay,New York
ORD-102042,1/21/2023,USB-C Cable,Electronics,9,59.09,,35,Cash,Phoenix
ORD-106816,4/9/2023,Data Science 101,Books,2,285.12,0.2,74,PayPal,Chicago
ORD-106704,12/1/2023,Fiction Novel,Books,9,9999.99,0.15,53,Cash,Chicago
ORD-107243,3/29/2023,Air Fryer,Home & Kitchen,7,445.04,0.05,32,Credit Card,Phoenix
ORD-100360,7/25/2023,Data Science 101,Books,1,256.08,0.15,59,Credit Card,Chicago
ORD-102071,11/14/2023,Jacket,Clothing,3,22.92,0,22,Cash,Houston
ORD-103135,6/9/2023,Sunscreen,Beauty,2,406.96,0.1,45,Cash,Los Angeles
ORD-105161,10/8/2023,Fiction Novel,books,4,54.56,0.05,56,Apple Pay,Chicago
ORD-106991,1/29/2023,Perfume,Beauty,3,469.23,0.15,61,Debit Card,Chicago
ORD-103244,1/21/2023,Perfume,Beauty,7,128.93,0,32,PayPal,Los Angeles
ORD-105276,12/31/2023,T-Shirt,Clothing,6,314.46,0.15,29,,Phoenix
ORD-102243,4/26/2023,Blender,Home & Kitchen,5,29.33,0.2,51,,Online
ORD-101475,6/11/2023,Wireless Mouse,Electronics,8,91.11,0.2,47,PayPal,Online
ORD-108846,5/20/2023,Monitor,Electronics,4,348.85,0.05,23,Debit Card,Houston
ORD-101890,8/21/2023,Lip Balm,Beauty,3,421.97,0.15,38,Debit Card,Houston
ORD-103436,3/28/2023,Air Fryer,Home & Kitchen,4,293.36,0,36,,Los Angeles
ORD-108091,10/16/2023,Perfume,Beauty,7,382.64,0.2,31,Debit Card,CHICAGO
ORD-105150,1/30/2023,Blender,Home & Kitchen,7,284.09,0.05,73,Credit Card,New York
ORD-103706,7/9/2023,Hoodie,Clothing,3,234.86,0,74,Debit Card,Houston
ORD-102022,9/1/2023,Sunscreen,Beauty,4,160.89,0.15,46,Credit Card,Houston
ORD-104021,3/24/2023,Mug,Home & Kitchen,8,497.7,,27,Credit Card,Online
ORD-109093,2/2/2023,Blender,Home & Kitchen,3,Unknown,0.1,53,Debit Card,Phoenix
ORD-108690,1/8/2023,Socks,Clothing,1,117.44,0.05,35,Apple Pay,Houston
ORD-103501,1/25/2023,Jeans,Clothing,2,447.86,0.15,26,Credit Card,Phoenix
ORD-102659,6/20/2023,T-Shirt,Clothing,3,129.91,0.2,47,Apple Pay,Chicago
ORD-109625,3/24/2023,Socks,Clothing,9,348.22,0.2,19,Debit Card,New York
ORD-109956,8/16/2023,History Book,Books,3,,0,69,Cash,Online
ORD-101131,11/9/2023,Socks,Clothing,7,125.68,0.1,62,Debit Card,Online
ORD-105558,6/6/2023,Mechanical Keyboard,Electronics,2,386.93,0.15,34,Cash,Phoenix
ORD-107839,7/27/2023,Monitor,Electronics,9,385.65,0.1,61,PayPal,Chicago
ORD-101820,9/30/2023,Blender,Home & Kitchen,4,253.21,0.15,61,Cash,Los Angeles
ORD-108774,2/17/2023,Shampoo,Beauty,8,472.13,0,19,Cash,Los Angeles
ORD-107972,9/20/2023,Socks,Clothing,3,70.02,0.05,53,Apple Pay,Online
ORD-107065,5/21/2023,Moisturizer,Beauty,6,14.22,0.1,34,Credit Card,Phoenix
ORD-104319,2/1/2023,History Book,Books,5,107.36,0.1,62,Apple Pay,New York
ORD-109893,6/6/2023,Jacket,Clothing,3,462.55,0.05,28,Debit Card,Los Angeles
ORD-104145,11/17/2023,Moisturizer,Beauty,5,188,0.15,35,Cash,Los Angeles
ORD-104670,6/20/2023,T-Shirt,Clothing,3,157.08,0.15,65,Credit Card,Houston
ORD-101237,7/22/2023,Hoodie,Clothing,6,40.78,0.05,42,Cash,Chicago
ORD-105477,5/20/2023,Coffee Maker,Home & Kitchen,8,367.01,0.2,41,Credit Card,New York
ORD-107130,12/4/2023,Moisturizer,Beauty,4,152.04,0,150,Credit Card,Chicago
ORD-106293,8/13/2023,Socks,Clothing,6,259.7,0.2,71,Cash,New York
ORD-101857,3/21/2023,Moisturizer,Beauty,8,494.73,0.05,18,Apple Pay,Los Angeles
ORD-102283,6/17/2023,Monitor,Electronics,5,396.43,0.2,200,Apple Pay,Houston
ORD-108951,11/6/2023,Headphones,Electronics,6,100.1,0.2,38,PayPal,Online
ORD-109598,2023-13-45,Lip Balm,Beauty,5,385.59,0,61,Credit Card,New York
ORD-104094,4/6/2023,Jeans,Clothing,2,100.24,0.1,32,Cash,Chicago
ORD-107525,2/20/2023,T-Shirt,Clothing,8,210.27,0.15,-5,Cash,New York
ORD-105201,1/8/2023,Biography,Books,8,453.68,0,-5,Debit Card,Houston
ORD-106402,2/13/2023,Data Science 101,Books,7,222.76,0.2,73,Debit Card,Los Angeles
ORD-109336,2023-13-45,Socks,Clothing,8,406.5,0.15,66,PayPal,Online
ORD-103422,8/17/2023,Mug,Home & Kitchen,3,472.56,0.05,,PayPal,Houston
ORD-109544,5/18/2023,Wireless Mouse,Electronics,7,152.73,0,150,Cash,Online
ORD-100387,1/27/2023,Perfume,Beauty,5,146.01,0.2,64,Cash,Chicago
ORD-107771,12/15/2023,Jacket,Clothing,9,34.51,0.05,35,Apple Pay,PHOENIX
ORD-101629,8/12/2023,Perfume,Beauty,9,9999.99,0.05,61,Apple Pay,Online
ORD-103586,10/9/2023,Data Science 101,Books,6,367.29,0.2,44,Cash,Online
ORD-107955,7/5/2023,Hoodie,Clothing,5,448.13,0.15,,Apple Pay,Houston
ORD-102715,11/14/2023,T-Shirt,Clothing,1,135.52,,36,Debit Card,Online
ORD-107643,11/8/2023,Mechanical Keyboard,Electronics,9,53.84,0.15,47,Cash,Online
ORD-108682,12/13/2023,Monitor,Electronics,1,264.3,0.15,22,PayPal,Phoenix
ORD-109599,4/3/2023,Blender,Home & Kitchen,1,400.59,0,43,Cash,Online
ORD-105660,6/26/2023,Jeans,Clothing,1,454.83,,57,Debit Card,Houston
ORD-106857,9/3/2023,Data Science 101,Books,6,132.56,0.05,63,PayPal,New York
ORD-103190,3/28/2023,Monitor,Electronics,3,390.41,0.2,18,Apple Pay,Houston
ORD-104943,5/29/2023,Shampoo,Beauty,1,160.82,0.05,41,PayPal,Houston
ORD-104306,6/5/2023,Headphones,Electronics,7,50.99,0.15,33,Credit Card,Houston
ORD-100910,2/8/2023,Python Guide,Books,6,50000,0,30,Apple Pay,Chicago
ORD-105386,10/4/2023,Air Fryer,Home & Kitchen,6,49.82,0.2,45,Debit Card,Chicago
ORD-101997,10/15/2023,Cookware Set,Home & Kitchen,9,9999.99,0.15,27,Credit Card,Houston
ORD-101867,8/16/2023,Data Science 101,Books,4,85.27,0.1,34,CREDIT CARD,Phoenix
ORD-101843,2/25/2023,Sunscreen,Beauty,6,5.2,0.2,64,,Los Angeles
ORD-102498,12/8/2023,Mug,Home & Kitchen,2,26.51,0.05,999,PayPal,Phoenix
ORD-100202,9/24/2023,Headphones,Electronics,8,421.02,0,63,PayPal,Los Angeles
ORD-108292,7/8/2023,Python Guide,Books,9,333.06,,61,Debit Card,Houston
ORD-103869,9/27/2023,Python Guide,Books,9,N/A,0.1,45,Debit Card,Phoenix
ORD-105055,6/22/2023,Shampoo,Beauty,1,387.56,0.1,30,PayPal,Phoenix
ORD-105890,8/30/2023,USB-C Cable,Electronics,3,257.99,0.05,34,Cash,Chicago
ORD-104007,5/20/2023,Sunscreen,Beauty,7,74.82,0,39,Apple Pay,New York
ORD-101262,10/6/2023,Data Science 101,Books,7,124.97,0,65,Credit Card,Chicago
ORD-102703,8/6/2023,Shampoo,Beauty,8,225.83,0.05,27,Apple Pay,Houston
ORD-103450,9/6/2023,Perfume,Beauty,6,287.21,0,36,Cash,Chicago
ORD-100332,1/3/2023,Wireless Mouse,Electronics,6,228.9,0,59,PayPal,New York
ORD-107608,11/9/2023,Python Guide,Books,2,282.8,0.2,55,Cash,Los Angeles
ORD-109228,1/8/2023,Monitor,Electronics,1,358.24,0,999,PayPal,Houston
ORD-108516,12/1/2023,Headphones,Electronics,5,450.72,0.15,59,Debit Card,Chicago
ORD-107648,6/1/2023,Perfume,Beauty,7,30.62,0.2,55,Credit Card,New York
ORD-102460,11/28/2023,Monitor,Electronics,6,483.09,0,63,Credit Card,Chicago
ORD-101775,1/10/2023,Mechanical Keyboard,Electronics,9,230.53,0,56,Debit Card,Chicago
ORD-106629,2/20/2023,History Book,Books,6,167.33,0.05,64,PayPal,Houston
ORD-108094,11/18/2023,Cookware Set,Home & Kitchen,3,476.7,0,73,Credit Card,Phoenix
ORD-108335,4/24/2023,Moisturizer,Beauty,9,411.96,0,46,Debit Card,Online
ORD-102687,2/27/2023,Fiction Novel,Books,4,341.67,0.15,25,Credit Card,Phoenix
ORD-109419,10/30/2023,Sunscreen,Beauty,4,134.57,0.05,43,Apple Pay,Houston
ORD-100990,12/3/2023,Coffee Maker,Home & Kitchen,1,349.86,,36,Cash,New York
ORD-107496,6/22/2023,Jacket,Clothing,5,41.2,0.15,65,PayPal,Los Angeles
ORD-108594,5/8/2023,History Book,Books,4,6.18,0.2,34,PayPal,Phoenix
ORD-108363,7/13/2023,Mug,Home & Kitchen,7,56.46,0.1,69,PayPal,New York
ORD-106994,10/22/2023,History Book,Books,6,124.31,0.1,29,Apple Pay,Phoenix
ORD-108804,4/3/2023,Headphones,Electronics,-5,486.29,0.15,70,Apple Pay,Houston
ORD-105807,1/11/2023,Data Science 101,Books,2,431.09,0.05,18,Debit Card,Los Angeles
ORD-108992,11/29/2023,Perfume,Beauty,2,455.06,0.1,51,PayPal,Los Angeles
ORD-108955,4/24/2023,Biography,Books,9,311.15,0,,Debit Card,Phoenix
ORD-106575,6/7/2023,Air Fryer,Home & Kitchen,2,21.77,0.05,18,Credit Card,New York
ORD-103053,7/22/2023,Shampoo,Beauty,5,487.25,0.1,31,Apple Pay,Houston
ORD-108895,9/30/2023,Lip Balm,Beauty,1,386.07,0,55,PayPal,Houston
ORD-105463,6/10/2023,Jeans,Clothing,8,49.86,0,33,Apple Pay,Houston
ORD-100174,5/20/2023,Headphones,Electronics,1,369.44,0,43,Credit Card,Chicago
ORD-104955,5/16/2023,T-Shirt,Clothing,3,5.16,0.05,62,Credit Card,Los Angeles
ORD-107321,7/12/2023,Air Fryer,Home & Kitchen,2,361.06,0.15,73,Apple Pay,New York
ORD-104616,10/11/2023,Jeans,Clothing,3,69.14,0.15,20,PayPal,Phoenix
ORD-103322,3/25/2023,Data Science 101,Books,4,217.18,0.2,32,PayPal,Online
ORD-107529,10/29/2023,Python Guide,Books,6,289.49,0.1,47,Apple Pay,New York
ORD-106247,10/15/2023,Headphones,Electronics,6,145.21,0.15,-5,Apple Pay,New York
ORD-106746,4/6/2023,Hoodie,Clothing,1,26.11,0.05,26,Apple Pay,Online
ORD-103373,10/21/2023,Lip Balm,Beauty,9,325.97,0,65,Credit Card,Los Angeles
ORD-106049,12/18/2023,Fiction Novel,Books,4,447,0.2,39,Credit Card,Phoenix
ORD-103312,1/26/2023,Headphones,Electronics,8,499.43,0.1,Unknown,Debit Card,Chicago
ORD-107901,8/31/2023,Socks,Clothing,9,75.18,0.05,37,Cash,Houston
ORD-107771,12/15/2023,Jacket,Clothing,9,34.51,0.05,35,Apple Pay,PHOENIX
ORD-108082,5/29/2023,Headphones,Electronics,1,433.26,,66,Cash,Chicago
ORD-109655,8/15/2023,Blender,Home & Kitchen,8,468.17,0.15,68,Credit Card,Houston
ORD-109074,1/23/2023,Hoodie,Clothing,5,210.95,0,52,Apple Pay,Online
ORD-104552,7/13/2023,History Book,Books,4,302.59,0.15,33,DEBIT CARD,Phoenix
ORD-104680,8/21/2023,Biography,Books,2,124.81,0.15,200,Debit Card,Los Angeles
ORD-103404,5/3/2023,Data Science 101,Books,9,43.44,0.2,43,PayPal,Chicago
ORD-100019,3/22/2023,Coffee Maker,Home & Kitchen,8,11.97,0.1,52,,Online
ORD-103692,9/19/2023,Monitor,Electronics,6,278.04,0,41,Cash,Online
ORD-108912,2023-13-45,Jacket,Clothing,1,408.14,0.05,51,Credit Card,Houston
ORD-104097,2/12/2023,Wireless Mouse,Electronics,2,354.32,0.1,68,Credit Card,New York
ORD-103629,1/18/2023,Hoodie,Clothing,6,65.49,0.05,64,Credit Card,Houston
ORD-109126,7/3/2023,T-Shirt,Clothing,7,355.97,0.1,68,Apple Pay,Phoenix
ORD-102175,4/3/2023,History Book,Books,4,387.16,0,70,Cash,Houston
ORD-101357,7/16/2023,Cookware Set,Home & Kitchen,1,441.89,0.15,21,Apple Pay,Chicago
ORD-105003,8/25/2023,Jeans,Clothing,9,44.95,0.15,24,Debit Card,New York
ORD-107873,3/12/2023,Socks,Clothing,9,418.33,0,23,Cash,Los Angeles
ORD-106923,7/22/2023,Jacket,Clothing,6,50000,0,69,Apple Pay,Houston
ORD-105824,12/15/2023,Moisturizer,Beauty,6,65.2,0.2,52,PayPal,Los Angeles
ORD-109785,9/17/2023,Data Science 101,Books,7,468.43,0.05,47,Apple Pay,Online
ORD-105671,12/5/2023,Fiction Novel,Books,3,249.79,0,38,Apple Pay,Houston
ORD-103113,3/15/2023,USB-C Cable,Electronics,1,208.47,0.1,72,Debit Card,Chicago
ORD-100183,1/5/2023,Data Science 101,Books,3,86.31,0.1,31,Cash,Los Angeles
ORD-103643,12/5/2023,T-Shirt,Clothing,5,9999.99,0,60,Debit Card,Los Angeles
ORD-109121,6/30/2023,Python Guide,Books,-1,62.04,0.05,56,PayPal,New York
ORD-101813,7/11/2023,Moisturizer,Beauty,5,445.66,0.1,N/A,Apple Pay,New York
ORD-100856,4/6/2023,Biography,Books,6,21.67,0.1,32,Cash,Chicago
ORD-108689,4/22/2023,Python Guide,Books,7,316.84,0.2,51,Debit Card,Chicago
ORD-104913,3/8/2023,T-Shirt,Clothing,5,114.51,0.15,53,Credit Card,Online
ORD-105669,5/26/2023,Biography,Books,8,196.66,0,20,Debit Card,Online
ORD-108795,11/16/2023,Jacket,Clothing,4,415.08,0.05,35,PayPal,Phoenix
ORD-101801,11/26/2023,Mechanical Keyboard,Electronics,8,,0.15,32,Credit Card,Online
ORD-109526,8/28/2023,Fiction Novel,Books,6,75.26,0.2,33,Apple Pay,Phoenix
ORD-102430,2/9/2023,Coffee Maker,Home & Kitchen,6,230.23,0.2,27,Credit Card,Online
ORD-105483,1/7/2023,Sunscreen,Beauty,1,190.26,0.05,36,Credit Card,NEW YORK
ORD-106762,11/2/2023,Fiction Novel,Books,7,273.69,0.1,27,Apple Pay,Online
ORD-105795,11/6/2023,Mug,Home & Kitchen,3,151.02,0.05,71,Cash,Houston
ORD-108002,3/23/2023,Sunscreen,Beauty,1,237.36,0.05,41,Credit Card,Phoenix
ORD-101969,1/18/2023,Wireless Mouse,Electronics,6,480.88,0.05,69,PayPal,New York
ORD-108585,3/24/2023,Sunscreen,Beauty,3,-5,0.15,22,Debit Card,Los Angeles
ORD-108411,11/16/2023,Biography,Books,3,186.71,0,36,Cash,Online
ORD-108198,4/29/2023,Monitor,Electronics,6,110.42,0,55,Credit Card,Chicago
ORD-108036,10/19/2023,T-Shirt,Clothing,5,275.93,0,43,Cash,Houston
ORD-107009,6/9/2023,Biography,Books,7,151.39,0,43,Apple Pay,Phoenix
ORD-104988,1/1/2023,Wireless Mouse,Electronics,4,477.01,0,65,Debit Card,Chicago
ORD-103466,12/23/2023,Monitor,Electronics,7,40.78,0.2,31,PayPal,Phoenix
ORD-104651,4/25/2023,T-Shirt,Clothing,7,108,0.05,71,Debit Card,Los Angeles
ORD-101160,5/2/2023,Hoodie,Clothing,2,482.78,0.15,59,PayPal,ONLINE
ORD-101214,2/25/2023,Fiction Novel,Books,8,-5,0.1,74,Credit Card,New York
ORD-107816,4/20/2023,Perfume,Beauty,9,256.56,0.2,42,PayPal,Houston
ORD-101326,2/18/2023,Hoodie,Clothing,4,254.8,0.1,60,Debit Card,Los Angeles
ORD-109190,9/14/2023,Python Guide,Books,7,491.19,0,29,CREDIT CARD,Chicago
ORD-108078,4/29/2023,Lip Balm,Beauty,7,158.19,0.2,39,Apple Pay,Los Angeles
ORD-104797,3/31/2023,T-Shirt,Clothing,6,348.66,0.1,44,PayPal,Online
ORD-106797,9/11/2023,Coffee Maker,Home & Kitchen,9,5.12,0.15,999,Debit Card,Chicago
ORD-105809,7/18/2023,Mechanical Keyboard,Electronics,8,326.23,0.15,73,Debit Card,Chicago
ORD-105944,11/17/2023,Python Guide,Books,4,264.69,0.2,63,Debit Card,Online
ORD-109558,5/7/2023,Coffee Maker,Home & Kitchen,8,433.49,0.2,49,PayPal,New York
ORD-104387,2/13/2023,Hoodie,Clothing,5,299.75,0.15,24,PayPal,Chicago
ORD-101456,1/2/2023,USB-C Cable,Electronics,3,117.01,0.1,58,Cash,Phoenix
ORD-105411,6/28/2023,Mechanical Keyboard,Electronics,9,145.38,0.2,39,PayPal,Los Angeles
ORD-107597,7/9/2023,Jacket,Clothing,7,485.82,0.05,150,Cash,Houston
ORD-108675,5/20/2023,Sunscreen,Beauty,1,149.45,0.1,40,Credit Card,Online
ORD-104963,11/22/2023,Cookware Set,Home & Kitchen,1,148.11,0.15,150,Credit Card,Chicago
ORD-102801,2/21/2023,Jacket,Clothing,6,289.34,0.2,73,Cash,Chicago
ORD-101645,8/25/2023,Python Guide,Books,7,,0.05,24,Apple Pay,Chicago
ORD-102141,1/8/2023,Coffee Maker,Home & Kitchen,4,444.42,0.1,-5,Debit Card,New York
ORD-104537,2/20/2023,Mechanical Keyboard,Electronics,4,447.48,0.15,-1,Apple Pay,Houston
ORD-104458,2023-13-45,Wireless Mouse,Electronics,2,57.28,0.2,62,Credit Card,Chicago
ORD-109218,3/6/2023,Data Science 101,Books,1,321.62,0,70,PayPal,Online
ORD-105587,3/20/2023,History Book,Books,1,82.85,0.15,70,Credit Card,Online
ORD-104379,10/25/2023,Air Fryer,Home & Kitchen,7,64.92,0,58,Cash,Phoenix
ORD-100730,8/9/2023,Air Fryer,Home & Kitchen,2,106.32,0,65,Debit Card,Houston
ORD-104358,3/4/2023,Shampoo,Beauty,7,151.4,0.2,33,Apple Pay,Phoenix
ORD-108857,3/4/2023,Fiction Novel,Books,5,211.47,0.1,68,Debit Card,Phoenix
ORD-106717,2/26/2023,Biography,Books,2,,0.2,22,Apple Pay,Los Angeles
ORD-101937,7/16/2023,Cookware Set,Home & Kitchen,2,50000,0.1,40,Apple Pay,Chicago
ORD-103794,8/9/2023,Sunscreen,Beauty,7,249.03,0.05,45,Apple Pay,Los Angeles
ORD-103737,11/22/2023,T-Shirt,Clothing,8,9999.99,0.2,33,Apple Pay,Phoenix
ORD-102262,9/25/2023,Hoodie,Clothing,1,259.47,0,30,Apple Pay,Phoenix
ORD-107430,7/19/2023,History Book,Books,1,227.78,0.15,33,PayPal,Online
ORD-104006,3/3/2023,Coffee Maker,Home & Kitchen,9,286.52,0.1,150,Cash,Online
ORD-101111,11/30/2023,Socks,Clothing,1,399.26,0,53,Debit Card,Chicago
ORD-109298,2/16/2023,Cookware Set,Home & Kitchen,9,309.9,0.15,52,paypal,New York
ORD-105481,11/30/2023,Biography,Books,5,424.4,0.15,54,Debit Card,new york
ORD-102999,6/21/2023,Cookware Set,Home & Kitchen,7,379.44,0.15,25,PayPal,Los Angeles
ORD-102395,6/29/2023,Data Science 101,Books,2,164.98,0,53,Apple Pay,Online
ORD-101186,1/1/2023,Moisturizer,Beauty,4,274.41,0.05,32,PayPal,Chicago
ORD-102008,3/29/2023,History Book,Books,1,496.09,0,72,Debit Card,Online
ORD-100194,1/15/2023,History Book,Books,8,303.96,0.2,25,Apple Pay,Los Angeles
ORD-105612,10/17/2023,Air Fryer,Home & Kitchen,7,36.6,0,70,Cash,Chicago
ORD-102902,11/15/2023,Fiction Novel,Books,6,444.02,0.05,65,Cash,Online
ORD-100579,12/27/2023,Air Fryer,Home & Kitchen,N/A,302.32,0,25,Credit Card,Phoenix
ORD-106220,8/9/2023,Perfume,Beauty,5,194.42,0.05,44,PayPal,Phoenix
ORD-105526,7/8/2023,Cookware Set,Home & Kitchen,4,188.84,0.2,Unknown,Cash,New York
ORD-100772,2/27/2023,Data Science 101,Books,1,56.05,0.2,45,PayPal,Online
ORD-106684,1/21/2023,Air Fryer,Home & Kitchen,3,374.75,0.1,49,Cash,Chicago
ORD-102396,5/30/2023,Sunscreen,Beauty,8,314.99,0.1,73,Cash,Houston
ORD-101479,4/14/2023,Mug,Home & Kitchen,2,76.43,0.15,63,Credit Card,Online
ORD-101847,2/7/2023,Socks,Clothing,1,304.98,0,43,,Houston
ORD-109379,2/18/2023,Data Science 101,Books,4,296.68,0.05,54,Apple Pay,Online
ORD-104275,6/11/2023,Python Guide,Books,5,0,0.05,41,Credit Card,Houston
ORD-103741,5/22/2023,Perfume,Beauty,4,430.41,0,27,Credit Card,Chicago
ORD-104601,2/4/2023,Data Science 101,Books,8,492.35,0.05,63,PayPal,Chicago
ORD-108384,11/9/2023,History Book,Books,2,423.05,0.05,42,Credit Card,Chicago
ORD-101574,4/26/2023,History Book,Books,6,135.02,0.2,59,PayPal,Los Angeles
ORD-106677,11/9/2023,Coffee Maker,Home & Kitchen,2,50000,0.2,44,Apple Pay,Phoenix
ORD-106376,1/16/2023,Blender,Home & Kitchen,9,Unknown,0.2,67,Debit Card,Phoenix
ORD-100406,6/16/2023,Wireless Mouse,Electronics,6,291.3,0.2,63,Apple Pay,Phoenix
ORD-109823,7/26/2023,Wireless Mouse,Electronics,3,87.78,0.05,52,Apple Pay,Houston
ORD-104916,3/19/2023,Biography,Books,6,296.62,0.15,35,PayPal,New York
ORD-102074,4/9/2023,T-Shirt,Clothing,8,354.74,0.05,51,Debit Card,Chicago
ORD-104755,11/15/2023,Air Fryer,Home & Kitchen,5,283.11,0.1,-5,Apple Pay,Los Angeles
ORD-101897,12/19/2023,Moisturizer,Beauty,9,293.37,0.2,69,Cash,Chicago
ORD-108806,1/15/2023,Fiction Novel,Books,7,6.23,0.1,49,Cash,New York
ORD-106703,2/15/2023,History Book,Books,9,169.34,0.15,34,Credit Card,Phoenix
ORD-106318,Invalid_Date,USB-C Cable,Electronics,5,407.49,0.05,43,Credit Card,New York
ORD-103660,3/18/2023,Sunscreen,Beauty,-5,275.56,0.05,71,Credit Card,Houston
ORD-106582,12/1/2023,Data Science 101,Books,9,413.18,0.15,57,Credit Card,Phoenix
ORD-102380,6/30/2023,Sunscreen,beauty,2,276.83,0.2,48,PayPal,Online
ORD-101448,1/15/2023,Perfume,Beauty,1,237.18,0.15,74,Apple Pay,Los Angeles
ORD-100343,10/22/2023,Moisturizer,Beauty,2,397.51,0.05,68,Credit Card,Los Angeles
ORD-107469,9/3/2023,Cookware Set,Home & Kitchen,3,238.19,0.2,73,Apple Pay,Online
ORD-105128,3/30/2023,Jeans,Clothing,6,6.7,0.15,45,Apple Pay,New York
ORD-103137,2/11/2023,Shampoo,Beauty,3,9999.99,0.05,24,PayPal,Phoenix
ORD-102528,5/14/2023,Cookware Set,Home & Kitchen,2,287.49,0.05,19,Credit Card,Phoenix
ORD-100728,7/7/2023,Moisturizer,Beauty,3,144.84,0.05,57,Apple Pay,Phoenix
ORD-104578,1/10/2023,Perfume,Beauty,7,78.13,0.15,57,Apple Pay,Phoenix
ORD-100977,5/25/2023,Socks,Clothing,8,163.23,0.1,67,PayPal,Online
ORD-108638,9/22/2023,Shampoo,Beauty,4,,0.15,63,Apple Pay,Los Angeles
ORD-105444,10/14/2023,Lip Balm,Beauty,5,452.92,0.2,34,Credit Card,Houston
ORD-109304,6/10/2023,Shampoo,Beauty,2,192.04,0.05,35,Apple Pay,Houston
ORD-103517,11/11/2023,Fiction Novel,Books,5,12.06,0.15,30,Apple Pay,Los Angeles
ORD-109155,3/9/2023,USB-C Cable,Electronics,6,154.68,0.05,32,PayPal,Online
ORD-108328,8/13/2023,Wireless Mouse,Electronics,7,415.09,0,34,Apple Pay,Phoenix
ORD-107157,10/30/2023,History Book,Books,6,330.86,0.15,58,Credit Card,Los Angeles
ORD-102021,11/23/2023,Mug,Home & Kitchen,2,440.57,0.1,24,Debit Card,Phoenix
ORD-103941,2023-13-45,Mug,Home & Kitchen,6,125.64,0.05,23,Debit Card,Houston
ORD-101300,9/7/2023,History Book,Books,8,281.81,0.15,19,Debit Card,Phoenix
ORD-103040,7/17/2023,Blender,Home & Kitchen,1,431,0,22,PayPal,New York
ORD-101349,7/12/2023,Socks,Clothing,3,205.46,0.2,20,Debit Card,Chicago
ORD-100661,8/29/2023,Coffee Maker,Home & Kitchen,1,162.21,0.05,999,Apple Pay,Online
ORD-105887,4/26/2023,Jeans,Clothing,5,72.22,0.05,31,PayPal,Chicago
ORD-101493,7/5/2023,Shampoo,Beauty,1,9999.99,0.05,56,Debit Card,Houston
ORD-100081,4/28/2023,Blender,Home & Kitchen,2,123.69,0,57,Debit Card,Los Angeles
ORD-104590,11/3/2023,USB-C Cable,Electronics,9,248.77,0.05,64,,New York
ORD-108782,11/12/2023,Perfume,Beauty,3,133.57,0.15,39,Credit Card,Phoenix
ORD-105155,7/15/2023,T-Shirt,Clothing,6,203.62,0.1,54,Apple Pay,Los Angeles
ORD-102316,7/28/2023,Headphones,Electronics,8,469.86,0,21,Apple Pay,Chicago
ORD-109904,5/9/2023,Mug,Home & Kitchen,4,17.06,0.1,37,Debit Card,Phoenix
ORD-109865,3/26/2023,USB-C Cable,Electronics,3,366.39,0.15,,Apple Pay,Houston
ORD-107025,9/4/2023,Fiction Novel,Books,1,248.3,0,60,Credit Card,Online
ORD-101086,1/16/2023,T-Shirt,Clothing,9,201.17,0.1,64,Credit Card,Chicago
ORD-102525,4/21/2023,Fiction Novel,Books,2,222.87,0.05,68,PayPal,Los Angeles
ORD-105666,1/15/2023,Monitor,Electronics,8,342.04,0.1,30,Debit Card,Chicago
ORD-108726,10/3/2023,Headphones,Electronics,7,301.04,0.05,43,Cash,New York
ORD-105375,7/5/2023,Coffee Maker,Home & Kitchen,7,384.41,,67,Apple Pay,New York
ORD-103199,1/3/2023,Mechanical Keyboard,Electronics,8,236.54,0.15,53,paypal,New York
ORD-105752,10/17/2023,T-Shirt,Clothing,2,176.41,0,62,Cash,Online
ORD-104009,8/2/2023,Lip Balm,Beauty,4,450.14,0.05,71,Cash,Phoenix
ORD-105718,3/6/2023,Hoodie,Clothing,3,256.19,0.05,-5,Cash,Los Angeles
ORD-106658,8/25/2023,Monitor,Electronics,9,262.54,0.2,54,Cash,Chicago
ORD-108662,8/16/2023,Wireless Mouse,electronics,8,252.78,0,65,Apple Pay,Chicago
ORD-108484,4/28/2023,Monitor,Electronics,9,101.66,0,41,Credit Card,Phoenix
ORD-100068,6/19/2023,Mechanical Keyboard,Electronics,6,182.95,0.05,52,Cash,New York
ORD-108300,4/8/2023,Sunscreen,Beauty,2,89.58,0.15,36,Debit Card,los angeles
ORD-100041,11/20/2023,Cookware Set,Home & Kitchen,6,124.82,0.1,73,Credit Card,New York
ORD-102270,1/15/2023,Cookware Set,Home & Kitchen,4,142.63,0.2,40,Apple Pay,New York
ORD-102382,3/29/2023,Jacket,Clothing,6,232.98,0.1,59,Debit Card,New York
ORD-107821,5/21/2023,Lip Balm,Beauty,2,55.04,0.2,71,Debit Card,Los Angeles
ORD-109101,3/28/2023,USB-C Cable,Electronics,9,453.35,0,50,PayPal,New York
ORD-104917,2/11/2023,Mechanical Keyboard,Electronics,1,30.5,0.2,67,Apple Pay,Chicago
ORD-105323,8/8/2023,Shampoo,Beauty,7,12.33,0.05,73,PayPal,Chicago
ORD-105774,6/14/2023,Biography,Books,5,235.15,0.2,,Cash,Houston
ORD-106233,5/27/2023,Coffee Maker,Home & Kitchen,5,195.29,0,71,Credit Card,New York
ORD-106964,1/20/2023,Wireless Mouse,Electronics,4,9999.99,0.2,51,Debit Card,Los Angeles
ORD-103448,4/28/2023,Monitor,Electronics,7,82.31,0.1,52,Debit Card,Houston
ORD-106817,3/9/2023,Biography,Books,3,91.61,0.15,18,Apple Pay,Phoenix
ORD-102368,6/20/2023,Hoodie,Clothing,3,33.86,0.1,53,Apple Pay,Phoenix
ORD-107703,12/2/2023,Monitor,Electronics,9,464.18,0.15,999,Credit Card,Online
ORD-108425,8/10/2023,Shampoo,Beauty,8,108.15,0,29,Debit Card,Online
ORD-102513,2/26/2023,Data Science 101,Books,6,481.92,0.15,33,Debit Card,Los Angeles
ORD-109909,5/8/2023,Socks,Clothing,9,305.35,0,49,Cash,Houston
ORD-102724,Invalid_Date,USB-C Cable,Electronics,8,245.77,0.2,30,PayPal,Houston
ORD-105949,11/1/2023,Lip Balm,BEAUTY,4,44.47,0.1,55,PayPal,Online
ORD-109459,2/14/2023,Fiction Novel,Books,8,162.52,0.15,34,Apple Pay,Online
ORD-108833,6/19/2023,Wireless Mouse,Electronics,5,0,0.2,49,Debit Card,Houston
ORD-101144,12/2/2023,Mug,Home & Kitchen,1,167.07,0.15,57,Apple Pay,Los Angeles
ORD-101964,9/27/2023,Cookware Set,Home & Kitchen,3,334.31,0.15,54,Cash,Chicago
ORD-107156,1/5/2023,Sunscreen,Beauty,7,203.81,0.05,72,PayPal,New York
ORD-108392,2/23/2023,Cookware Set,Home & Kitchen,1,382.45,0.05,42,Cash,Los Angeles
ORD-108538,5/1/2023,Headphones,Electronics,1,319.85,0,68,Debit Card,Online
ORD-109495,1/5/2023,Air Fryer,Home & Kitchen,1,181.88,0.1,,Debit Card,Chicago
ORD-104729,10/23/2023,Python Guide,Books,3,375.05,0.05,26,Cash,Los Angeles
ORD-105495,2/11/2023,Biography,Books,2,185.66,0.2,21,Apple Pay,Phoenix
ORD-105756,12/30/2023,Socks,Clothing,8,53.98,0.05,72,Credit Card,Phoenix
ORD-108058,9/16/2023,Hoodie,Clothing,2,5.5,0.1,30,Apple Pay,Phoenix
ORD-109582,6/30/2023,Lip Balm,Beauty,3,261.28,0.05,21,PayPal,Phoenix
ORD-107231,1/6/2023,History Book,Books,7,115.37,0.2,-1,Credit Card,Phoenix
ORD-103790,12/17/2023,Coffee Maker,Home & Kitchen,8,169.62,0.1,55,Apple Pay,Houston
ORD-109729,8/13/2023,History Book,Books,9,308.98,0.2,74,Credit Card,Houston
ORD-102221,11/21/2023,Python Guide,Books,9,79.03,,74,PayPal,Chicago
ORD-105076,11/8/2023,T-Shirt,Clothing,6,9999.99,0,62,Debit Card,Phoenix
ORD-102332,2/16/2023,Perfume,Beauty,-1,408.03,0.15,53,Credit Card,Houston
ORD-105395,2/1/2023,Biography,Books,1,278.44,0.05,19,Apple Pay,Phoenix
ORD-107924,6/30/2023,T-Shirt,Clothing,2,42.61,0.1,27,Credit Card,Los Angeles
ORD-108808,4/13/2023,Mechanical Keyboard,Electronics,7,415.37,0,68,PayPal,Chicago
ORD-107091,2/13/2023,Perfume,Beauty,1,144.17,0.15,70,Credit Card,Los Angeles
ORD-109614,6/22/2023,Shampoo,Beauty,6,201.73,0,70,Debit Card,Houston
ORD-104089,8/15/2023,Mug,Home & Kitchen,1,11.97,0.15,73,,Online
ORD-101968,10/21/2023,Sunscreen,Beauty,4,68.45,0,59,Cash,Houston
ORD-109258,12/17/2023,Perfume,beauty,6,472.46,0,65,PayPal,New York
ORD-104514,2/15/2023,Cookware Set,Home & Kitchen,2,136.66,0.05,59,Debit Card,Phoenix
ORD-106758,1/31/2023,History Book,Books,7,310.52,0.05,19,Apple Pay,New York
ORD-109874,10/28/2023,Python Guide,Books,5,24.21,0.15,25,Debit Card,Houston
ORD-104366,11/18/2023,Jeans,Clothing,6,,0.2,52,Cash,Online
ORD-107000,7/21/2023,Coffee Maker,Home & Kitchen,9,50000,0.15,61,Credit Card,Houston
ORD-100424,9/1/2023,Biography,Books,6,285.45,0.05,29,Debit Card,New York
ORD-100281,3/3/2023,Monitor,Electronics,3,380.33,0,41,Debit Card,chicago
ORD-101905,2/23/2023,Air Fryer,Home & Kitchen,Unknown,210.42,0.05,50,Credit Card,Los Angeles
ORD-100596,3/25/2023,Coffee Maker,Home & Kitchen,5,64.91,0,50,Credit Card,Chicago
ORD-108835,5/7/2023,Wireless Mouse,Electronics,8,145.34,0,150,Apple Pay,Phoenix
ORD-103918,2/11/2023,Monitor,Electronics,8,15.79,0.2,21,Cash,Houston
ORD-106143,5/19/2023,T-Shirt,Clothing,6,376.21,0,49,Cash,Online
ORD-105662,1/15/2023,Moisturizer,Beauty,2,169.85,0,35,PayPal,Los Angeles
ORD-105779,2023-13-45,Moisturizer,Beauty,6,412.68,0,70,PayPal,Houston
ORD-103619,12/9/2023,Blender,Home & Kitchen,1,366.19,0.1,60,Debit Card,Chicago
ORD-106846,8/8/2023,Cookware Set,Home & Kitchen,5,199.91,0.15,0,Apple Pay,Los Angeles
ORD-100840,2/18/2023,Data Science 101,Books,2,332.53,0,45,PayPal,New York
ORD-104597,6/13/2023,T-Shirt,Clothing,7,185.89,0,24,Cash,New York
ORD-109925,12/25/2023,Moisturizer,Beauty,7,123.52,0.2,18,Credit Card,Chicago
ORD-100142,12/4/2023,Shampoo,Beauty,6,306,0.1,68,Cash,PHOENIX
ORD-102598,10/27/2023,Fiction Novel,Books,7,275.32,0.1,53,Debit Card,Phoenix
ORD-106702,11/17/2023,Blender,Home & Kitchen,7,82.83,0,0,Cash,New York
ORD-108224,5/5/2023,Moisturizer,Beauty,8,13.66,0.1,67,PayPal,Phoenix
ORD-101378,4/3/2023,Air Fryer,Home & Kitchen,Unknown,39.12,0,24,Apple Pay,Phoenix
ORD-103675,10/8/2023,Lip Balm,Beauty,5,360.06,0.2,57,Cash,New York
ORD-109030,5/20/2023,Hoodie,Clothing,5,216.74,0.2,73,Credit Card,Phoenix
ORD-108404,5/20/2023,Biography,Books,8,401,0.1,49,Debit Card,Houston
ORD-106363,7/25/2023,Moisturizer,Beauty,6,289.66,0.1,25,Cash,New York
ORD-109639,5/20/2023,Perfume,Beauty,9,162.87,0.15,28,Credit Card,Houston
ORD-104742,1/22/2023,Data Science 101,Books,4,131.84,0,62,Apple Pay,Houston
ORD-103809,5/19/2023,Hoodie,Clothing,5,324.49,0.1,44,Debit Card,New York
ORD-101139,12/21/2023,Python Guide,Books,2,471.03,0,41,Cash,Houston
ORD-102258,5/6/2023,Shampoo,Beauty,9,9999.99,0.1,21,Cash,Houston
ORD-107375,7/30/2023,History Book,Books,5,322.21,0.15,32,PayPal,Online
ORD-108268,6/23/2023,Mug,Home & Kitchen,8,178.69,0.15,73,Cash,Online
ORD-101788,11/24/2023,Fiction Novel,Books,1,72.07,0.2,200,PayPal,Online
ORD-103939,Invalid_Date,Mechanical Keyboard,Electronics,8,153.5,0.15,45,Credit Card,New York
ORD-108289,5/31/2023,Socks,Clothing,6,198.5,0.2,51,Credit Card,Houston
ORD-104647,12/31/2023,Wireless Mouse,Electronics,6,172.77,0.2,46,Apple Pay,New York
ORD-107569,11/1/2023,Shampoo,Beauty,9,325.98,0.1,45,Credit Card,Houston
ORD-100460,1/28/2023,Data Science 101,Books,0,388.45,0.1,60,Credit Card,Phoenix
ORD-106116,2/14/2023,Monitor,ELECTRONICS,9,442.07,0.1,41,PayPal,New York
ORD-109827,9/11/2023,Perfume,Beauty,1,283.61,0.1,N/A,Cash,Chicago
ORD-100949,7/2/2023,Wireless Mouse,Electronics,4,0,0,71,Credit Card,Los Angeles
ORD-103701,11/17/2023,Fiction Novel,Books,8,110.52,0.2,41,Cash,Online
ORD-101337,9/23/2023,Blender,Home & Kitchen,2,174.8,0.05,58,Cash,Phoenix
ORD-106371,12/9/2023,History Book,Books,1,10.47,0,21,PayPal,Online
ORD-104629,9/21/2023,Fiction Novel,Books,7,373.87,0.15,60,Credit Card,New York
ORD-107359,5/13/2023,Data Science 101,Books,2,481.03,0.05,23,PayPal,Phoenix
ORD-106287,1/26/2023,T-Shirt,Clothing,4,278.85,0,52,Credit Card,Phoenix
ORD-105926,5/12/2023,Coffee Maker,Home & Kitchen,1,261.08,0.15,36,Apple Pay,Chicago
ORD-105935,2/18/2023,Mechanical Keyboard,Electronics,1,240.3,0.1,33,Apple Pay,Los Angeles
ORD-106041,3/16/2023,History Book,Books,1,323.83,0.05,28,Debit Card,Phoenix
ORD-100442,1/14/2023,Biography,Books,7,265.12,0.2,-1,PayPal,Houston
ORD-106660,12/28/2023,History Book,Books,8,9.46,0.15,-1,PayPal,Houston
ORD-101603,7/5/2023,Fiction Novel,Books,1,363.15,0.2,22,PayPal,New York
ORD-102239,8/4/2023,Wireless Mouse,Electronics,8,496.44,0.05,33,Cash,Houston
ORD-100640,1/22/2023,Blender,Home & Kitchen,7,9999.99,0.2,39,Debit Card,Los Angeles
ORD-108710,9/1/2023,Socks,Clothing,9,62.7,0.1,72,PayPal,New York
ORD-103831,2023-13-45,Moisturizer,Beauty,2,112.26,0.2,22,PayPal,Online
ORD-109673,8/13/2023,History Book,Books,5,407.24,,22,Credit Card,Phoenix
ORD-106145,5/22/2023,Mechanical Keyboard,Electronics,8,78.54,0.05,74,Debit Card,Phoenix
ORD-104220,11/6/2023,Fiction Novel,Books,2,407.12,0.1,42,Cash,Los Angeles
ORD-109322,9/21/2023,Data Science 101,Books,5,478,0.05,46,Cash,Phoenix
ORD-106345,10/12/2023,Moisturizer,Beauty,3,367.39,0.05,999,PayPal,Online
ORD-102502,5/22/2023,Perfume,Beauty,7,7.49,0.2,25,Cash,Houston
ORD-101959,3/11/2023,T-Shirt,Clothing,5,76.57,0.05,19,Apple Pay,Los Angeles
ORD-101071,2/15/2023,Biography,Books,3,456.11,0.2,41,Debit Card,Houston
ORD-100156,5/20/2023,Lip Balm,Beauty,8,244.84,0.05,62,PayPal,Houston
ORD-102296,12/16/2023,Python Guide,Books,6,201.63,0.15,53,PayPal,Los Angeles
ORD-100936,7/3/2023,Fiction Novel,Books,1,328.42,0.15,19,Apple Pay,Phoenix
ORD-104579,1/8/2023,Lip Balm,Beauty,6,108.66,0.2,72,PayPal,Houston
ORD-101090,5/20/2023,Jeans,Clothing,7,166.21,0.15,25,Cash,New York
ORD-106050,11/3/2023,Cookware Set,Home & Kitchen,7,338.87,0,53,PayPal,New York
ORD-106416,12/26/2023,T-Shirt,Clothing,9,401.01,0.15,40,Apple Pay,Houston
ORD-102941,10/19/2023,USB-C Cable,Electronics,4,170.88,0.1,41,Debit Card,Los Angeles
ORD-100724,9/23/2023,Wireless Mouse,Electronics,4,55.39,0.1,28,Credit Card,Chicago
ORD-104385,7/28/2023,Air Fryer,Home & Kitchen,1,219.49,0.15,,Debit Card,Phoenix
ORD-100931,9/30/2023,Cookware Set,Home & Kitchen,7,67.12,0,49,Cash,Phoenix
ORD-102910,4/5/2023,Socks,Clothing,9,143.26,0,70,apple pay,New York
ORD-101675,7/4/2023,Perfume,Beauty,4,110.08,0,51,Credit Card,Los Angeles
ORD-106764,10/9/2023,Mechanical Keyboard,ELECTRONICS,4,92.04,0.1,29,Cash,New York
ORD-108635,8/5/2023,Blender,Home & Kitchen,2,112.21,0.05,58,PayPal,Los Angeles
ORD-106417,5/30/2023,Lip Balm,Beauty,-1,198.3,0.15,62,Apple Pay,Phoenix
ORD-100896,2/5/2023,Coffee Maker,Home & Kitchen,4,338.63,0.2,,Debit Card,New York
ORD-103248,6/20/2023,Python Guide,Books,3,376.25,0.1,24,Apple Pay,New York
ORD-102327,1/24/2023,Fiction Novel,Books,5,50000,0.15,60,Debit Card,Houston
ORD-107097,7/8/2023,Perfume,Beauty,5,87.66,0.15,52,Apple Pay,Houston
ORD-108848,8/14/2023,Headphones,Electronics,7,141.85,0.1,N/A,Debit Card,New York
ORD-108079,12/23/2023,Jacket,Clothing,9,259.11,0.15,50,PayPal,Houston
ORD-104626,12/18/2023,History Book,Books,3,359.79,0.15,18,Apple Pay,Phoenix
ORD-105039,10/8/2023,Wireless Mouse,Electronics,2,53.66,0.15,74,Apple Pay,Chicago
ORD-106451,3/23/2023,Coffee Maker,Home & Kitchen,3,245.39,0.15,38,Cash,Phoenix
ORD-104137,4/11/2023,Wireless Mouse,Electronics,7,187.45,0,40,Credit Card,Online
ORD-109523,1/12/2023,Air Fryer,Home & Kitchen,3,238.52,0.05,53,Apple Pay,Los Angeles
ORD-101716,3/11/2023,Biography,Books,1,84.08,0.2,48,PayPal,Online
ORD-101699,9/10/2023,Perfume,Beauty,3,182.64,0.05,59,Debit Card,Phoenix
ORD-109981,5/18/2023,Coffee Maker,Home & Kitchen,3,148.65,0.15,19,Debit Card,New York
ORD-109834,10/18/2023,Lip Balm,Beauty,1,35.67,0.15,66,PayPal,Phoenix
ORD-104113,11/15/2023,Shampoo,Beauty,8,446.1,0.15,65,Debit Card,New York
ORD-108470,5/29/2023,Moisturizer,Beauty,5,186.29,0.2,47,PayPal,Los Angeles
ORD-103832,8/1/2023,Python Guide,books,5,162.84,0.2,27,Credit Card,Phoenix
ORD-106300,11/26/2023,Fiction Novel,Books,8,246.46,0.05,60,Credit Card,New York
ORD-103349,9/14/2023,Jacket,Clothing,-1,279.98,0.05,64,PayPal,Chicago
ORD-109801,12/19/2023,Blender,Home & Kitchen,6,193.51,0.2,40,Debit Card,Online
ORD-100986,5/2/2023,Data Science 101,Books,5,8.99,0.2,63,Credit Card,Chicago
ORD-101822,10/9/2023,Hoodie,Clothing,9,253.46,0.1,44,Credit Card,Los Angeles
ORD-104572,9/24/2023,Lip Balm,Beauty,5,386.96,0.1,31,Cash,Chicago
ORD-100588,10/4/2023,USB-C Cable,Electronics,9,410.01,0.1,56,Debit Card,Online
ORD-101761,3/18/2023,Wireless Mouse,Electronics,8,474.07,0.2,45,Apple Pay,Online
ORD-105078,12/27/2023,Wireless Mouse,Electronics,6,134.05,0,28,Apple Pay,Los Angeles
ORD-105346,1/28/2023,Coffee Maker,Home & Kitchen,7,33.95,0.05,44,Credit Card,Chicago
ORD-108569,4/8/2023,Jeans,Clothing,9,180.77,0,67,PayPal,New York
ORD-109805,5/10/2023,T-Shirt,Clothing,2,50000,0.15,42,Debit Card,New York
ORD-108075,3/5/2023,USB-C Cable,Electronics,1,367.14,0.2,31,Cash,Online
ORD-105484,9/4/2023,Shampoo,Beauty,1,395,0.15,44,Credit Card,Phoenix
ORD-102991,4/2/2023,Socks,Clothing,9,,0.15,74,Cash,Chicago
ORD-109555,3/17/2023,History Book,Books,2,243.87,0.05,34,Credit Card,New York
ORD-105515,5/29/2023,USB-C Cable,Electronics,3,112.15,0.2,30,Cash,Chicago
ORD-108150,4/13/2023,Data Science 101,Books,6,9999.99,0.1,43,Cash,Los Angeles
ORD-108085,12/20/2023,Hoodie,Clothing,4,441.27,0.15,74,Debit Card,Chicago
ORD-109135,8/15/2023,Air Fryer,Home & Kitchen,2,344.59,0.15,41,Debit Card,Chicago
ORD-105554,7/25/2023,Lip Balm,Beauty,3,29.2,0.1,56,Credit Card,Online
ORD-103558,11/21/2023,Blender,Home & Kitchen,1,385.34,0.1,63,Cash,CHICAGO
ORD-101396,4/1/2023,Jeans,Clothing,6,355.27,0.05,39,Credit Card,Los Angeles
ORD-100265,12/15/2023,Perfume,Beauty,8,272.05,0,30,cash,Chicago
ORD-107645,1/4/2023,Moisturizer,Beauty,9,39.6,0.2,70,Cash,Online
ORD-103548,4/10/2023,Shampoo,Beauty,3,20.29,0.2,20,Cash,Los Angeles
ORD-106845,11/8/2023,Hoodie,Clothing,5,338.41,0,72,Apple Pay,New York
ORD-108130,8/25/2023,Data Science 101,Books,9,172.38,0.15,68,Debit Card,Phoenix
ORD-106789,3/17/2023,Jacket,Clothing,6,495.51,0.05,48,PayPal,Houston
ORD-103070,8/22/2023,Mug,Home & Kitchen,6,126.03,0.1,35,Cash,Los Angeles
ORD-107550,7/15/2023,USB-C Cable,Electronics,7,71.57,0.15,74,Credit Card,Online
ORD-105026,4/2/2023,Air Fryer,Home & Kitchen,2,239.38,0.15,33,PayPal,New York
ORD-108643,Invalid_Date,T-Shirt,Clothing,3,131.14,0.15,21,Cash,Chicago
ORD-103865,8/3/2023,Biography,Books,3,260.92,0.2,,Debit Card,Phoenix
ORD-109342,1/11/2023,Hoodie,Clothing,N/A,374.58,0.2,60,Cash,Houston
ORD-102401,8/18/2023,Headphones,Electronics,1,107.46,0.1,33,PayPal,Phoenix
ORD-106275,11/30/2023,Python Guide,Books,6,416.64,0.2,28,PayPal,Chicago
ORD-108733,4/9/2023,Shampoo,Beauty,1,202.62,0,24,Cash,Los Angeles
ORD-103712,3/21/2023,Lip Balm,Beauty,7,309.38,0.2,49,Cash,houston
ORD-100247,4/8/2023,Python Guide,Books,-5,285.37,0.2,73,PayPal,Phoenix
ORD-101595,Invalid_Date,Socks,Clothing,8,483.46,0,73,Credit Card,Chicago
ORD-109973,1/25/2023,Shampoo,Beauty,6,17.73,0.2,40,Cash,Phoenix
ORD-101530,3/1/2023,Python Guide,Books,4,298.82,0.1,43,PayPal,Los Angeles
ORD-108469,3/6/2023,Wireless Mouse,Electronics,4,247.82,0,60,Debit Card,Online
ORD-100924,4/22/2023,Monitor,Electronics,-5,382.63,0,57,Credit Card,New York
ORD-108048,9/21/2023,Wireless Mouse,Electronics,8,412.61,0,49,Apple Pay,New York
ORD-107330,7/7/2023,Lip Balm,Beauty,6,489.84,0.1,19,Cash,Los Angeles
ORD-104365,6/5/2023,Biography,Books,3,50000,0.15,34,Credit Card,Phoenix
ORD-100670,1/15/2023,Biography,Books,4,352.76,0,38,Debit Card,Chicago
ORD-103605,5/27/2023,Hoodie,Clothing,6,441.22,0.1,55,Apple Pay,Houston
ORD-105109,1/31/2023,Perfume,Beauty,6,40.65,0.05,35,Credit Card,LOS ANGELES
ORD-101911,1/15/2023,Blender,Home & Kitchen,2,294.76,0.05,24,PayPal,Phoenix
ORD-107277,3/2/2023,Socks,Clothing,6,-1,0.2,58,Cash,Phoenix
ORD-108590,8/7/2023,T-Shirt,Clothing,6,395.32,0.2,46,PayPal,Online
ORD-105249,8/2/2023,Moisturizer,Beauty,7,164.02,0.2,71,Credit Card,New York
ORD-107184,11/4/2023,Mug,Home & Kitchen,3,479.74,0.05,62,Apple Pay,Los Angeles
ORD-103959,2023-13-45,Coffee Maker,Home & Kitchen,9,216.91,0.05,67,Apple Pay,Los Angeles
ORD-106958,12/7/2023,Socks,Clothing,2,446.17,0,52,Credit Card,Houston
ORD-106027,8/21/2023,Lip Balm,Beauty,4,169.65,0.05,58,Cash,Chicago
ORD-105644,1/19/2023,USB-C Cable,Electronics,4,11.72,0,74,Cash,Houston
ORD-102697,10/14/2023,Coffee Maker,Home & Kitchen,9,466.39,0,53,Credit Card,Los Angeles
ORD-102592,3/20/2023,Coffee Maker,Home & Kitchen,1,354.16,0.05,,PayPal,Chicago
ORD-105907,7/10/2023,USB-C Cable,Electronics,2,,0.05,62,Debit Card,Online
ORD-101782,5/21/2023,Socks,Clothing,2,480,0.2,32,Credit Card,Los Angeles
ORD-106510,6/17/2023,Monitor,Electronics,2,460.37,0.2,47,Credit Card,Online
ORD-103014,10/8/2023,Headphones,Electronics,5,236.59,0.15,18,Cash,Online
ORD-107134,4/17/2023,Shampoo,Beauty,0,338.88,0.1,73,Cash,Phoenix
ORD-102308,9/8/2023,Fiction Novel,Books,4,148.02,0.15,51,Credit Card,Los Angeles
ORD-107753,9/10/2023,Headphones,Electronics,9,177.74,0.15,39,Apple Pay,New York
ORD-103691,9/23/2023,Sunscreen,Beauty,9,426.14,0.05,67,Cash,Houston
ORD-100688,8/12/2023,Python Guide,Books,5,136.46,0.2,42,Credit Card,Phoenix
ORD-106012,12/24/2023,Air Fryer,Home & Kitchen,7,330.2,0.1,45,Cash,Los Angeles
ORD-107072,12/25/2023,Air Fryer,Home & Kitchen,6,306.17,0.2,18,Cash,Online
ORD-100613,11/17/2023,Monitor,Electronics,4,292.21,0.15,66,Debit Card,Phoenix
ORD-109543,2/19/2023,Headphones,Electronics,5,458.5,0.05,66,Apple Pay,Chicago
ORD-107168,12/29/2023,Moisturizer,Beauty,7,119.98,0.2,40,Cash,Phoenix
ORD-108144,2/16/2023,Headphones,Electronics,5,14.11,0.15,42,,Online
ORD-103201,10/5/2023,Python Guide,Books,1,468.22,0.15,44,,Chicago
ORD-102268,1/15/2023,Blender,Home & Kitchen,4,198.08,0.2,72,Credit Card,New York
ORD-102895,3/19/2023,Fiction Novel,Books,4,54.25,0,18,Credit Card,Online
ORD-106630,2/3/2023,T-Shirt,Clothing,8,361.74,0,23,APPLE PAY,Chicago
ORD-104136,2/4/2023,Hoodie,Clothing,7,85.49,0.05,65,PayPal,New York
ORD-101899,3/28/2023,T-Shirt,CLOTHING,4,73.43,0.2,49,Credit Card,Los Angeles
ORD-109814,11/19/2023,Blender,Home & Kitchen,2,133.6,0.05,58,Credit Card,Chicago
ORD-100283,12/23/2023,Biography,Books,9,298.51,0.05,28,PayPal,Los Angeles
ORD-100259,10/9/2023,Lip Balm,Beauty,7,499.68,0.2,39,PayPal,New York
ORD-102925,7/29/2023,Cookware Set,Home & Kitchen,2,357.71,0.05,57,Apple Pay,Los Angeles
ORD-109704,7/27/2023,History Book,Books,4,387,0.05,37,Debit Card,Houston
ORD-104944,9/16/2023,Biography,Books,5,445.93,0.15,28,Apple Pay,Chicago
ORD-102823,10/17/2023,Jeans,Clothing,6,208.21,0.1,20,Credit Card,Los Angeles
ORD-106530,12/3/2023,Lip Balm,Beauty,8,74.97,0.15,27,PayPal,New York
ORD-103340,2023-13-45,Lip Balm,Beauty,2,268.4,0.2,68,Apple Pay,Online
ORD-103526,7/6/2023,Headphones,Electronics,9,131.17,0.05,22,PayPal,Online
ORD-104564,Invalid_Date,Socks,Clothing,5,312.82,0.2,57,PayPal,Chicago
ORD-109947,12/8/2023,Python Guide,Books,6,411.99,0.2,26,Apple Pay,Houston
ORD-106698,1/14/2023,Sunscreen,Beauty,8,231.33,0.15,63,Debit Card,Online
ORD-105330,11/16/2023,Cookware Set,Home & Kitchen,4,193,0,39,Cash,Chicago
ORD-105224,1/15/2023,Biography,Books,2,71.51,0.15,26,Apple Pay,Online
ORD-102286,7/25/2023,History Book,Books,7,381.54,0,74,Cash,online
ORD-106064,3/6/2023,Air Fryer,Home & Kitchen,7,368.4,0,71,Debit Card,Los Angeles
ORD-104655,3/11/2023,Python Guide,books,7,463.64,0.1,23,Apple Pay,Chicago
ORD-105001,2/16/2023,Headphones,Electronics,1,209.7,0.15,70,Debit Card,Online
ORD-106711,1/23/2023,Hoodie,Clothing,7,396.04,0,19,Credit Card,New York
ORD-109602,9/2/2023,Jacket,Clothing,1,116.82,0.1,28,PayPal,Los Angeles
ORD-107765,8/28/2023,Biography,Books,9,375.52,0.1,47,Apple Pay,New York
ORD-100485,3/16/2023,Fiction Novel,Books,5,187.13,0.1,48,Credit Card,New York
ORD-102212,4/11/2023,History Book,Books,6,38.56,0.05,61,Cash,Online
ORD-105417,10/19/2023,Sunscreen,Beauty,7,417.27,0.1,30,Debit Card,Los Angeles
ORD-109242,1/8/2023,Cookware Set,Home & Kitchen,6,70.79,0.15,39,Debit Card,Chicago
ORD-102556,10/10/2023,T-Shirt,Clothing,7,105.32,0.1,64,PayPal,Online
ORD-100008,1/21/2023,Mechanical Keyboard,Electronics,0,305.73,0,56,Cash,Chicago
ORD-103658,5/18/2023,Mug,Home & Kitchen,5,484.77,0,42,Cash,Los Angeles
ORD-106412,12/23/2023,Mug,Home & Kitchen,7,235.8,0,33,Apple Pay,Houston
ORD-109437,8/22/2023,History Book,Books,3,285.14,0.2,34,Debit Card,Online
ORD-104875,9/23/2023,Mug,Home & Kitchen,9,496.02,0,61,Apple Pay,Online
ORD-104403,7/8/2023,Lip Balm,Beauty,1,9999.99,0.05,33,Cash,Los Angeles
ORD-109181,5/4/2023,USB-C Cable,Electronics,1,167.59,0.2,47,Credit Card,Online
ORD-105547,4/15/2023,Headphones,Electronics,2,477.95,0.2,58,Debit Card,Online
ORD-105298,3/21/2023,Mug,Home & Kitchen,6,,0.1,66,Apple Pay,Phoenix
ORD-102427,5/26/2023,Jeans,Clothing,6,171.93,0,47,Debit Card,Online
ORD-106745,2/12/2023,Shampoo,Beauty,6,212.38,0.15,51,PayPal,New York
ORD-101815,4/2/2023,Moisturizer,Beauty,6,208.41,0.2,72,Credit Card,Los Angeles
ORD-107604,10/13/2023,Jeans,Clothing,4,291.59,,65,PayPal,Houston
ORD-106823,9/30/2023,Monitor,Electronics,6,9.82,0,74,Credit Card,Los Angeles
ORD-108447,9/3/2023,Data Science 101,Books,6,467.05,0.1,69,Cash,Phoenix
ORD-102275,6/15/2023,Lip Balm,Beauty,9,369.46,0.1,40,Apple Pay,Phoenix
ORD-101012,5/26/2023,USB-C Cable,Electronics,6,67.15,0.2,71,PayPal,Los Angeles
ORD-101578,5/7/2023,Biography,Books,5,400.23,0.15,56,Cash,Online
ORD-107265,1/15/2023,Wireless Mouse,Electronics,7,363.96,0.15,42,Debit Card,Online
ORD-101068,3/6/2023,USB-C Cable,Electronics,1,308.75,0.1,57,Credit Card,Online
ORD-101992,7/24/2023,History Book,Books,2,341.72,0.1,71,PayPal,Phoenix
ORD-103971,10/13/2023,Air Fryer,Home & Kitchen,4,409.71,0.05,150,PayPal,Phoenix
ORD-109343,6/19/2023,Monitor,Electronics,5,93.91,0.2,22,Credit Card,New York
ORD-105880,10/1/2023,Blender,Home & Kitchen,1,296.49,0,44,Credit Card,New York
ORD-108677,8/31/2023,Moisturizer,Beauty,6,406.06,0.15,65,PayPal,Chicago
ORD-104543,2/4/2023,Headphones,Electronics,8,40.26,0,42,Credit Card,New York
ORD-109604,11/21/2023,Moisturizer,Beauty,7,453.28,0.2,36,Cash,Los Angeles
ORD-107194,7/2/2023,Air Fryer,Home & Kitchen,5,102.46,0,73,Cash,Phoenix
ORD-103868,3/25/2023,Air Fryer,Home & Kitchen,5,416.97,0.2,27,Cash,Phoenix
ORD-109695,10/4/2023,Blender,Home & Kitchen,5,487.92,0.1,43,Debit Card,Chicago
ORD-106824,4/10/2023,Mug,Home & Kitchen,3,403.47,0.05,41,PayPal,New York
ORD-103049,3/18/2023,Shampoo,Beauty,5,396.83,0.1,18,Debit Card,Phoenix
ORD-107549,12/8/2023,Monitor,Electronics,5,432.8,0.1,23,Cash,Phoenix
ORD-100782,3/20/2023,Monitor,Electronics,9,81.64,0.1,0,Debit Card,Houston
ORD-106748,6/13/2023,Mug,Home & Kitchen,7,483.72,0,38,Credit Card,New York
ORD-102676,11/14/2023,Data Science 101,Books,7,220.52,0.1,Unknown,Credit Card,New York
ORD-101750,10/1/2023,Sunscreen,Beauty,9,450.88,0.15,64,Debit Card,New York
ORD-106223,2/17/2023,Cookware Set,Home & Kitchen,8,214.88,0.15,33,Cash,New York
ORD-108313,2/21/2023,Blender,Home & Kitchen,9,202.11,0.2,23,Credit Card,Houston
ORD-102792,5/7/2023,USB-C Cable,electronics,1,297.67,0.1,32,Cash,Phoenix
ORD-106520,10/7/2023,Blender,Home & Kitchen,5,332.91,0.2,54,PayPal,Houston
ORD-105775,6/27/2023,Lip Balm,Beauty,1,237.4,0.15,27,Cash,Houston
ORD-106358,2/27/2023,Monitor,Electronics,9,363.95,0.1,26,Cash,New York
ORD-104980,6/29/2023,Blender,Home & Kitchen,1,450.69,0.05,69,Cash,Phoenix
ORD-108086,8/10/2023,USB-C Cable,Electronics,6,238.73,0.05,39,Debit Card,Los Angeles
ORD-101092,2/2/2023,Headphones,Electronics,5,10.19,0.05,54,Apple Pay,Los Angeles
ORD-106527,5/30/2023,T-Shirt,Clothing,9,10.88,0.05,44,Debit Card,Los Angeles
ORD-108554,1/29/2023,Python Guide,Books,1,N/A,0.1,34,Cash,Houston
ORD-104628,1/2/2023,Blender,Home & Kitchen,7,389.69,0,200,Debit Card,Phoenix
ORD-102325,10/2/2023,T-Shirt,Clothing,9,58.57,0,52,Credit Card,Chicago
ORD-106535,7/4/2023,Monitor,Electronics,7,128.39,0,41,PayPal,Online
ORD-109239,5/20/2023,Sunscreen,Beauty,8,196.68,0.2,18,Apple Pay,New York
ORD-105056,6/8/2023,Jacket,Clothing,6,101.08,0.15,38,Apple Pay,New York
ORD-102609,1/23/2023,T-Shirt,Clothing,8,216.8,0.15,47,PayPal,Los Angeles
ORD-109290,3/13/2023,USB-C Cable,electronics,7,82.99,0.15,31,Debit Card,Phoenix
ORD-102291,1/15/2023,Hoodie,Clothing,8,61.69,0.2,24,Debit Card,New York
ORD-101728,7/24/2023,Shampoo,Beauty,9,216.03,0.1,,Cash,Phoenix
ORD-100611,5/6/2023,USB-C Cable,Electronics,3,173.6,0.1,66,Debit Card,Los Angeles
ORD-107818,6/27/2023,Mug,Home & Kitchen,1,359.91,0.1,,Debit Card,Los Angeles
ORD-104667,8/11/2023,T-Shirt,Clothing,3,133.32,0.15,69,Credit Card,Online
ORD-106076,10/30/2023,Mug,Home & Kitchen,8,270.3,0,29,Debit Card,Online
ORD-105414,6/8/2023,Python Guide,Books,3,278.19,0.2,19,Credit Card,new york
ORD-100344,5/5/2023,Mug,Home & Kitchen,-1,145.51,0.15,20,Apple Pay,Phoenix
ORD-104684,2/19/2023,Perfume,Beauty,7,353.02,0.05,45,Debit Card,Chicago
ORD-109046,4/17/2023,Lip Balm,Beauty,5,390.6,0.05,52,Apple Pay,Los Angeles
ORD-103751,9/20/2023,Mug,Home & Kitchen,8,281.06,0.2,49,PayPal,Los Angeles
ORD-108700,11/8/2023,Moisturizer,Beauty,4,345.77,0.2,61,Debit Card,Los Angeles
ORD-109585,9/11/2023,Wireless Mouse,Electronics,1,128.83,0.05,52,PayPal,Chicago
ORD-106000,1/22/2023,Lip Balm,Beauty,3,389.57,0,18,PayPal,Chicago
ORD-103216,6/30/2023,Mechanical Keyboard,Electronics,8,55.99,0.05,55,Debit Card,Phoenix
ORD-100098,4/6/2023,Biography,Books,3,209.25,0.2,29,Credit Card,New York
ORD-107869,8/21/2023,Lip Balm,Beauty,2,191.45,0,59,Debit Card,New York
ORD-108169,6/14/2023,Mug,Home & Kitchen,1,344.62,0.15,36,PayPal,Los Angeles
ORD-105177,1/15/2023,Fiction Novel,Books,2,484.53,0,27,Cash,Chicago
ORD-107280,5/11/2023,Python Guide,Books,3,284.74,0.15,48,Credit Card,Phoenix
ORD-106166,7/17/2023,Wireless Mouse,Electronics,9,321.91,0.1,55,Apple Pay,Los Angeles
ORD-101538,12/13/2023,Moisturizer,Beauty,8,0,0.05,47,Credit Card,Houston
ORD-103589,2/27/2023,Fiction Novel,Books,3,437.07,0,40,Debit Card,Online
ORD-107904,10/20/2023,USB-C Cable,Electronics,8,176.65,0.2,69,Debit Card,Chicago
ORD-106986,6/25/2023,Wireless Mouse,Electronics,3,348.57,0.05,69,Apple Pay,Los Angeles
ORD-103649,6/17/2023,Socks,Clothing,1,332.14,0.2,64,Cash,Los Angeles
ORD-102658,9/6/2023,Data Science 101,Books,3,246.19,0.1,200,Apple Pay,Chicago
ORD-108049,8/26/2023,Air Fryer,Home & Kitchen,5,153.97,0.05,62,Debit Card,Los Angeles
ORD-101518,12/15/2023,Headphones,Electronics,4,273.3,0.15,55,cash,Chicago
ORD-105062,5/17/2023,Coffee Maker,Home & Kitchen,4,380.21,0.15,21,PayPal,new york
ORD-109627,12/9/2023,Data Science 101,Books,8,-5,0.05,56,Apple Pay,Houston
ORD-104625,Invalid_Date,Sunscreen,Beauty,6,491.77,0,21,Apple Pay,Los Angeles
ORD-104273,12/25/2023,Headphones,Electronics,2,9999.99,0,68,Cash,New York
ORD-103670,3/24/2023,Shampoo,Beauty,6,384.53,0.1,41,Cash,Online
ORD-106567,2023-13-45,Mechanical Keyboard,Electronics,1,299.78,0.2,44,PayPal,New York
ORD-105801,11/2/2023,Air Fryer,Home & Kitchen,5,216.71,0.15,30,PayPal,Houston
ORD-102091,2/27/2023,Air Fryer,Home & Kitchen,5,368.03,0.2,71,Credit Card,Online
ORD-107098,2/24/2023,Jacket,Clothing,8,9999.99,0.05,24,Debit Card,Los Angeles
ORD-106172,9/30/2023,Sunscreen,Beauty,4,469.52,0.2,23,Apple Pay,Online
ORD-107522,12/19/2023,T-Shirt,Clothing,8,249.29,0.15,25,PayPal,Phoenix
ORD-100573,8/4/2023,Socks,Clothing,4,-5,0,25,Apple Pay,Chicago
ORD-107741,3/28/2023,Socks,Clothing,4,250.19,0.1,33,Cash,Houston
ORD-109844,5/20/2023,Fiction Novel,Books,4,108.79,0.2,47,PayPal,New York
ORD-104689,9/28/2023,History Book,Books,4,453.15,0,55,PayPal,Phoenix
ORD-109344,10/22/2023,History Book,Books,5,414.86,0.05,49,Apple Pay,Phoenix
ORD-103063,9/25/2023,Hoodie,Clothing,1,217.03,0.1,35,PayPal,New York
ORD-100598,9/23/2023,Cookware Set,Home & Kitchen,2,444.58,0.05,68,Apple Pay,Phoenix
ORD-106471,4/5/2023,History Book,Books,5,143.42,0.1,61,Debit Card,Los Angeles
ORD-107161,7/8/2023,Headphones,Electronics,6,266.5,0.05,61,Apple Pay,New York
ORD-106634,10/13/2023,Perfume,Beauty,2,,0.15,71,PayPal,Phoenix
ORD-108740,4/21/2023,Monitor,Electronics,5,149.04,0.2,33,PayPal,Online
ORD-107876,7/29/2023,Monitor,Electronics,7,407.63,0.15,32,Apple Pay,Chicago
ORD-104725,8/27/2023,Headphones,Electronics,6,113.89,0.15,65,Credit Card,Online
ORD-107346,5/20/2023,Biography,Books,9,199.87,0.15,45,PayPal,Online
ORD-106305,7/25/2023,Python Guide,Books,6,237.26,0.05,57,Apple Pay,Los Angeles
ORD-100425,Invalid_Date,Air Fryer,Home & Kitchen,1,62.6,0.2,52,PayPal,Los Angeles
ORD-109721,8/6/2023,Headphones,Electronics,6,178.66,0.15,19,Credit Card,Chicago
ORD-109891,3/1/2023,Python Guide,Books,4,385.2,0.15,30,Debit Card,phoenix
ORD-104480,6/30/2023,T-Shirt,Clothing,2,326.84,0.15,34,PayPal,Houston
ORD-104949,12/21/2023,Socks,Clothing,4,334.44,0,39,Debit Card,Phoenix
ORD-105977,1/30/2023,Sunscreen,Beauty,9,250.25,0.2,20,Credit Card,Los Angeles
ORD-100371,1/15/2023,Mug,Home & Kitchen,2,499.71,0,50,Apple Pay,New York
ORD-101939,11/29/2023,USB-C Cable,Electronics,6,447.52,0,51,Debit Card,Houston
ORD-102353,5/1/2023,T-Shirt,Clothing,5,362.15,0.05,58,Apple Pay,Houston
ORD-107128,1/14/2023,T-Shirt,Clothing,5,91.09,0.15,69,Cash,Los Angeles
ORD-101754,1/9/2023,Coffee Maker,Home & Kitchen,1,401.58,0.2,29,Debit Card,New York
ORD-103671,9/16/2023,T-Shirt,Clothing,6,259.95,0.05,62,Cash,Phoenix
ORD-107299,7/26/2023,Monitor,ELECTRONICS,9,440.1,0.1,64,PayPal,Phoenix
ORD-103653,2/21/2023,Hoodie,Clothing,8,304.78,0.15,29,Debit Card,Chicago
ORD-105202,1/2/2023,Mechanical Keyboard,Electronics,7,27.21,0.05,46,Credit Card,Phoenix
ORD-108294,8/13/2023,Lip Balm,Beauty,8,235.81,0.05,53,Credit Card,los angeles
ORD-102362,12/8/2023,Headphones,Electronics,4,108.78,0.05,150,Debit Card,Online
ORD-104261,2/15/2023,T-Shirt,Clothing,1,327.47,0.15,26,Apple Pay,New York
ORD-105433,3/23/2023,Jacket,Clothing,3,332.99,0,56,Credit Card,Houston
ORD-106286,8/28/2023,Coffee Maker,Home & Kitchen,5,392.4,0.05,48,Cash,New York
ORD-104992,1/15/2023,History Book,Books,7,311.48,0.05,74,Cash,Los Angeles
ORD-108099,6/24/2023,Perfume,Beauty,6,56.08,0.2,72,Cash,phoenix
ORD-109745,11/7/2023,T-Shirt,Clothing,9,290.77,0,51,PayPal,New York
ORD-103738,11/29/2023,Hoodie,Clothing,9,251.33,0,74,Cash,Chicago
ORD-108014,7/26/2023,Air Fryer,Home & Kitchen,8,199.55,,19,Debit Card,Phoenix
ORD-108813,7/5/2023,Moisturizer,Beauty,3,331.3,0.2,25,Apple Pay,New York
ORD-109193,10/17/2023,History Book,Books,0,319.13,0.15,67,Apple Pay,Phoenix
ORD-108989,10/9/2023,Monitor,Electronics,7,176.06,0.2,,Cash,Los Angeles
ORD-105592,9/30/2023,Moisturizer,Beauty,N/A,214.43,0.15,42,Credit Card,Chicago
ORD-101172,3/31/2023,Biography,Books,6,7.54,0.2,71,Apple Pay,Online
ORD-107371,9/5/2023,Data Science 101,Books,5,120.63,0.05,55,Apple Pay,Phoenix
ORD-107928,3/11/2023,USB-C Cable,Electronics,N/A,103.38,0.05,20,PayPal,Houston
ORD-109896,4/13/2023,Cookware Set,Home & Kitchen,1,84.94,0,71,Debit Card,New York
ORD-108383,1/26/2023,Blender,Home & Kitchen,3,459.92,0.05,58,Cash,Phoenix
ORD-101423,1/21/2023,Air Fryer,Home & Kitchen,7,100.28,0.1,999,Apple Pay,Chicago
ORD-106783,4/17/2023,Socks,Clothing,6,306.42,0.05,24,PayPal,Online
ORD-109725,5/20/2023,Fiction Novel,Books,4,85.64,0.05,18,Credit Card,Chicago
ORD-109042,11/1/2023,Hoodie,Clothing,5,406.62,0.2,,Debit Card,New York
ORD-106107,2023-13-45,Sunscreen,Beauty,6,272.18,0.05,33,PayPal,Los Angeles
ORD-109628,5/20/2023,Lip Balm,Beauty,1,319.4,0,61,Debit Card,Phoenix
ORD-108348,9/25/2023,Data Science 101,Books,-1,229.02,0.05,44,Debit Card,Phoenix
ORD-106340,10/10/2023,Air Fryer,Home & Kitchen,1,436.03,0.2,Unknown,Apple Pay,Online
ORD-107701,9/12/2023,Socks,Clothing,9,177.44,0.05,22,Credit Card,New York
ORD-109712,Invalid_Date,Coffee Maker,Home & Kitchen,7,47.03,0.05,65,Debit Card,Phoenix
ORD-100875,12/5/2023,Fiction Novel,Books,6,141.27,0,,Apple Pay,New York
ORD-102298,Invalid_Date,Blender,Home & Kitchen,6,160.93,0,70,PayPal,Online
ORD-102644,2/7/2023,Lip Balm,Beauty,N/A,391.57,0.2,69,Credit Card,Online
ORD-108026,9/22/2023,Shampoo,Beauty,2,99.22,0.1,23,Debit Card,Chicago
ORD-101720,4/11/2023,Wireless Mouse,Electronics,3,147.19,0.2,35,Credit Card,Los Angeles
ORD-105348,8/15/2023,Python Guide,Books,6,136.78,0.1,71,Credit Card,phoenix
ORD-105933,11/14/2023,Moisturizer,Beauty,8,330.53,0.1,27,Credit Card,Houston
ORD-100841,7/26/2023,Lip Balm,Beauty,2,387.54,0,53,Credit Card,Phoenix
ORD-107602,7/22/2023,Hoodie,CLOTHING,1,491.44,0.05,20,Apple Pay,Los Angeles
ORD-100582,1/15/2023,Monitor,Electronics,8,123.23,0,74,Cash,Online
ORD-100205,11/5/2023,Mechanical Keyboard,Electronics,5,192.76,0,27,Debit Card,Los Angeles
ORD-107897,12/3/2023,Headphones,electronics,5,110.34,0.15,18,Cash,Los Angeles
ORD-101642,1/15/2023,History Book,Books,5,312.89,0.15,38,Credit Card,Online
ORD-102015,3/20/2023,Wireless Mouse,Electronics,7,300.38,0,72,CASH,Online
ORD-103254,7/26/2023,Headphones,Electronics,4,93.41,0.15,999,Apple Pay,Los Angeles
ORD-108035,3/26/2023,Headphones,Electronics,3,394.76,0.05,24,Apple Pay,Phoenix
ORD-100906,11/23/2023,Air Fryer,Home & Kitchen,6,419.92,0,52,Cash,Chicago
ORD-100632,4/18/2023,Jeans,Clothing,3,258.89,0.15,69,Cash,Chicago
ORD-109272,7/31/2023,History Book,Books,9,99.01,0.1,34,Apple Pay,Phoenix
ORD-108595,9/29/2023,Moisturizer,BEAUTY,9,27.18,0.15,59,Apple Pay,Houston
ORD-101975,8/16/2023,Jeans,Clothing,2,318.07,0,61,PayPal,New York
ORD-100163,9/21/2023,Monitor,Electronics,6,295.49,0,61,Cash,Chicago
ORD-104999,8/25/2023,Jeans,Clothing,9,,0.1,54,Debit Card,Phoenix
ORD-101244,7/31/2023,Jeans,Clothing,2,365.79,0.2,62,Cash,Chicago
ORD-109732,1/17/2023,Jeans,Clothing,2,179.84,0,22,APPLE PAY,Online
ORD-101510,2/13/2023,Sunscreen,Beauty,6,262.51,0.15,45,Cash,New York
ORD-104714,2/10/2023,Headphones,Electronics,6,142.56,0.1,74,Cash,New York
ORD-100876,4/14/2023,Mug,Home & Kitchen,4,209.84,0.15,39,Credit Card,Houston
ORD-101432,5/9/2023,USB-C Cable,Electronics,2,339.72,0.05,59,PayPal,Chicago
ORD-109148,11/3/2023,USB-C Cable,Electronics,2,65.08,0,51,Credit Card,Houston
ORD-106869,5/1/2023,Jeans,Clothing,9,463.53,0.2,74,Debit Card,New York
ORD-104644,9/4/2023,Coffee Maker,Home & Kitchen,5,242.22,0.05,200,Cash,New York
ORD-105081,2/21/2023,Headphones,Electronics,3,76.11,0.2,33,PayPal,Houston
ORD-105784,3/15/2023,Blender,Home & Kitchen,5,91.01,0.2,30,Credit Card,Phoenix
ORD-109737,9/6/2023,Shampoo,Beauty,2,,0,21,PayPal,Los Angeles
ORD-107711,8/10/2023,Moisturizer,Beauty,4,70.38,0.05,71,debit card,Houston
ORD-107737,1/14/2023,Jacket,Clothing,4,209.04,0.05,34,Debit Card,New York
ORD-108117,4/7/2023,Cookware Set,Home & Kitchen,4,83.92,0.05,53,Cash,Online
ORD-107532,3/17/2023,Data Science 101,books,1,168.74,0.1,31,PayPal,Chicago
ORD-108361,8/11/2023,Blender,Home & Kitchen,3,307.63,0.1,58,Apple Pay,Los Angeles
ORD-108226,10/7/2023,Mug,Home & Kitchen,1,50000,0.05,32,Apple Pay,New York
ORD-109719,10/4/2023,Wireless Mouse,Electronics,7,125.52,0.15,30,Credit Card,New York
ORD-102857,1/30/2023,Biography,Books,5,466.68,0.2,33,Cash,los angeles
ORD-101862,5/15/2023,Cookware Set,Home & Kitchen,5,9999.99,0.15,44,Apple Pay,Los Angeles
ORD-102660,7/5/2023,Mug,Home & Kitchen,1,425.13,0.05,29,Credit Card,Chicago
ORD-103385,12/26/2023,Air Fryer,Home & Kitchen,8,492.17,0.1,30,Cash,Houston
ORD-109850,8/17/2023,Wireless Mouse,Electronics,5,473.13,0.05,20,Credit Card,Houston
ORD-106232,3/11/2023,Data Science 101,Books,2,469.01,0.1,54,Credit Card,Chicago
ORD-108386,Invalid_Date,Headphones,Electronics,8,497.02,0,50,Debit Card,Phoenix
ORD-109049,8/26/2023,Mechanical Keyboard,Electronics,6,381.49,0.05,71,Credit Card,chicago
ORD-107463,6/16/2023,Hoodie,Clothing,6,425.85,0.05,63,Credit Card,Online
ORD-106887,Invalid_Date,Hoodie,Clothing,9,297.38,0.2,55,Apple Pay,Los Angeles
ORD-104734,6/16/2023,Coffee Maker,Home & Kitchen,-1,380.79,0.1,47,Apple Pay,Los Angeles
ORD-103332,4/17/2023,Jacket,Clothing,7,7.12,0.2,25,Apple Pay,Chicago
ORD-109276,5/11/2023,Shampoo,Beauty,4,97.26,0.15,39,CASH,Chicago
ORD-107750,11/15/2023,T-Shirt,Clothing,2,167.08,0.2,25,Apple Pay,Houston
ORD-108893,8/19/2023,Jacket,Clothing,3,278.19,0.2,71,PayPal,New York
ORD-106405,2/18/2023,Shampoo,Beauty,4,245.77,0.1,68,Apple Pay,Houston
ORD-108592,8/31/2023,T-Shirt,Clothing,2,49.48,0.1,66,Cash,New York
ORD-109747,1/25/2023,Fiction Novel,Books,6,377.96,0.15,18,Cash,online
ORD-107061,8/25/2023,Lip Balm,Beauty,3,448.01,0.15,32,Apple Pay,Chicago
ORD-102097,11/18/2023,Jacket,Clothing,2,331.89,0.2,71,PayPal,Los Angeles
ORD-102004,8/29/2023,Socks,Clothing,5,203.08,0,200,Cash,Online
ORD-108654,4/15/2023,Perfume,Beauty,4,296.46,0,62,Apple Pay,Houston
ORD-108000,8/7/2023,Biography,Books,9,258.53,0,,Debit Card,Phoenix
ORD-109014,5/30/2023,Jacket,Clothing,1,50.51,0.1,41,PayPal,Online
ORD-104677,6/30/2023,Fiction Novel,Books,7,272.06,0.05,64,Cash,New York
ORD-105018,8/9/2023,Cookware Set,Home & Kitchen,5,41.78,0.05,62,PayPal,Phoenix
ORD-107470,2/6/2023,Mechanical Keyboard,Electronics,1,43.79,,44,Cash,Phoenix
ORD-100547,12/30/2023,Coffee Maker,Home & Kitchen,9,238.23,0.15,26,Cash,Phoenix
ORD-101450,2023-13-45,Python Guide,Books,5,74.98,0.1,62,Apple Pay,Chicago
ORD-103987,8/27/2023,Headphones,Electronics,4,362.9,0.15,43,Credit Card,Phoenix
ORD-106901,5/2/2023,Python Guide,Books,7,342.79,0.1,19,Apple Pay,Online
ORD-102611,4/9/2023,Sunscreen,Beauty,6,244.6,0.15,34,PayPal,NEW YORK
ORD-101901,11/23/2023,Air Fryer,Home & Kitchen,3,442.46,,40,Cash,Phoenix
ORD-103921,Invalid_Date,T-Shirt,Clothing,2,307.43,0.2,69,Debit Card,New York
ORD-102758,2/27/2023,Sunscreen,Beauty,8,187.47,0.05,33,Cash,Phoenix
ORD-106125,3/9/2023,Blender,Home & Kitchen,2,435.24,0.1,59,PayPal,Houston
ORD-107798,11/1/2023,Sunscreen,Beauty,4,466.65,0.1,55,Cash,Los Angeles
ORD-106398,11/5/2023,Air Fryer,Home & Kitchen,8,435.96,0.2,73,Credit Card,New York
ORD-101886,10/18/2023,Air Fryer,Home & Kitchen,7,146.68,0.2,48,Apple Pay,Online
ORD-100766,2/28/2023,USB-C Cable,Electronics,5,38.83,0,67,Cash,Chicago
ORD-105739,5/13/2023,History Book,Books,8,247.53,0.2,-5,PayPal,Chicago
ORD-109753,2023-13-45,Air Fryer,Home & Kitchen,8,162.63,0,45,Apple Pay,Online
ORD-105891,5/23/2023,Cookware Set,Home & Kitchen,1,40.99,0,56,Credit Card,Phoenix
ORD-102098,10/20/2023,Fiction Novel,Books,5,183.16,0.2,20,Cash,New York
ORD-109564,2023-13-45,Hoodie,Clothing,6,350.07,0.05,23,PayPal,Phoenix
ORD-105693,9/2/2023,Jeans,Clothing,5,237.87,0.05,150,Credit Card,New York
ORD-100500,11/21/2023,Python Guide,Books,9,475.4,0,69,Debit Card,ONLINE
ORD-105625,11/1/2023,Moisturizer,Beauty,6,242.34,0,33,Cash,Houston
ORD-100837,2/14/2023,Socks,Clothing,2,50000,0.15,46,Credit Card,Los Angeles
ORD-103472,2/26/2023,Hoodie,Clothing,8,398.2,0,45,Credit Card,Los Angeles
ORD-104698,1/17/2023,Perfume,Beauty,4,50000,0.05,60,Apple Pay,Chicago
ORD-106281,5/8/2023,Air Fryer,Home & Kitchen,8,233.49,0.2,44,Credit Card,Los Angeles
ORD-109267,9/29/2023,Shampoo,Beauty,8,167.39,0.05,24,Cash,Los Angeles
ORD-102172,10/13/2023,History Book,Books,8,409.39,0.1,57,Debit Card,Online
ORD-109506,10/11/2023,Coffee Maker,Home & Kitchen,9,245.9,0.05,36,Apple Pay,Phoenix
ORD-105679,11/16/2023,Socks,Clothing,9,340.57,0.1,59,Apple Pay,Los Angeles
ORD-109458,1/7/2023,Hoodie,Clothing,4,309.71,0.15,58,PayPal,Los Angeles
ORD-100399,3/10/2023,History Book,Books,1,214.85,0,52,apple pay,Phoenix
ORD-102011,12/15/2023,Perfume,Beauty,7,239.05,0.15,55,Cash,Phoenix
ORD-105167,1/24/2023,Hoodie,Clothing,4,50000,0.1,28,Cash,Chicago
ORD-105872,10/9/2023,Sunscreen,Beauty,3,28.44,0.1,68,PayPal,Los Angeles
ORD-105862,10/21/2023,Coffee Maker,Home & Kitchen,4,92.66,0.15,70,Cash,Chicago
ORD-101284,5/25/2023,Hoodie,Clothing,7,N/A,0.1,67,Cash,Phoenix
ORD-108637,3/29/2023,Mug,Home & Kitchen,1,394.46,0.05,,PayPal,Houston
ORD-102449,8/21/2023,Jeans,Clothing,4,134.96,0,31,Cash,Los Angeles
ORD-104257,11/12/2023,Jeans,Clothing,6,439.72,0.15,53,Debit Card,Los Angeles
ORD-101837,1/15/2023,Mechanical Keyboard,Electronics,2,410.62,0.15,67,Cash,Houston
ORD-109885,12/19/2023,Biography,Books,7,93.36,0.1,59,PayPal,Houston
ORD-101020,7/8/2023,T-Shirt,Clothing,3,291.01,0.1,48,Cash,Chicago
ORD-109136,2023-13-45,Shampoo,Beauty,3,164.22,0.2,36,Credit Card,Los Angeles
ORD-105067,10/5/2023,History Book,Books,7,333.32,0,44,Apple Pay,Phoenix
ORD-101327,6/26/2023,Headphones,Electronics,2,429.13,0.15,43,apple pay,Phoenix
ORD-108060,9/15/2023,Air Fryer,Home & Kitchen,5,198.32,0.05,22,PayPal,Chicago
ORD-100476,7/8/2023,History Book,Books,6,273.41,0,73,Cash,Houston
ORD-102811,11/29/2023,Cookware Set,Home & Kitchen,9,372.93,0.1,61,PayPal,Phoenix
ORD-108889,6/3/2023,Hoodie,Clothing,9,56.61,0.05,47,Debit Card,Online
ORD-101652,11/9/2023,Air Fryer,Home & Kitchen,2,108.66,0.1,51,Credit Card,Chicago
ORD-109900,1/10/2023,Monitor,Electronics,8,307.1,0.15,N/A,Apple Pay,Online
ORD-101170,6/1/2023,Hoodie,Clothing,7,252.79,0.1,43,Apple Pay,Online
ORD-102529,5/20/2023,Wireless Mouse,Electronics,8,248.44,0.2,67,Cash,Los Angeles
ORD-101207,11/28/2023,Lip Balm,Beauty,9,8.46,0.05,Unknown,Cash,Houston
ORD-106257,3/23/2023,Wireless Mouse,Electronics,2,256.16,0,67,Debit Card,Houston
ORD-109038,7/27/2023,Moisturizer,Beauty,3,177.15,0.15,51,Cash,Online
ORD-105470,8/6/2023,Jeans,Clothing,9,195.7,0.15,19,Debit Card,Houston
ORD-109661,2/22/2023,History Book,Books,8,9999.99,0.05,27,PayPal,Online
ORD-107853,3/24/2023,Headphones,Electronics,5,451.7,0,67,PayPal,Chicago
ORD-100432,1/25/2023,Python Guide,books,2,38.75,0.15,62,Cash,Chicago
ORD-108201,1/6/2023,Fiction Novel,Books,8,119.35,0.05,33,Cash,Los Angeles
ORD-107872,Invalid_Date,Lip Balm,Beauty,2,72.15,0.15,56,Apple Pay,Los Angeles
ORD-100868,6/2/2023,USB-C Cable,Electronics,2,355.16,0.15,65,Credit Card,Houston
ORD-102975,7/8/2023,Fiction Novel,Books,4,86.33,0.15,20,Apple Pay,Houston
ORD-105237,12/24/2023,Mechanical Keyboard,Electronics,9,473.93,0.15,53,Credit Card,Online
ORD-105094,8/4/2023,Moisturizer,Beauty,5,63.62,0.15,69,Credit Card,Chicago
ORD-105434,12/16/2023,Shampoo,Beauty,7,443.8,0,46,credit card,Houston
ORD-100542,6/7/2023,Perfume,Beauty,7,65.6,0.2,51,Debit Card,Phoenix
ORD-105196,2/5/2023,Shampoo,Beauty,5,180.67,0.15,51,Cash,Chicago
ORD-101133,12/6/2023,Wireless Mouse,Electronics,7,391.21,0.1,23,PayPal,Phoenix
ORD-103123,10/31/2023,History Book,Books,5,472.39,0.1,55,Cash,New York
ORD-104502,6/30/2023,Socks,Clothing,5,155.68,0,26,Debit Card,Online
ORD-106355,10/13/2023,Hoodie,Clothing,4,327.52,0.1,42,Debit Card,New York
ORD-109611,11/4/2023,Python Guide,Books,5,-1,0.2,20,Debit Card,Los Angeles
ORD-103391,1/24/2023,T-Shirt,Clothing,4,448.44,0.2,65,CASH,New York
ORD-103889,2/11/2023,Lip Balm,Beauty,7,87.7,0.1,36,Credit Card,new york
ORD-102963,12/3/2023,Data Science 101,Books,6,158.24,0.1,51,PayPal,Chicago
ORD-104156,6/29/2023,Monitor,Electronics,5,260.54,0.05,21,Debit Card,Los Angeles
ORD-103260,3/15/2023,Jeans,Clothing,3,231.92,0,32,Apple Pay,Online
ORD-106303,2/25/2023,Blender,Home & Kitchen,8,277.19,0,53,Debit Card,Phoenix
ORD-106035,8/7/2023,USB-C Cable,Electronics,3,177.78,0.15,48,Debit Card,Phoenix
ORD-108298,8/22/2023,Shampoo,Beauty,1,484.64,0.05,20,Debit Card,New York
ORD-107838,11/16/2023,Coffee Maker,Home & Kitchen,4,97.23,0.15,27,PayPal,Phoenix
ORD-105742,12/29/2023,Hoodie,Clothing,2,9999.99,0.2,63,Credit Card,Online
ORD-102584,3/6/2023,Cookware Set,Home & Kitchen,2,15.72,0.15,67,Cash,Houston
ORD-102814,12/27/2023,Air Fryer,Home & Kitchen,7,325.1,0.15,150,Cash,Online
ORD-103960,4/22/2023,Mug,Home & Kitchen,3,366.88,0.15,30,PayPal,Houston
ORD-102948,12/21/2023,Biography,Books,5,Unknown,0.05,49,PayPal,Houston
ORD-106644,5/20/2023,History Book,Books,3,362.3,0,54,PayPal,Online
ORD-105175,5/9/2023,Wireless Mouse,Electronics,2,112.82,0,,Apple Pay,Chicago
ORD-106842,2023-13-45,Headphones,Electronics,4,62.48,0.1,25,Cash,Houston
ORD-108544,6/30/2023,Python Guide,Books,2,192.4,0,44,Credit Card,New York
ORD-107909,12/4/2023,Moisturizer,Beauty,5,169.72,0.05,63,Apple Pay,Houston
ORD-107896,4/8/2023,Hoodie,Clothing,7,210.94,0.2,50,Credit Card,Online
ORD-103587,7/27/2023,History Book,Books,9,258.11,0.1,-5,PayPal,New York
ORD-109503,8/26/2023,Moisturizer,Beauty,5,429.31,0.15,72,Apple Pay,Chicago
ORD-109772,5/22/2023,Mug,Home & Kitchen,4,472.5,0.15,62,Credit Card,Houston
ORD-102564,5/27/2023,Wireless Mouse,Electronics,1,233.93,0.1,74,,New York
ORD-102631,4/9/2023,Biography,Books,3,297.8,0.05,46,Credit Card,Chicago
ORD-103191,11/4/2023,Coffee Maker,Home & Kitchen,3,393.22,0.05,71,Credit Card,Online
ORD-102321,9/15/2023,Headphones,ELECTRONICS,9,36.17,0.05,56,PayPal,Chicago
ORD-108149,9/30/2023,History Book,Books,7,119.81,0,27,Cash,Los Angeles
ORD-105037,12/29/2023,History Book,Books,1,159.57,0.05,72,Apple Pay,New York
ORD-101081,5/18/2023,Moisturizer,Beauty,1,79.96,0,24,Debit Card,New York
ORD-104284,6/22/2023,Shampoo,Beauty,8,295.07,0.05,-1,Cash,Houston
ORD-105892,12/19/2023,Moisturizer,Beauty,9,307.78,0,29,Debit Card,New York
ORD-107086,3/28/2023,Python Guide,Books,7,408.29,0.1,43,Apple Pay,Los Angeles
ORD-102086,2/4/2023,Cookware Set,Home & Kitchen,8,285.67,0,35,Cash,Chicago
ORD-106346,5/2/2023,Hoodie,Clothing,3,9.8,0.2,43,Cash,Phoenix
ORD-102453,4/5/2023,Monitor,Electronics,7,240.86,0.2,34,Cash,Phoenix
ORD-104967,11/24/2023,Python Guide,Books,5,377.26,0.1,63,Cash,Houston
ORD-102024,8/10/2023,History Book,Books,3,448.07,0.1,,Cash,New York
ORD-108378,11/22/2023,Perfume,Beauty,3,122.79,0.05,21,Debit Card,Houston
ORD-109256,5/20/2023,Mechanical Keyboard,Electronics,2,240.65,0,28,PayPal,Online
ORD-107910,9/7/2023,Lip Balm,Beauty,5,59.78,0.2,67,Credit Card,Los Angeles
ORD-108976,1/18/2023,Air Fryer,Home & Kitchen,1,435.97,0.2,29,Apple Pay,Phoenix
ORD-107322,2/23/2023,Cookware Set,Home & Kitchen,6,262.15,0,33,Cash,Los Angeles
ORD-100227,5/27/2023,Moisturizer,Beauty,1,107.9,0.2,36,Cash,New York
ORD-101014,1/22/2023,Headphones,Electronics,6,133.61,0.15,69,Credit Card,Chicago
ORD-106680,2/24/2023,Jacket,Clothing,2,140.03,0.2,47,PayPal,New York
ORD-101930,8/19/2023,Socks,Clothing,1,-1,0,24,Debit Card,Houston
ORD-101044,12/31/2023,Hoodie,Clothing,6,151.43,0.1,33,Credit Card,Los Angeles
ORD-105252,3/6/2023,Mechanical Keyboard,Electronics,1,9999.99,0,54,PayPal,Houston
ORD-101405,2/22/2023,Wireless Mouse,electronics,7,72.15,0.1,55,Debit Card,Chicago
ORD-109314,3/3/2023,Hoodie,Clothing,6,406.04,0.05,72,Debit Card,Houston
ORD-102180,7/17/2023,Jeans,Clothing,3,499.66,0.1,70,Cash,Phoenix
ORD-100698,6/30/2023,History Book,Books,3,77.75,0.15,0,Apple Pay,Houston
ORD-101125,6/26/2023,Socks,Clothing,4,433.88,0.2,43,Cash,New York
ORD-107379,1/12/2023,History Book,Books,7,265.96,0.15,34,Apple Pay,Los Angeles
ORD-103896,12/1/2023,Jacket,Clothing,Unknown,341.28,0.2,32,Debit Card,New York
ORD-108463,11/16/2023,Monitor,Electronics,7,433.26,0.05,,PayPal,New York
ORD-105111,5/15/2023,T-Shirt,Clothing,2,221.01,0.15,45,Debit Card,Los Angeles
ORD-107903,9/15/2023,Lip Balm,Beauty,7,412.04,0.15,45,,Houston
ORD-101779,2/10/2023,Fiction Novel,Books,3,12.67,0.05,19,Credit Card,Chicago
ORD-108236,7/11/2023,Python Guide,Books,7,8.02,0.05,66,PayPal,Los Angeles
ORD-102635,7/20/2023,Sunscreen,Beauty,-5,443.76,0.2,35,PayPal,Houston
ORD-107188,7/3/2023,Coffee Maker,Home & Kitchen,9,191.7,0.1,43,PayPal,HOUSTON
ORD-107545,12/1/2023,History Book,Books,7,13.89,0.15,53,Cash,Chicago
ORD-107605,11/20/2023,T-Shirt,Clothing,6,409.65,0.1,-5,Apple Pay,Online
ORD-103490,8/14/2023,Moisturizer,Beauty,-5,469.16,0,42,Debit Card,Online
ORD-108505,8/25/2023,Air Fryer,Home & Kitchen,4,-5,0.15,72,Apple Pay,New York
ORD-101038,1/12/2023,Jacket,Clothing,2,29.96,0.2,0,Credit Card,Chicago
ORD-106094,8/20/2023,Shampoo,Beauty,7,15.55,0.15,47,Cash,Chicago
ORD-102257,6/10/2023,Mechanical Keyboard,Electronics,9,30.68,0.2,72,Apple Pay,New York
ORD-109450,3/15/2023,Python Guide,Books,6,13.16,0,74,Credit Card,Houston
ORD-102614,12/17/2023,Moisturizer,Beauty,9,454.48,0.2,43,Cash,Houston
ORD-100314,5/25/2023,Fiction Novel,Books,8,83.83,0.2,70,Cash,New York
ORD-102650,1/25/2023,Blender,Home & Kitchen,9,340.16,0.05,29,Debit Card,Houston
ORD-102282,11/15/2023,Socks,Clothing,7,314.35,0.15,150,PayPal,Houston
ORD-106742,12/21/2023,Python Guide,Books,9,444.88,0,150,Cash,Online
ORD-102980,11/29/2023,USB-C Cable,Electronics,4,323.98,0.1,36,Debit Card,Phoenix
ORD-102548,2/8/2023,Cookware Set,Home & Kitchen,8,187.05,0.15,68,Credit Card,Chicago
ORD-105513,5/28/2023,Fiction Novel,Books,2,498.76,0.15,48,Cash,Los Angeles
ORD-105133,11/21/2023,T-Shirt,Clothing,9,268.49,0.15,24,APPLE PAY,Houston
ORD-102160,3/9/2023,USB-C Cable,Electronics,1,489.11,0.2,50,Debit Card,Phoenix
ORD-107081,6/19/2023,Coffee Maker,Home & Kitchen,1,315.68,0,72,PayPal,Los Angeles
ORD-103138,10/15/2023,Moisturizer,Beauty,4,9999.99,0.05,58,PayPal,New York
ORD-109756,5/18/2023,T-Shirt,Clothing,5,9999.99,0.15,25,Debit Card,Online
ORD-105851,1/9/2023,Shampoo,Beauty,8,109.55,0.15,30,Credit Card,Los Angeles
ORD-100030,1/28/2023,Python Guide,Books,5,436.37,0.15,61,Credit Card,New York
ORD-106446,3/22/2023,Data Science 101,Books,4,336.54,0.15,200,PayPal,New York
ORD-103968,12/4/2023,Headphones,Electronics,7,123.82,0.1,26,Cash,Houston
ORD-101429,4/1/2023,Mechanical Keyboard,Electronics,9,178.06,0.2,43,Credit Card,Chicago
ORD-108669,8/31/2023,T-Shirt,Clothing,6,71.23,0.1,59,Apple Pay,New York
ORD-102521,1/30/2023,Blender,Home & Kitchen,7,58.76,0,62,PayPal,New York
ORD-103563,2/2/2023,Monitor,Electronics,8,9999.99,0.2,63,Credit Card,Los Angeles
ORD-108034,7/22/2023,Data Science 101,Books,6,355.65,0,69,Debit Card,Online
ORD-104970,10/28/2023,Moisturizer,Beauty,7,33.96,0.2,48,Credit Card,Online
ORD-101856,9/4/2023,Jacket,Clothing,1,155.12,0.15,55,PayPal,Chicago
ORD-108890,12/5/2023,Perfume,Beauty,3,88.48,,23,Debit Card,Chicago
ORD-105603,5/11/2023,Headphones,Electronics,4,220.97,0.2,150,Cash,Phoenix
ORD-107272,1/2/2023,T-Shirt,Clothing,7,296.15,0.05,58,Apple Pay,Chicago
ORD-100736,6/30/2023,USB-C Cable,Electronics,5,198.95,0,74,Debit Card,Phoenix
ORD-100449,9/9/2023,Socks,Clothing,2,165.71,0.05,57,Cash,Phoenix
ORD-108739,2/1/2023,Biography,Books,8,110.82,0.15,47,Cash,Houston
ORD-101285,9/23/2023,Sunscreen,Beauty,6,245.08,0.2,73,Debit Card,New York
ORD-105996,10/9/2023,Biography,Books,7,288.49,0.2,22,Debit Card,New York
ORD-108288,3/17/2023,Lip Balm,Beauty,5,65.59,0.05,39,PayPal,New York
ORD-107752,10/9/2023,Lip Balm,Beauty,8,441.03,0,21,Debit Card,Los Angeles
ORD-103728,4/8/2023,Blender,Home & Kitchen,1,447.79,0.2,46,PayPal,Los Angeles
ORD-107354,2/26/2023,Mechanical Keyboard,Electronics,8,158.72,0.2,39,Credit Card,Chicago
ORD-106280,5/25/2023,Jeans,Clothing,1,154.41,0,21,Cash,Online
ORD-102546,8/25/2023,Headphones,Electronics,1,386.15,0.2,34,Debit Card,Online
ORD-107296,6/22/2023,USB-C Cable,Electronics,0,73.57,0.15,30,Cash,Los Angeles
ORD-106252,5/29/2023,Data Science 101,Books,7,270.44,0,49,Credit Card,Los Angeles
ORD-105927,9/26/2023,Socks,Clothing,1,461.18,0.1,67,Cash,Chicago
ORD-102461,1/18/2023,Lip Balm,Beauty,8,279.68,0,34,Apple Pay,Online
ORD-100023,2/4/2023,T-Shirt,Clothing,8,140.99,0,52,Debit Card,Houston
ORD-102067,5/3/2023,Mechanical Keyboard,Electronics,9,19.27,0.05,74,Cash,Chicago
ORD-101654,3/22/2023,Cookware Set,Home & Kitchen,7,38,0.2,61,,Los Angeles
ORD-101377,1/3/2023,Lip Balm,Beauty,6,422.69,0.05,68,Debit Card,Houston
ORD-101725,1/23/2023,History Book,Books,1,131.06,0.2,60,Debit Card,Los Angeles
ORD-103755,1/16/2023,Hoodie,Clothing,9,5.65,0.2,71,PayPal,Chicago
ORD-104184,1/17/2023,Mug,Home & Kitchen,8,161.59,0.05,46,Cash,Phoenix
ORD-104083,10/27/2023,Hoodie,Clothing,3,427.1,0.2,32,PayPal,Online
ORD-106580,11/26/2023,Jeans,Clothing,7,379.9,0.05,74,PayPal,Chicago
ORD-104559,5/20/2023,Monitor,Electronics,3,222.17,0.05,41,Debit Card,Online
ORD-103538,3/21/2023,Monitor,Electronics,7,216.57,0.1,48,Debit Card,Phoenix
ORD-107004,12/20/2023,Headphones,Electronics,8,33.9,0.05,52,Apple Pay,Phoenix
ORD-109752,12/26/2023,Jeans,Clothing,7,360.3,0.1,18,Credit Card,Los Angeles
ORD-100647,2023-13-45,Shampoo,Beauty,4,351.52,0,51,PayPal,Online
ORD-106382,12/14/2023,Fiction Novel,Books,4,50000,0.2,35,Cash,Los Angeles
ORD-107528,2/9/2023,Moisturizer,Beauty,5,393.18,0.2,48,,Phoenix
ORD-109988,3/10/2023,Data Science 101,Books,3,399.3,0,68,Apple Pay,Phoenix
ORD-107166,3/13/2023,USB-C Cable,Electronics,7,216.95,0.2,29,Apple Pay,Los Angeles
ORD-108243,1/24/2023,Fiction Novel,Books,2,90.08,0,20,Apple Pay,Phoenix
ORD-107698,10/4/2023,Sunscreen,Beauty,2,351.82,0.05,58,Debit Card,Los Angeles
ORD-109686,6/17/2023,Lip Balm,Beauty,2,279.29,0.05,52,Apple Pay,Los Angeles
ORD-104876,3/24/2023,Monitor,Electronics,4,86.46,0,200,Debit Card,Phoenix
ORD-108851,4/27/2023,Wireless Mouse,Electronics,2,246.9,0.2,52,PayPal,New York
ORD-105342,5/13/2023,History Book,Books,9,85.11,0,49,Cash,Online
ORD-107032,7/25/2023,Monitor,Electronics,3,33.01,0.15,71,Apple Pay,HOUSTON
ORD-102161,9/16/2023,Monitor,Electronics,7,16.02,0.15,68,PayPal,New York
ORD-100686,6/24/2023,Hoodie,Clothing,7,388.13,0,57,Cash,Chicago
ORD-102462,7/5/2023,Monitor,Electronics,6,213.77,0.2,67,PayPal,New York
ORD-107129,5/2/2023,USB-C Cable,Electronics,9,448.17,0,73,Cash,Los Angeles
ORD-106268,2/28/2023,Air Fryer,Home & Kitchen,8,110.42,0.1,73,Cash,New York
ORD-104942,11/15/2023,Mechanical Keyboard,Electronics,8,,0.05,42,Cash,Los Angeles
ORD-105947,1/13/2023,T-Shirt,Clothing,3,464.63,0.15,20,PayPal,Online
ORD-104584,1/27/2023,Biography,Books,1,460.05,0.2,34,Apple Pay,Los Angeles
ORD-105785,12/9/2023,USB-C Cable,Electronics,7,77.23,0.1,64,Debit Card,Chicago
ORD-107570,7/9/2023,Moisturizer,Beauty,8,371.21,,63,Cash,Houston
ORD-100522,6/26/2023,Wireless Mouse,Electronics,9,396.89,0,51,Credit Card,Online
ORD-103984,5/16/2023,Jacket,Clothing,4,5.15,0.15,34,Cash,Los Angeles
ORD-109846,10/23/2023,Moisturizer,Beauty,7,247.17,0.2,34,Credit Card,Chicago
ORD-100781,3/6/2023,Biography,Books,2,433.72,0.1,43,Cash,Phoenix
ORD-108863,8/19/2023,Python Guide,Books,7,282.87,0.15,66,PayPal,Los Angeles
ORD-105608,10/21/2023,Wireless Mouse,Electronics,7,0,0.2,31,PayPal,Phoenix
ORD-105979,12/9/2023,T-Shirt,Clothing,3,164.05,0.2,18,Credit Card,New York
ORD-103748,2023-13-45,Monitor,Electronics,7,98.05,0.1,26,Apple Pay,Houston
ORD-102197,4/8/2023,USB-C Cable,Electronics,9,270.42,0.2,65,Credit Card,New York
ORD-105911,7/17/2023,Shampoo,Beauty,6,291.87,0.05,46,Credit Card,Houston
ORD-104286,7/8/2023,Mug,Home & Kitchen,5,,0.15,53,Apple Pay,Los Angeles
ORD-106980,6/3/2023,Moisturizer,Beauty,5,371.75,0.05,21,PayPal,Chicago
ORD-101828,6/29/2023,Mug,Home & Kitchen,7,50000,0.05,56,Cash,Houston
ORD-109963,3/4/2023,Coffee Maker,Home & Kitchen,3,118.39,0.2,25,PayPal,Chicago
ORD-102377,11/15/2023,T-Shirt,Clothing,2,33.08,0,68,Debit Card,Houston
ORD-103840,9/10/2023,USB-C Cable,Electronics,9,426.15,0.05,68,Credit Card,Online
ORD-101247,6/4/2023,Biography,Books,9,160.45,0.15,54,Credit Card,Los Angeles
ORD-107505,12/24/2023,Jacket,Clothing,9,35.89,0.05,54,PayPal,Chicago
ORD-106512,6/15/2023,Hoodie,Clothing,6,414.14,0.1,150,Cash,Online
ORD-105440,9/7/2023,Lip Balm,Beauty,5,424.39,0.2,73,Apple Pay,Phoenix
ORD-109518,9/30/2023,USB-C Cable,Electronics,1,183.83,0.05,58,Debit Card,Houston
ORD-105511,12/29/2023,Lip Balm,Beauty,5,274.17,0.05,34,PayPal,Phoenix
ORD-105331,1/17/2023,Sunscreen,Beauty,4,483.94,0.1,42,Apple Pay,Houston
ORD-104532,9/10/2023,Moisturizer,Beauty,3,100.3,0,37,Cash,Houston
ORD-100366,6/6/2023,Mechanical Keyboard,Electronics,1,366.76,0.2,64,PayPal,Phoenix
ORD-109732,1/17/2023,Jeans,Clothing,2,179.84,0,22,APPLE PAY,Online
ORD-100148,7/3/2023,Mug,Home & Kitchen,8,94.13,,20,Credit Card,Los Angeles
ORD-101669,1/15/2023,Jeans,Clothing,8,286.62,0,19,Debit Card,New York
ORD-109108,11/5/2023,Jeans,Clothing,6,313.25,0.05,65,Cash,Phoenix
ORD-107651,4/19/2023,Moisturizer,Beauty,3,447.95,0.1,23,PAYPAL,Los Angeles
ORD-107789,1/29/2023,Python Guide,Books,-5,497.74,0.1,50,PayPal,Online
ORD-103457,11/28/2023,Fiction Novel,Books,8,28.93,0,20,Cash,Phoenix
ORD-103272,7/20/2023,Socks,Clothing,9,398.39,0.05,34,,Phoenix
ORD-104941,7/16/2023,Moisturizer,BEAUTY,2,81.98,0.2,45,Credit Card,Houston
ORD-106231,1/19/2023,Sunscreen,Beauty,6,212.15,0.1,52,Debit Card,Houston
ORD-109171,9/17/2023,Biography,Books,3,414.46,0.15,58,Apple Pay,New York
ORD-108367,Invalid_Date,Cookware Set,Home & Kitchen,3,64.06,0.15,41,Credit Card,Houston
ORD-103927,2/21/2023,Shampoo,Beauty,9,354.27,0.15,72,Cash,Chicago
ORD-108800,3/31/2023,Coffee Maker,Home & Kitchen,3,135.85,0.2,46,Cash,Phoenix
ORD-108081,12/12/2023,Biography,Books,6,131.28,0.2,200,Debit Card,Online
ORD-100079,11/14/2023,Sunscreen,Beauty,5,96.25,,29,Cash,Online
ORD-107089,11/13/2023,Data Science 101,Books,6,462.41,0.2,62,Credit Card,Phoenix
ORD-102248,9/8/2023,Air Fryer,Home & Kitchen,9,229.84,0.05,43,Apple Pay,Los Angeles
ORD-108758,9/14/2023,Sunscreen,beauty,4,167,0.1,72,Debit Card,Houston
ORD-106443,7/12/2023,Cookware Set,Home & Kitchen,8,342.33,0.1,72,Apple Pay,New York
ORD-107452,12/25/2023,Wireless Mouse,Electronics,1,12.38,0.15,61,PayPal,Chicago
ORD-102280,11/2/2023,Mechanical Keyboard,electronics,3,471.59,0.2,34,Cash,Houston
ORD-108124,5/22/2023,Mechanical Keyboard,Electronics,3,310.82,0.2,22,Apple Pay,Chicago
ORD-103898,9/12/2023,Headphones,Electronics,9,355.11,,28,Cash,Los Angeles
ORD-107178,7/30/2023,Air Fryer,Home & Kitchen,7,145.72,0.15,37,Debit Card,Online
ORD-109735,8/8/2023,Hoodie,Clothing,4,211.45,0.2,44,PayPal,Los Angeles
ORD-103632,2023-13-45,Jacket,Clothing,2,221.83,0.15,36,Credit Card,Houston
ORD-108881,7/10/2023,Moisturizer,Beauty,3,232.39,0.05,N/A,PayPal,New York
ORD-106273,12/31/2023,Air Fryer,Home & Kitchen,5,355.77,0.2,68,PayPal,Los Angeles
ORD-100393,2/16/2023,Blender,Home & Kitchen,8,265.62,0.1,N/A,Debit Card,Los Angeles
ORD-103192,7/25/2023,Lip Balm,Beauty,5,450.81,0,66,Credit Card,Online
ORD-100017,10/28/2023,Cookware Set,Home & Kitchen,9,151.66,0,42,Debit Card,Los Angeles
ORD-104201,4/6/2023,Jeans,Clothing,2,5.12,0.05,32,Credit Card,Chicago
ORD-102673,11/12/2023,Jeans,Clothing,2,283.51,0.15,28,PayPal,Online
ORD-106165,4/19/2023,Socks,Clothing,8,269.39,0.15,40,Credit Card,Online
ORD-103494,11/2/2023,Moisturizer,beauty,1,440.27,0.2,34,Credit Card,Phoenix
ORD-107395,4/16/2023,Python Guide,Books,8,214.91,0.15,52,Credit Card,Chicago
ORD-104840,4/24/2023,Mug,Home & Kitchen,-5,57.41,0.15,45,Credit Card,New York
ORD-100594,12/6/2023,Mechanical Keyboard,Electronics,7,25.08,0.05,35,Cash,Los Angeles
ORD-109591,7/8/2023,T-Shirt,Clothing,3,441.04,0.2,26,Apple Pay,Online
ORD-105828,9/17/2023,Lip Balm,Beauty,3,142.11,0.05,43,Apple Pay,Chicago
ORD-107962,12/22/2023,Python Guide,Books,4,251.56,0.2,63,Debit Card,Los Angeles
ORD-105888,3/1/2023,Monitor,Electronics,9,60.17,0.05,68,Credit Card,Houston
ORD-102356,3/10/2023,Wireless Mouse,Electronics,5,225.18,0.2,23,Apple Pay,New York
ORD-106037,4/18/2023,Coffee Maker,Home & Kitchen,3,101.34,0.2,23,Apple Pay,los angeles
ORD-104799,10/21/2023,Hoodie,Clothing,7,342.88,0.2,200,Apple Pay,Online
ORD-108903,12/20/2023,Hoodie,Clothing,2,402.63,0,41,PayPal,Houston
ORD-104593,10/12/2023,USB-C Cable,Electronics,7,83.93,0.1,51,Apple Pay,Los Angeles
ORD-100164,4/11/2023,Socks,Clothing,3,50000,0.15,43,Debit Card,Chicago
ORD-109536,12/10/2023,Hoodie,Clothing,6,159.88,0.05,50,Cash,Online
ORD-109715,2/1/2023,Python Guide,Books,5,199.03,0.1,50,Credit Card,Los Angeles
ORD-102877,10/10/2023,History Book,Books,4,249.28,0.1,29,Credit Card,New York
ORD-107381,3/1/2023,Wireless Mouse,Electronics,9,418.92,0.1,60,Cash,New York
ORD-106357,4/4/2023,Jacket,Clothing,5,9999.99,0.1,40,Debit Card,Phoenix
ORD-105543,2023-13-45,Mechanical Keyboard,Electronics,6,389.26,0.1,61,Apple Pay,New York
ORD-106008,7/11/2023,Socks,Clothing,4,62.5,0,21,Apple Pay,Houston
ORD-107994,5/16/2023,Sunscreen,Beauty,1,35.16,0.15,34,Credit Card,HOUSTON
ORD-107639,2/16/2023,Wireless Mouse,Electronics,8,455.38,0.05,49,cash,Phoenix
ORD-106794,6/3/2023,Mechanical Keyboard,Electronics,7,50000,0.15,48,Apple Pay,Houston
ORD-107759,3/14/2023,Data Science 101,Books,7,0,0.05,65,Apple Pay,Phoenix
ORD-104838,3/20/2023,Socks,Clothing,1,54.13,0.1,49,Debit Card,Phoenix
ORD-102294,9/21/2023,Moisturizer,Beauty,1,76.92,0.2,39,Credit Card,Chicago
ORD-106549,9/28/2023,Mechanical Keyboard,Electronics,3,322.35,0.2,24,Debit Card,Phoenix
ORD-107899,12/13/2023,Lip Balm,Beauty,9,322.29,0,65,PayPal,Houston
ORD-104482,1/15/2023,Jacket,Clothing,1,357.64,0.15,33,Cash,Los Angeles
ORD-103717,10/1/2023,History Book,Books,3,198.15,0.05,45,Credit Card,Online
ORD-106141,6/22/2023,Moisturizer,Beauty,7,273.52,0.1,46,Apple Pay,Online
ORD-101550,2/6/2023,T-Shirt,Clothing,4,274.69,0.05,26,Debit Card,Online
ORD-102045,3/3/2023,Biography,Books,N/A,228.24,0.2,64,Cash,Chicago
ORD-100768,5/21/2023,Wireless Mouse,Electronics,7,472.5,0.15,71,Debit Card,Online
ORD-105694,2/7/2023,Mug,Home & Kitchen,6,173.31,0.2,63,Cash,New York
ORD-107871,5/25/2023,Coffee Maker,Home & Kitchen,3,422.43,0.05,71,Debit Card,Online
ORD-107858,11/27/2023,USB-C Cable,Electronics,7,43.69,0.1,65,Cash,Los Angeles
ORD-103303,10/13/2023,Mug,Home & Kitchen,5,424.09,0.2,61,PayPal,New York
ORD-104518,9/26/2023,Jeans,Clothing,9,50000,0.15,65,Credit Card,Houston
ORD-109726,6/3/2023,Coffee Maker,Home & Kitchen,N/A,178.02,0.15,22,Apple Pay,New York
ORD-103293,3/6/2023,T-Shirt,Clothing,5,,0.2,74,PayPal,Online
ORD-101404,12/16/2023,Jeans,Clothing,8,323.34,0.05,62,Apple Pay,Los Angeles
ORD-101383,10/23/2023,Lip Balm,Beauty,8,255.43,0.2,21,Debit Card,Chicago
ORD-106929,10/15/2023,Python Guide,Books,-5,475.34,0.1,50,Debit Card,New York
ORD-105672,12/21/2023,Cookware Set,Home & Kitchen,1,9.58,0.2,23,Cash,Online
ORD-101639,12/21/2023,Air Fryer,Home & Kitchen,1,474.36,0.15,35,Cash,Online
ORD-106908,1/11/2023,Shampoo,Beauty,4,140.81,0.05,64,Apple Pay,Chicago
ORD-106407,4/25/2023,Coffee Maker,Home & Kitchen,-5,193.15,0.2,64,Debit Card,New York
ORD-101180,1/3/2023,Moisturizer,Beauty,5,490.71,0.15,64,Apple Pay,Houston
ORD-105449,12/7/2023,Headphones,Electronics,8,432.19,0,71,PayPal,Los Angeles
ORD-105079,7/18/2023,Fiction Novel,Books,4,327.49,0.15,29,Cash,Los Angeles
ORD-105176,9/29/2023,History Book,Books,4,256.87,0,41,Apple Pay,Online
ORD-100690,5/15/2023,Shampoo,Beauty,5,325,0.15,,Apple Pay,Chicago
ORD-109116,3/16/2023,Mechanical Keyboard,Electronics,5,157.38,0.2,200,PayPal,Los Angeles
ORD-106526,9/1/2023,USB-C Cable,Electronics,3,432.45,0.1,200,Credit Card,Houston
ORD-104050,9/15/2023,Moisturizer,Beauty,5,385.27,0.1,65,paypal,Online
ORD-106489,8/9/2023,Socks,Clothing,4,398.55,,54,Credit Card,Los Angeles
ORD-107155,2/16/2023,Perfume,Beauty,1,294.87,0.15,68,Cash,Los Angeles
ORD-108671,9/22/2023,Blender,Home & Kitchen,1,318.77,0.15,24,Cash,Los Angeles
ORD-106611,7/26/2023,Monitor,Electronics,2,468.44,0.2,54,PayPal,Online
ORD-108823,9/15/2023,T-Shirt,Clothing,9,191.78,0.15,49,PayPal,Los Angeles
ORD-104350,12/24/2023,Wireless Mouse,Electronics,9,80.58,0.1,,PayPal,New York
ORD-101885,3/15/2023,Moisturizer,Beauty,1,368.44,0.05,73,PayPal,Chicago
ORD-108982,6/1/2023,Wireless Mouse,Electronics,5,273.96,0.1,71,Credit Card,Houston
ORD-102495,11/16/2023,Python Guide,Books,7,182.46,0.1,32,Cash,los angeles
ORD-105948,12/3/2023,Sunscreen,Beauty,5,181.67,,72,Credit Card,Chicago
ORD-103037,12/17/2023,Sunscreen,Beauty,5,229.24,0.15,65,Apple Pay,New York
ORD-105778,7/26/2023,History Book,Books,9,391.61,0.2,31,PayPal,New York
ORD-100846,9/2/2023,Fiction Novel,Books,4,427.03,0.05,29,Cash,Chicago
ORD-107968,3/2/2023,Lip Balm,Beauty,9,50000,0.05,61,Cash,Phoenix
ORD-108734,8/14/2023,Blender,Home & Kitchen,3,95.79,0.15,,Credit Card,New York
ORD-107341,12/21/2023,Biography,Books,8,185.64,0,68,PayPal,Chicago
ORD-109277,2023-13-45,Mechanical Keyboard,Electronics,8,205.52,0.15,36,Debit Card,New York
ORD-108536,7/13/2023,Air Fryer,Home & Kitchen,4,159.21,0.2,28,Credit Card,NEW YORK
ORD-107138,3/9/2023,Biography,Books,1,280.44,0.1,74,Apple Pay,Phoenix
ORD-102965,10/8/2023,Monitor,Electronics,4,144.7,0.05,61,Cash,Houston
ORD-102530,11/21/2023,Jacket,Clothing,-5,92.9,0.05,28,PayPal,Los Angeles
ORD-105773,6/4/2023,Hoodie,Clothing,5,78.31,0.1,73,PayPal,Online
ORD-101049,9/13/2023,Sunscreen,Beauty,4,324.23,0.1,31,Credit Card,Phoenix
ORD-107046,10/30/2023,Wireless Mouse,Electronics,8,180.28,0,28,Debit Card,Phoenix
ORD-101961,2/9/2023,Air Fryer,Home & Kitchen,6,285.68,0.1,34,Debit Card,New York
ORD-102531,4/15/2023,Wireless Mouse,Electronics,2,466.58,0.2,24,,New York
ORD-104918,10/31/2023,Wireless Mouse,Electronics,1,227.47,0,25,Credit Card,Houston
ORD-105902,5/20/2023,T-Shirt,Clothing,6,343.2,0.05,57,PayPal,New York
ORD-108287,9/22/2023,Fiction Novel,Books,6,450.78,0.2,50,Cash,Online
ORD-104260,7/28/2023,Biography,Books,9,255.81,0.1,18,Apple Pay,Chicago
ORD-105657,4/1/2023,Jacket,Clothing,5,232.65,0.15,74,Credit Card,Online
ORD-106098,3/19/2023,Monitor,Electronics,6,5.1,0.15,48,Cash,Houston
ORD-105908,3/23/2023,Mechanical Keyboard,Electronics,6,200.43,0.1,,Apple Pay,Los Angeles
ORD-107374,8/7/2023,Blender,Home & Kitchen,7,64.24,0.1,66,Cash,Online
ORD-102979,9/17/2023,Data Science 101,Books,2,227.43,0.2,35,Cash,Chicago
ORD-109125,9/12/2023,Cookware Set,Home & Kitchen,7,251.68,0.05,61,Cash,New York
ORD-109706,9/23/2023,Sunscreen,Beauty,8,120.88,0.1,,Credit Card,Houston
ORD-106722,11/21/2023,Biography,Books,4,457.47,0.05,23,Debit Card,New York
ORD-107843,1/10/2023,Wireless Mouse,Electronics,8,452.34,0.2,57,Credit Card,Los Angeles
ORD-108265,8/9/2023,Perfume,Beauty,5,,0.15,67,Credit Card,Online
ORD-109026,7/17/2023,Headphones,Electronics,5,300.56,0,59,Debit Card,Chicago
ORD-103139,11/27/2023,Monitor,Electronics,8,392.72,0,37,Debit Card,Houston
ORD-108326,9/15/2023,Monitor,Electronics,8,443.2,0.05,999,Apple Pay,Houston
ORD-103435,9/14/2023,Data Science 101,Books,6,437.54,,47,Debit Card,Los Angeles
ORD-101827,10/13/2023,Data Science 101,Books,1,467.32,0.2,72,PayPal,Los Angeles
ORD-105549,9/6/2023,Mug,Home & Kitchen,8,109.34,0.1,53,Apple Pay,Los Angeles
ORD-100561,12/10/2023,USB-C Cable,Electronics,1,25.8,0.05,55,Apple Pay,Chicago
ORD-109069,2/16/2023,Jacket,Clothing,1,369.32,0.2,62,Cash,Houston
ORD-105436,12/26/2023,Python Guide,Books,2,175.57,0.1,73,Apple Pay,Phoenix
ORD-104438,1/30/2023,Python Guide,Books,5,274.88,0.2,67,Apple Pay,Los Angeles
ORD-101443,3/16/2023,Cookware Set,Home & Kitchen,5,205.71,0.05,51,Debit Card,Los Angeles
ORD-104407,3/26/2023,Jeans,Clothing,9,293.64,0.15,68,Credit Card,Chicago
ORD-109817,9/4/2023,Socks,Clothing,3,482.66,0.2,53,Cash,Phoenix
ORD-101690,9/14/2023,USB-C Cable,Electronics,1,288.28,0.1,19,Credit Card,Chicago
ORD-104203,3/2/2023,Jacket,Clothing,6,498.28,0,N/A,Debit Card,Houston
ORD-109263,6/5/2023,Mug,Home & Kitchen,8,472.57,0.1,55,Apple Pay,Chicago
ORD-105963,1/15/2023,History Book,Books,4,447.29,0.1,51,Debit Card,Houston
ORD-102497,1/15/2023,Data Science 101,Books,5,424.75,0.1,74,Apple Pay,Phoenix
ORD-108445,8/28/2023,Moisturizer,Beauty,8,283.52,0.05,56,Cash,New York
ORD-100341,4/6/2023,Python Guide,Books,8,273.93,0,53,Cash,Online
ORD-102409,1/7/2023,Air Fryer,Home & Kitchen,5,475.28,0.05,18,Credit Card,Phoenix
ORD-108605,11/21/2023,Monitor,Electronics,5,438.31,0.1,59,Credit Card,Online
ORD-105783,9/13/2023,Jeans,Clothing,2,95.9,0.05,33,Apple Pay,Online
ORD-104577,6/21/2023,Jacket,Clothing,4,50000,0.15,71,Apple Pay,Chicago
ORD-103726,4/17/2023,Sunscreen,Beauty,3,9999.99,0.2,62,Credit Card,Houston
ORD-102786,10/4/2023,Data Science 101,Books,6,380.59,0.15,47,Cash,Online
ORD-101013,10/2/2023,Lip Balm,Beauty,4,294.5,0.05,30,Apple Pay,New York
ORD-105281,2/3/2023,Biography,Books,4,324.76,0.15,46,Apple Pay,New York
ORD-104896,10/24/2023,Mug,Home & Kitchen,2,133.39,0.15,-1,Debit Card,Online
ORD-107122,8/10/2023,Perfume,Beauty,4,308.27,0.05,29,Apple Pay,Chicago
ORD-106550,10/13/2023,Lip Balm,Beauty,5,390.39,0.1,22,Debit Card,New York
ORD-104038,2/14/2023,Wireless Mouse,Electronics,6,445.55,,53,PayPal,Houston
ORD-100149,2023-13-45,Jeans,Clothing,3,260.04,0.05,68,Cash,Online
ORD-100286,1/25/2023,Jeans,Clothing,9,167.88,0.2,28,Cash,Online
ORD-109942,3/22/2023,Biography,Books,9,432.93,0.05,44,PayPal,Los Angeles
ORD-108657,11/5/2023,Blender,Home & Kitchen,4,390.92,0.2,20,Apple Pay,Online
ORD-106771,11/27/2023,Biography,Books,N/A,186.67,0.05,28,PayPal,Online
ORD-104444,12/6/2023,Air Fryer,Home & Kitchen,1,-5,0,57,Cash,Los Angeles
ORD-107447,2/18/2023,Hoodie,Clothing,2,15.66,0.2,40,PayPal,Chicago
ORD-100237,1/29/2023,Monitor,Electronics,4,70.48,0.2,51,,New York
ORD-109873,1/15/2023,Air Fryer,Home & Kitchen,5,444.71,0.2,66,Apple Pay,New York
ORD-107124,10/9/2023,Jeans,Clothing,5,157.43,0.2,26,PayPal,Houston
ORD-108603,7/14/2023,Jeans,Clothing,8,276.59,0.15,,Apple Pay,Phoenix
ORD-103084,11/25/2023,Jacket,Clothing,1,390.48,0,57,Apple Pay,New York
ORD-100633,9/7/2023,History Book,Books,6,296.42,0.15,55,,Houston
ORD-106814,9/1/2023,USB-C Cable,Electronics,7,151.4,0.2,18,Cash,Houston
ORD-102494,4/10/2023,Mechanical Keyboard,Electronics,5,497.78,0.2,18,Apple Pay,Houston
ORD-102666,8/13/2023,Perfume,Beauty,9,391.23,0,22,Debit Card,Houston
ORD-108744,5/14/2023,Wireless Mouse,Electronics,7,479.86,0.15,56,PayPal,Phoenix
ORD-108672,6/15/2023,Wireless Mouse,Electronics,1,245.05,0.1,56,cash,Los Angeles
ORD-108721,11/17/2023,Mechanical Keyboard,Electronics,4,487.97,0.05,70,Debit Card,Los Angeles
ORD-104212,2023-13-45,Biography,Books,9,302.87,0.15,28,PayPal,Phoenix
ORD-103875,7/21/2023,Headphones,Electronics,6,350.33,0.15,-5,PayPal,Houston
ORD-102818,12/19/2023,Jacket,Clothing,3,16.94,0.1,27,Credit Card,Phoenix
ORD-108514,11/11/2023,Monitor,Electronics,4,217.86,0.05,31,Credit Card,New York
ORD-102341,9/16/2023,Shampoo,Beauty,9,64.57,0.1,-1,PayPal,New York
ORD-107427,1/26/2023,Data Science 101,Books,8,411.87,0.2,53,Debit Card,Chicago
ORD-108859,2/20/2023,Headphones,Electronics,6,104.81,0.1,55,PayPal,Los Angeles
ORD-108724,2023-13-45,Coffee Maker,Home & Kitchen,3,251.96,0.05,48,Debit Card,Online
ORD-109473,12/20/2023,Fiction Novel,Books,5,423.24,0.15,47,Apple Pay,Houston
ORD-101736,4/27/2023,Monitor,Electronics,6,311.47,0.1,37,,New York
ORD-107398,11/25/2023,Headphones,electronics,6,209.2,0,59,Debit Card,New York
ORD-104256,10/29/2023,Sunscreen,Beauty,2,249.69,0.2,26,Debit Card,New York
ORD-109249,9/28/2023,Headphones,Electronics,5,365.31,0.15,65,Debit Card,Houston
ORD-102476,4/23/2023,Blender,Home & Kitchen,7,94.31,0.1,51,Apple Pay,Los Angeles
ORD-109446,2/6/2023,Monitor,Electronics,8,498.14,0.1,23,Apple Pay,Phoenix
ORD-103714,1/15/2023,Hoodie,CLOTHING,4,260.67,0.15,43,Apple Pay,Chicago
ORD-109247,3/24/2023,Sunscreen,Beauty,3,293.97,0.2,48,Credit Card,New York
ORD-101805,4/2/2023,Coffee Maker,Home & Kitchen,9,10.35,0.2,57,Debit Card,Online
ORD-100708,1/19/2023,Shampoo,beauty,5,221.31,0.05,43,Cash,Online
ORD-109465,3/19/2023,Python Guide,Books,8,50000,0.15,65,PayPal,Chicago
ORD-105190,12/5/2023,Mechanical Keyboard,Electronics,1,,0,65,Apple Pay,New York
ORD-105473,2/16/2023,Cookware Set,Home & Kitchen,3,180.83,0.05,20,Debit Card,New York
ORD-100073,6/19/2023,Coffee Maker,Home & Kitchen,6,128.87,0.1,54,Credit Card,Phoenix
ORD-107844,3/23/2023,Jacket,Clothing,6,128.01,0.2,-1,Apple Pay,New York
ORD-105102,3/23/2023,Jacket,Clothing,1,425.61,0.05,72,Apple Pay,chicago
ORD-106765,12/23/2023,USB-C Cable,Electronics,8,318.4,0,27,Credit Card,Phoenix
ORD-101126,6/17/2023,History Book,Books,3,N/A,0.2,40,Credit Card,New York
ORD-101242,12/7/2023,Lip Balm,Beauty,8,358.77,0.2,0,Debit Card,Chicago
ORD-108499,3/12/2023,Fiction Novel,Books,9,132.61,0.15,26,PayPal,New York
ORD-102350,1/16/2023,Fiction Novel,Books,8,263.33,0.2,73,PAYPAL,Online
ORD-106603,8/9/2023,Data Science 101,Books,2,33.48,0.15,67,Credit Card,NEW YORK
ORD-106781,9/4/2023,Moisturizer,Beauty,8,383.69,0.05,61,Credit Card,Los Angeles
ORD-104359,9/15/2023,Monitor,Electronics,6,145.59,0,48,PayPal,Chicago
ORD-101344,4/18/2023,Monitor,Electronics,1,493.41,0.05,48,Credit Card,Houston
ORD-102803,12/1/2023,Headphones,Electronics,5,196.28,0,200,PayPal,Chicago
ORD-108937,1/25/2023,History Book,Books,5,32.55,0.15,56,PayPal,Online
ORD-109862,5/20/2023,Fiction Novel,Books,5,346.4,0.15,43,Apple Pay,Online
ORD-106653,6/2/2023,Jeans,Clothing,3,256.03,0.15,54,PayPal,Chicago
ORD-101101,5/20/2023,Moisturizer,Beauty,1,287.95,0.2,40,Cash,New York
ORD-107328,7/30/2023,Cookware Set,Home & Kitchen,1,17.33,0,65,Cash,Online
ORD-107623,6/30/2023,Jacket,Clothing,8,88.83,0,72,Apple Pay,Chicago
ORD-100988,8/17/2023,Perfume,Beauty,-5,276,0.05,37,PayPal,New York
ORD-102853,9/5/2023,Mechanical Keyboard,Electronics,9,449.03,0.2,18,PayPal,New York
ORD-100631,1/12/2023,Python Guide,Books,4,50000,0,68,Debit Card,Houston
ORD-101250,9/30/2023,Wireless Mouse,Electronics,1,455.23,0.15,50,Credit Card,Phoenix
ORD-103180,12/2/2023,Cookware Set,Home & Kitchen,7,494.47,0.05,38,Debit Card,Houston
ORD-100483,3/27/2023,Data Science 101,Books,9,279.34,0.05,43,Cash,Chicago
ORD-103041,9/10/2023,Jacket,Clothing,4,236.6,0.15,44,Debit Card,Houston
ORD-105011,3/22/2023,Jacket,Clothing,6,291.33,0.15,25,Apple Pay,Chicago
ORD-108986,9/10/2023,Wireless Mouse,Electronics,9,203.94,0,38,PayPal,Chicago
ORD-107001,3/26/2023,Moisturizer,Beauty,3,312.79,0.2,,PayPal,Los Angeles
ORD-103274,2023-13-45,Shampoo,Beauty,1,261.24,0.15,55,Debit Card,Los Angeles
ORD-107228,5/8/2023,Fiction Novel,Books,4,357.41,0.2,31,Credit Card,Phoenix
ORD-103684,4/26/2023,Perfume,Beauty,9,250.53,0.2,20,PayPal,Los Angeles
ORD-106675,1/8/2023,Hoodie,Clothing,1,166.52,0.1,34,,Chicago
ORD-106808,9/29/2023,Mug,Home & Kitchen,2,169.06,0.05,200,Credit Card,Los Angeles
ORD-106591,6/15/2023,Fiction Novel,Books,4,444.16,0.05,200,Apple Pay,Chicago
ORD-101317,1/4/2023,Hoodie,Clothing,-1,105.73,0.05,33,Cash,Chicago
ORD-103226,7/21/2023,Lip Balm,Beauty,6,161.68,0.2,59,Cash,New York
ORD-101073,11/1/2023,Cookware Set,Home & Kitchen,6,315.92,0.05,28,Apple Pay,Houston
ORD-104816,7/19/2023,Monitor,Electronics,7,53.13,0.05,64,CREDIT CARD,Chicago
ORD-109244,6/16/2023,Lip Balm,Beauty,7,392.34,0,57,Cash,LOS ANGELES
ORD-105753,3/8/2023,Blender,Home & Kitchen,7,73,0.1,39,Apple Pay,Chicago
ORD-109417,11/13/2023,Mechanical Keyboard,Electronics,3,468.59,0.1,55,Apple Pay,Phoenix
ORD-104617,12/11/2023,Biography,Books,6,410.59,0,52,Credit Card,Online
ORD-103098,9/4/2023,Data Science 101,BOOKS,5,38.83,0.2,26,Cash,New York
ORD-106870,5/12/2023,USB-C Cable,ELECTRONICS,5,120.79,0.05,19,Cash,Chicago
ORD-101301,9/15/2023,Sunscreen,Beauty,2,191.61,0.2,24,Cash,Los Angeles
ORD-107286,6/23/2023,Blender,Home & Kitchen,1,349.09,0.1,73,PayPal,New York
ORD-106285,12/18/2023,Air Fryer,Home & Kitchen,9,326.87,0.2,23,Apple Pay,Phoenix
ORD-105496,7/11/2023,Socks,Clothing,9,430.58,0.2,61,Debit Card,Los Angeles
ORD-105292,10/28/2023,Jacket,clothing,3,496.4,0.15,59,Credit Card,Phoenix
ORD-101799,3/6/2023,Python Guide,BOOKS,4,379.22,0,48,Debit Card,Houston
ORD-105204,11/10/2023,Hoodie,Clothing,9,50000,0.15,73,Cash,Los Angeles
ORD-108228,4/5/2023,Sunscreen,Beauty,3,107.86,0.2,43,Debit Card,Houston
ORD-105048,3/21/2023,Mug,Home & Kitchen,8,297.57,0.2,44,Cash,Houston
ORD-106442,11/2/2023,Sunscreen,Beauty,4,162.67,0,44,Apple Pay,Chicago
ORD-108106,1/15/2023,Mechanical Keyboard,Electronics,7,296.33,0.1,29,Apple Pay,Chicago
ORD-102360,1/1/2023,Socks,Clothing,5,178.18,0,59,Credit Card,Los Angeles
ORD-109658,12/21/2023,Wireless Mouse,Electronics,1,75.46,0.15,55,PayPal,Online
ORD-103655,10/23/2023,Python Guide,Books,5,219.08,0,56,PayPal,Phoenix
ORD-107053,7/13/2023,Biography,Books,1,82.02,0.15,26,Cash,New York
ORD-101287,9/1/2023,Data Science 101,Books,8,376.33,0.15,65,PayPal,Houston
ORD-109397,6/4/2023,Data Science 101,Books,2,483.61,0.1,,Debit Card,Online
ORD-104446,3/1/2023,Lip Balm,Beauty,9,126.95,0.2,65,Apple Pay,LOS ANGELES
ORD-102138,5/14/2023,Blender,Home & Kitchen,7,417.09,0.2,70,Apple Pay,Houston
ORD-106788,8/7/2023,Monitor,Electronics,7,20.35,0.2,34,PayPal,Chicago
ORD-108363,7/13/2023,Mug,Home & Kitchen,7,56.46,0.1,69,PayPal,New York
ORD-108762,9/12/2023,Headphones,Electronics,7,-1,0.1,25,PayPal,New York
ORD-109235,7/6/2023,USB-C Cable,Electronics,1,33.62,0.1,150,Debit Card,Phoenix
ORD-106895,4/13/2023,Coffee Maker,Home & Kitchen,1,214.85,0,27,Cash,Chicago
ORD-108825,3/11/2023,Lip Balm,Beauty,1,366.28,0.2,36,Cash,Los Angeles
ORD-107152,7/21/2023,Mug,Home & Kitchen,6,142.91,0.1,52,Apple Pay,Online
ORD-100964,2/9/2023,Moisturizer,Beauty,1,231.67,,64,Apple Pay,New York
ORD-106013,5/25/2023,Mechanical Keyboard,Electronics,5,267.78,0.05,24,Cash,Houston
ORD-104883,11/12/2023,Mug,Home & Kitchen,8,206.56,0.05,55,Cash,Online
ORD-100141,4/13/2023,Socks,clothing,2,403.5,0.15,51,Apple Pay,Phoenix
ORD-109302,4/25/2023,USB-C Cable,Electronics,8,105.14,0.15,67,Cash,New York
ORD-106937,7/8/2023,Mechanical Keyboard,Electronics,N/A,391.52,0.1,71,Credit Card,Los Angeles
ORD-106543,2/22/2023,Data Science 101,Books,8,38.84,0.1,72,Debit Card,Chicago
ORD-105244,2/1/2023,Headphones,Electronics,7,5.68,0.2,21,Cash,Chicago
ORD-104432,11/9/2023,Perfume,Beauty,6,405.52,0.15,35,Cash,Phoenix
ORD-100407,12/19/2023,Perfume,Beauty,4,47.4,0.15,20,Cash,Phoenix
ORD-108213,Invalid_Date,Moisturizer,Beauty,2,356.2,0,22,Credit Card,Los Angeles
ORD-108622,12/17/2023,Moisturizer,beauty,5,355.53,0.15,27,Cash,Phoenix
ORD-108884,1/24/2023,Python Guide,Books,6,360.55,0.1,32,Credit Card,Chicago
ORD-108235,11/23/2023,Coffee Maker,Home & Kitchen,2,385.24,,62,Credit Card,Chicago
ORD-104400,3/1/2023,Biography,Books,1,398.5,0.2,19,Cash,New York
ORD-105253,10/14/2023,Sunscreen,Beauty,8,179.56,0,64,Debit Card,Phoenix
ORD-100012,1/2/2023,USB-C Cable,Electronics,Unknown,332.95,0.05,21,Apple Pay,New York
ORD-104761,6/30/2023,Jacket,Clothing,5,96.74,0,48,Debit Card,New York
ORD-101178,3/4/2023,Blender,Home & Kitchen,5,319.84,0.15,54,Apple Pay,New York
ORD-102864,2/23/2023,History Book,Books,9,70.26,0,-5,PayPal,Chicago
ORD-106472,8/7/2023,Biography,Books,4,475.11,0,65,Apple Pay,Houston
ORD-106229,2/28/2023,Blender,Home & Kitchen,2,92.98,0.05,20,Credit Card,Chicago
ORD-102990,8/2/2023,Biography,Books,4,275.05,0.15,40,Debit Card,New York
ORD-107118,12/9/2023,Coffee Maker,Home & Kitchen,6,97.03,0.2,28,Apple Pay,Houston
ORD-107011,6/1/2023,Wireless Mouse,ELECTRONICS,2,89.8,0.1,32,Credit Card,Online
ORD-108811,6/21/2023,Coffee Maker,Home & Kitchen,1,132.2,0.1,37,Debit Card,Phoenix
ORD-101441,8/31/2023,Fiction Novel,Books,8,77.57,0,51,Debit Card,Los Angeles
ORD-100252,2023-13-45,Moisturizer,Beauty,9,126.97,0.05,54,PayPal,Chicago
ORD-102876,1/16/2023,Jacket,Clothing,8,257.46,0.15,28,PayPal,Houston
ORD-109369,2023-13-45,Blender,Home & Kitchen,7,385.46,0.1,69,Debit Card,Houston
ORD-109050,8/6/2023,Mug,Home & Kitchen,8,268.51,0.05,30,Apple Pay,New York
ORD-107233,2023-13-45,Wireless Mouse,Electronics,3,411.14,0.1,33,PayPal,Chicago
ORD-103727,6/11/2023,Lip Balm,Beauty,8,157.11,0.2,65,PayPal,Los Angeles
ORD-102773,2/4/2023,Fiction Novel,Books,4,111.3,0.05,50,Credit Card,Los Angeles
ORD-100455,12/10/2023,Perfume,Beauty,1,37.99,0.2,36,Credit Card,New York
ORD-108190,2/6/2023,Jacket,Clothing,2,37.16,0.2,24,Cash,Chicago
ORD-101368,8/8/2023,Shampoo,Beauty,2,127.58,0.15,56,Debit Card,Los Angeles
ORD-103713,10/23/2023,Moisturizer,Beauty,9,188.7,0.2,54,Debit Card,Online
ORD-105422,10/21/2023,Biography,Books,6,380.91,,58,PayPal,Los Angeles
ORD-101389,9/25/2023,Cookware Set,Home & Kitchen,9,332.85,0.2,73,PayPal,Los Angeles
ORD-101001,2023-13-45,Fiction Novel,Books,1,9.8,0.05,33,Credit Card,Houston
ORD-107762,11/10/2023,USB-C Cable,Electronics,6,261.24,0.05,34,PayPal,Houston
ORD-103554,6/11/2023,Hoodie,Clothing,8,224.07,0.2,999,Apple Pay,Los Angeles
ORD-104115,7/28/2023,Shampoo,Beauty,8,50000,0,41,Cash,Los Angeles
ORD-101668,5/29/2023,Cookware Set,Home & Kitchen,8,441.22,0.15,46,Credit Card,Chicago
ORD-103174,5/10/2023,Jacket,Clothing,9,292.98,0.1,999,PayPal,Houston
ORD-109675,11/14/2023,USB-C Cable,Electronics,8,251.41,0,59,Debit Card,Online
ORD-100489,7/7/2023,Jacket,Clothing,6,87.61,0,62,Debit Card,Houston
ORD-103231,4/15/2023,History Book,Books,8,166.96,0.1,19,Credit Card,New York
ORD-103829,5/20/2023,Coffee Maker,Home & Kitchen,2,68.37,0.1,55,PayPal,Los Angeles
ORD-108909,7/7/2023,Mug,Home & Kitchen,6,182.86,0.2,48,Credit Card,Houston
ORD-105209,12/17/2023,Monitor,Electronics,6,224.8,0.15,73,Cash,Houston
ORD-107849,5/27/2023,Cookware Set,Home & Kitchen,3,169.86,0.05,34,PayPal,Phoenix
ORD-105705,1/15/2023,Monitor,Electronics,3,458.54,0,48,Credit Card,Online
ORD-109930,3/14/2023,Lip Balm,Beauty,2,357.95,0.2,60,Credit Card,Chicago
ORD-108134,3/12/2023,Shampoo,Beauty,2,409.02,0,70,Credit Card,Phoenix
ORD-100704,4/3/2023,Sunscreen,Beauty,3,87.05,0.15,150,PayPal,Chicago
ORD-105106,1/15/2023,Shampoo,Beauty,8,443.11,0.1,62,Debit Card,Chicago
ORD-109158,10/5/2023,Headphones,Electronics,1,73.52,0.15,31,PayPal,Phoenix
ORD-103292,Invalid_Date,Moisturizer,Beauty,1,254.12,0.2,31,Credit Card,Chicago
ORD-108126,9/29/2023,Mug,Home & Kitchen,7,280.56,0.1,56,Credit Card,Online
ORD-109921,1/5/2023,Mechanical Keyboard,Electronics,1,283.58,0.1,60,Apple Pay,New York
ORD-109291,4/18/2023,Mug,Home & Kitchen,9,284.65,0.1,33,Credit Card,Chicago
ORD-104910,7/2/2023,Moisturizer,BEAUTY,2,33.79,0.2,26,PayPal,Phoenix
ORD-104441,6/24/2023,USB-C Cable,Electronics,4,420.05,0.15,27,Cash,Online
ORD-100987,1/6/2023,USB-C Cable,Electronics,4,385.22,0.05,35,Credit Card,Chicago
ORD-109511,12/6/2023,Blender,Home & Kitchen,9,50000,0.1,49,Cash,Houston
ORD-109983,3/29/2023,Moisturizer,Beauty,3,405.14,0.2,28,Apple Pay,Houston
ORD-107706,6/9/2023,Sunscreen,Beauty,8,36.96,0,19,PayPal,Houston
ORD-106258,6/5/2023,Biography,Books,6,23.34,,22,Debit Card,New York
ORD-106090,5/20/2023,Air Fryer,Home & Kitchen,9,20.8,0.2,30,Apple Pay,Chicago
ORD-105239,6/16/2023,Jacket,Clothing,3,81.66,0,28,Apple Pay,Phoenix
ORD-101199,4/15/2023,Jeans,Clothing,1,360.77,0.15,23,Debit Card,Chicago
ORD-109002,9/23/2023,Socks,Clothing,7,463.1,0.2,Unknown,Apple Pay,Online
ORD-107520,5/2/2023,Socks,Clothing,8,175.47,0.05,33,Credit Card,Houston
ORD-106813,2/17/2023,Biography,Books,2,411.05,0.1,50,Apple Pay,Los Angeles
ORD-108321,4/29/2023,Jacket,Clothing,6,331.9,0.15,56,PayPal,New York
ORD-107176,6/4/2023,History Book,Books,4,105.75,0,999,PayPal,Online
ORD-104471,10/20/2023,Perfume,Beauty,7,318.87,0.2,23,Cash,phoenix
ORD-100892,2023-13-45,Moisturizer,Beauty,4,222.04,0.1,54,Cash,Chicago
ORD-101970,10/26/2023,Fiction Novel,Books,8,0,0.15,74,Debit Card,Online
ORD-105758,2/4/2023,Fiction Novel,Books,6,167.91,,22,Cash,New York
ORD-106528,4/26/2023,Lip Balm,Beauty,3,377.73,0,66,Debit Card,NEW YORK
ORD-106295,8/8/2023,Cookware Set,Home & Kitchen,9,26.66,0,34,Debit Card,New York
ORD-107596,11/6/2023,Coffee Maker,Home & Kitchen,1,50000,0.1,69,PayPal,Los Angeles
ORD-103250,4/11/2023,USB-C Cable,Electronics,1,349.65,0.05,73,PayPal,New York
ORD-106571,12/21/2023,Jeans,Clothing,5,231.98,0.15,150,Debit Card,Los Angeles
ORD-106639,4/14/2023,Hoodie,Clothing,7,317.06,0.05,200,Debit Card,Los Angeles
ORD-107352,4/24/2023,Sunscreen,Beauty,2,378.04,0.05,29,Apple Pay,Los Angeles
ORD-109445,1/28/2023,History Book,Books,6,380.74,0.05,55,Cash,New York
ORD-107474,12/16/2023,Monitor,Electronics,7,352.85,0.1,57,Debit Card,Phoenix
ORD-109479,6/24/2023,Wireless Mouse,Electronics,9,335.02,0.05,21,debit card,Chicago
ORD-109009,2/13/2023,Jeans,Clothing,1,,0.1,62,Cash,Los Angeles
ORD-101240,1/15/2023,Cookware Set,Home & Kitchen,8,455.86,0,41,Cash,Chicago
ORD-102290,2/26/2023,Socks,Clothing,3,261.23,0.05,21,Cash,New York
ORD-102741,11/4/2023,T-Shirt,Clothing,6,271.99,0.2,999,PayPal,Phoenix
ORD-108468,2/11/2023,Cookware Set,Home & Kitchen,6,184.46,0.15,,PayPal,Los Angeles
ORD-104586,12/19/2023,Air Fryer,Home & Kitchen,4,212.82,0.15,30,Credit Card,Los Angeles
ORD-101230,4/15/2023,Sunscreen,Beauty,2,462.42,0,31,Debit Card,Los Angeles
ORD-106981,6/18/2023,Perfume,Beauty,9,333.69,0.1,24,Debit Card,Online
ORD-105179,3/7/2023,Shampoo,Beauty,6,50000,0.05,46,Debit Card,Chicago
ORD-104294,3/9/2023,T-Shirt,Clothing,5,365.98,0.05,40,Debit Card,Phoenix
ORD-101059,7/7/2023,Moisturizer,Beauty,3,,0.1,22,Debit Card,Online
ORD-106263,6/18/2023,Data Science 101,Books,2,483.06,0.05,22,PayPal,New York
ORD-100282,9/26/2023,Data Science 101,Books,3,408.84,0.2,64,PayPal,Phoenix
ORD-100969,8/27/2023,Monitor,Electronics,3,114.51,0.2,32,Debit Card,New York
ORD-103954,5/21/2023,Air Fryer,Home & Kitchen,3,483.47,0.05,73,Cash,Chicago
ORD-101940,11/13/2023,Hoodie,Clothing,7,135.03,0,40,Cash,Online
ORD-108817,1/11/2023,Biography,Books,5,280.46,0,42,Apple Pay,Chicago
ORD-101275,12/20/2023,Blender,Home & Kitchen,7,302.29,0.05,-5,PayPal,Los Angeles
ORD-100620,8/12/2023,Headphones,Electronics,4,20.31,0.15,22,Apple Pay,Los Angeles
ORD-100440,5/4/2023,Sunscreen,Beauty,4,91.01,0.05,54,Apple Pay,New York
ORD-101743,2/16/2023,Sunscreen,Beauty,0,104.31,0.2,42,Debit Card,Houston
ORD-101391,8/6/2023,Python Guide,Books,3,134.05,0.1,24,Credit Card,Los Angeles
ORD-102204,3/8/2023,Data Science 101,Books,4,275.22,0.05,36,PayPal,Houston
ORD-103569,5/17/2023,History Book,Books,2,403.71,0.1,37,PayPal,Chicago
ORD-106117,5/16/2023,Fiction Novel,Books,1,395.87,0.1,66,Cash,Chicago
ORD-101563,1/9/2023,Moisturizer,Beauty,4,35.53,0,68,Debit Card,New York
ORD-106053,9/22/2023,Cookware Set,Home & Kitchen,8,131.63,0,61,Cash,New York
ORD-103179,9/6/2023,Fiction Novel,Books,8,190.17,0.1,70,Apple Pay,Online
ORD-103193,10/15/2023,Hoodie,Clothing,8,59.31,0.2,58,PayPal,Phoenix
ORD-106100,5/22/2023,Blender,Home & Kitchen,9,123.95,0.2,20,Debit Card,Los Angeles
ORD-107030,12/3/2023,Socks,Clothing,2,448.14,0.15,55,PayPal,Phoenix
ORD-100576,2/7/2023,Shampoo,Beauty,8,474.31,0.15,74,PayPal,Chicago
ORD-106657,6/30/2023,Socks,Clothing,0,172.84,0.05,74,Cash,Online
ORD-107116,3/19/2023,Perfume,Beauty,1,334.31,0.15,27,Cash,Chicago
ORD-109387,4/8/2023,Moisturizer,Beauty,2,251.49,0,40,Credit Card,CHICAGO
ORD-106277,2/28/2023,Mechanical Keyboard,Electronics,9,294.54,0.05,68,Credit Card,Phoenix
ORD-109253,7/3/2023,Python Guide,Books,4,204.37,0.2,69,Apple Pay,Online
ORD-105898,9/16/2023,Cookware Set,Home & Kitchen,4,143.45,0.15,28,Cash,Phoenix
ORD-105725,2/9/2023,Moisturizer,Beauty,3,202.24,0.1,25,Credit Card,Chicago
ORD-100270,8/24/2023,Lip Balm,Beauty,9,292.47,0,27,Debit Card,New York
ORD-100630,1/5/2023,Headphones,Electronics,5,374.2,0,73,Credit Card,New York
ORD-103082,5/13/2023,T-Shirt,Clothing,1,309.68,,27,Debit Card,Online
ORD-103467,9/16/2023,Biography,Books,7,17.85,0,67,Cash,Chicago
ORD-106431,11/22/2023,Biography,Books,5,354.71,0.2,60,Credit Card,Houston
ORD-109681,10/30/2023,Monitor,Electronics,4,39.54,0,N/A,PayPal,Phoenix
ORD-107063,6/3/2023,History Book,Books,8,193.32,0.2,40,Apple Pay,Chicago
ORD-109931,5/9/2023,Data Science 101,Books,6,17.75,0.2,68,Apple Pay,online
ORD-105544,4/3/2023,Monitor,Electronics,1,220.99,0,60,Debit Card,Los Angeles
ORD-104357,8/29/2023,Headphones,Electronics,8,39.33,0.1,53,Credit Card,New York
ORD-102114,9/9/2023,Wireless Mouse,Electronics,2,473.16,0.1,72,Apple Pay,Online
ORD-108220,4/9/2023,Sunscreen,Beauty,1,206.02,0,53,Apple Pay,Phoenix
ORD-103217,9/11/2023,Moisturizer,Beauty,9,30.57,0.05,29,Debit Card,online
ORD-103815,6/12/2023,Socks,Clothing,5,30.89,0.15,25,Credit Card,Houston
ORD-108322,4/20/2023,Fiction Novel,Books,6,105.2,0.05,54,Debit Card,Online
ORD-108845,5/15/2023,USB-C Cable,Electronics,8,337.01,0.05,20,Apple Pay,Online
ORD-102279,3/15/2023,Moisturizer,Beauty,9,387.96,0.1,48,Debit Card,Houston
ORD-104600,6/27/2023,Air Fryer,Home & Kitchen,8,9999.99,0.15,57,Cash,Los Angeles
ORD-100014,10/31/2023,Shampoo,Beauty,4,300.96,0.15,74,Apple Pay,Los Angeles
ORD-109500,9/9/2023,Hoodie,Clothing,2,155.99,0,54,Cash,Phoenix
ORD-101526,9/13/2023,History Book,Books,7,481.73,0.15,26,,Chicago
ORD-102366,4/20/2023,Python Guide,Books,6,158.75,0.1,21,Debit Card,Phoenix
ORD-104649,11/9/2023,Cookware Set,Home & Kitchen,4,160.31,0.2,29,Apple Pay,New York
ORD-100375,Invalid_Date,Fiction Novel,Books,7,220.61,0,41,PayPal,Phoenix
ORD-108773,9/15/2023,Python Guide,Books,1,-5,0.2,67,Debit Card,Online
ORD-106478,2023-13-45,Perfume,Beauty,4,19.29,0,50,Apple Pay,New York
ORD-100526,2/28/2023,Socks,Clothing,8,60.41,0.05,52,Debit Card,Houston
ORD-106896,3/11/2023,Biography,Books,4,402.72,0.2,28,PayPal,Los Angeles
ORD-103592,6/11/2023,Sunscreen,Beauty,4,50.83,0.1,34,PayPal,PHOENIX
ORD-107905,9/26/2023,Lip Balm,Beauty,2,449.8,0.05,46,Credit Card,Chicago
ORD-102959,11/10/2023,Socks,Clothing,5,9999.99,0,63,Debit Card,New York
ORD-100530,5/20/2023,Air Fryer,Home & Kitchen,8,492.57,0,19,Cash,Los Angeles
ORD-103715,2/13/2023,Shampoo,Beauty,9,395.56,0.15,62,Cash,Houston
ORD-104733,9/28/2023,History Book,Books,3,50000,0.2,36,Credit Card,Los Angeles
ORD-101395,7/18/2023,Lip Balm,Beauty,2,225.85,0,Unknown,Cash,Houston
ORD-105632,2/27/2023,Moisturizer,Beauty,7,384.75,,63,Credit Card,New York
ORD-106564,1/13/2023,Fiction Novel,Books,7,363.17,0.15,,Cash,New York
ORD-104704,11/28/2023,Moisturizer,Beauty,3,467.24,0.1,33,PayPal,Chicago
ORD-101713,11/16/2023,Monitor,Electronics,5,147.26,0,150,Credit Card,Los Angeles
ORD-104820,2/18/2023,USB-C Cable,Electronics,2,37.17,0.1,52,PayPal,Los Angeles
ORD-100956,6/29/2023,Biography,Books,2,282.49,0,25,Credit Card,Chicago
ORD-106676,11/8/2023,Python Guide,Books,3,224.36,0.2,47,Cash,CHICAGO
ORD-103454,1/21/2023,USB-C Cable,Electronics,4,495.17,0.15,69,Cash,Chicago
ORD-108596,5/31/2023,Lip Balm,Beauty,4,355.87,0.15,50,Cash,Los Angeles
ORD-102072,7/6/2023,Perfume,Beauty,6,155.34,0,68,Cash,Online
ORD-100322,9/24/2023,Jacket,Clothing,6,454.37,0.1,41,,Online
ORD-100159,2023-13-45,Data Science 101,Books,9,370.02,0.05,56,Cash,Los Angeles
ORD-107006,3/26/2023,Fiction Novel,Books,7,257.05,0,-5,Debit Card,New York
ORD-100353,10/3/2023,Wireless Mouse,Electronics,9,218.29,0.1,29,Cash,New York
ORD-106079,3/23/2023,Mechanical Keyboard,Electronics,6,212.81,0.2,23,Apple Pay,los angeles
ORD-106237,7/22/2023,Wireless Mouse,Electronics,6,441.81,0.1,,Apple Pay,Houston
ORD-102921,9/8/2023,Mechanical Keyboard,Electronics,6,84.39,0.1,72,Debit Card,New York
ORD-108504,12/31/2023,Headphones,Electronics,8,435.42,0.05,37,Apple Pay,Houston
ORD-104645,11/5/2023,Cookware Set,Home & Kitchen,2,430.24,0.05,25,Credit Card,Online
ORD-100662,10/21/2023,T-Shirt,Clothing,2,141.7,0,40,Debit Card,Houston
ORD-107058,2/12/2023,Sunscreen,Beauty,7,252.23,0.05,42,Cash,Online
ORD-103666,5/31/2023,Mug,Home & Kitchen,1,239.24,0.15,200,Apple Pay,Phoenix
ORD-107980,6/3/2023,Headphones,Electronics,1,,0,32,Cash,Los Angeles
ORD-100307,2/8/2023,Biography,Books,1,55.59,0.2,46,Debit Card,New York
ORD-104791,5/20/2023,Fiction Novel,Books,6,470.54,0.05,43,Apple Pay,New York
ORD-102357,2/5/2023,Python Guide,Books,6,272.87,,48,Debit Card,Houston
ORD-101928,1/25/2023,Fiction Novel,Books,8,10.83,0.05,22,Apple Pay,Phoenix
ORD-109609,12/16/2023,Shampoo,Beauty,9,335.56,0.1,28,PayPal,Online
ORD-103428,2023-13-45,Hoodie,Clothing,4,366.62,0,48,PayPal,Phoenix
ORD-103639,8/16/2023,Air Fryer,Home & Kitchen,3,356.37,0.05,69,Credit Card,Houston
ORD-101267,2/17/2023,Air Fryer,Home & Kitchen,8,50000,0.1,23,Apple Pay,Phoenix
ORD-101561,6/20/2023,Jeans,Clothing,7,105.42,0.1,65,Debit Card,Online
ORD-107180,10/5/2023,Monitor,Electronics,7,241.44,0.2,21,PayPal,Online
ORD-104110,11/24/2023,Data Science 101,Books,7,137.99,0.15,74,Credit Card,Phoenix
ORD-107868,11/7/2023,Data Science 101,Books,7,174.55,0.05,47,Credit Card,Los Angeles
ORD-104905,6/12/2023,Cookware Set,Home & Kitchen,1,302.31,0.2,25,Credit Card,Los Angeles
ORD-107295,5/10/2023,Lip Balm,Beauty,4,340.06,0.1,50,PayPal,new york
ORD-100515,5/23/2023,Jacket,Clothing,8,276.42,0.2,59,PayPal,Chicago
ORD-100895,2/8/2023,Python Guide,Books,8,69.19,0.15,66,PayPal,Phoenix
ORD-108602,8/19/2023,USB-C Cable,Electronics,3,430.24,0.1,40,Credit Card,Los Angeles
ORD-100022,8/4/2023,Moisturizer,Beauty,7,158.94,0.2,52,Debit Card,New York
ORD-100900,9/4/2023,Mechanical Keyboard,Electronics,7,45.72,0.05,74,Apple Pay,Houston
ORD-100208,2023-13-45,Headphones,Electronics,2,243.01,0,60,Debit Card,Online
ORD-100459,11/10/2023,Shampoo,Beauty,4,9999.99,0.15,28,PayPal,Phoenix
ORD-102431,10/1/2023,Socks,Clothing,2,68.29,0,200,Credit Card,Chicago
ORD-108443,10/15/2023,Wireless Mouse,Electronics,1,N/A,0,57,Cash,Online
ORD-103390,11/2/2023,Sunscreen,beauty,5,206.01,0.05,37,Apple Pay,Phoenix
ORD-103912,9/29/2023,Coffee Maker,Home & Kitchen,9,198.95,0.1,45,Cash,Phoenix
ORD-105384,5/5/2023,Mug,Home & Kitchen,7,75.3,0.1,36,credit card,Houston
ORD-100553,6/5/2023,Wireless Mouse,Electronics,3,344.73,0,37,PayPal,Online
ORD-103145,5/1/2023,Mechanical Keyboard,Electronics,7,375.29,0.15,32,Cash,Los Angeles
ORD-106918,5/24/2023,T-Shirt,Clothing,6,114.45,,69,Cash,New York
ORD-102057,3/15/2023,Cookware Set,Home & Kitchen,7,366.19,0.15,71,Apple Pay,Chicago
ORD-101926,10/24/2023,Headphones,Electronics,1,224.95,0.2,33,Cash,Online
ORD-100635,8/7/2023,Coffee Maker,Home & Kitchen,2,364.23,0.05,45,PayPal,Phoenix
ORD-106083,9/22/2023,Sunscreen,Beauty,8,329.18,0.1,21,Credit Card,Online
ORD-108509,7/27/2023,Wireless Mouse,Electronics,8,352.79,0.05,55,Cash,Chicago
ORD-109545,4/26/2023,Sunscreen,Beauty,2,218.87,0.2,74,Credit Card,Houston
ORD-109969,12/24/2023,Mechanical Keyboard,Electronics,1,196.05,0.1,26,Cash,Chicago
ORD-108620,7/27/2023,T-Shirt,Clothing,2,164.1,0.1,64,Apple Pay,Chicago
ORD-100106,8/11/2023,Jacket,Clothing,5,249.74,0.05,22,Cash,ONLINE
ORD-103042,3/2/2023,T-Shirt,Clothing,8,203.75,0.15,40,Debit Card,Online
ORD-101710,2/27/2023,Lip Balm,Beauty,2,50000,0.1,26,Cash,Los Angeles
ORD-100090,6/27/2023,Shampoo,Beauty,4,289.86,0.1,50,Credit Card,Los Angeles
ORD-107015,11/16/2023,History Book,Books,4,408.05,0.2,150,PayPal,Los Angeles
ORD-103175,8/14/2023,Moisturizer,BEAUTY,4,351.35,0.15,67,Debit Card,Chicago
ORD-100918,7/24/2023,Moisturizer,Beauty,2,31.49,0,71,CREDIT CARD,Houston
ORD-107834,1/28/2023,Mechanical Keyboard,Electronics,3,9999.99,0.05,64,Apple Pay,New York
ORD-106733,2/1/2023,Perfume,Beauty,5,306.86,0.15,31,Credit Card,Phoenix
ORD-101950,1/30/2023,Mug,home & kitchen,8,371.11,0.05,28,Cash,Phoenix
ORD-106369,Invalid_Date,Jacket,Clothing,4,16.99,0,20,Debit Card,Houston
ORD-100002,8/3/2023,Jeans,Clothing,5,82.23,0.1,,Credit Card,Online
ORD-108033,1/20/2023,Air Fryer,Home & Kitchen,2,81.34,0.1,150,Apple Pay,Phoenix
ORD-106048,12/13/2023,Hoodie,Clothing,3,107.41,0,66,Apple Pay,Online
ORD-102721,2/9/2023,Perfume,BEAUTY,8,200.34,0,50,Credit Card,Chicago
ORD-101863,1/15/2023,Moisturizer,Beauty,4,328.85,0.1,65,Apple Pay,New York
ORD-103118,2/20/2023,Python Guide,books,8,197.64,0.05,32,Credit Card,Online
ORD-109748,8/9/2023,Mechanical Keyboard,Electronics,9,,0.05,41,Credit Card,New York
ORD-103763,2/19/2023,Python Guide,Books,9,366.29,0.2,58,Cash,New York
ORD-100214,7/30/2023,Mechanical Keyboard,Electronics,7,216.26,0.2,66,PayPal,Phoenix
ORD-100779,7/26/2023,Python Guide,Books,6,482.68,0.1,27,Debit Card,Online
ORD-103497,3/30/2023,Hoodie,Clothing,0,115.15,0.2,44,Apple Pay,Online
ORD-109080,5/10/2023,Lip Balm,Beauty,1,375.84,0,72,Apple Pay,Houston
ORD-102044,7/11/2023,Biography,Books,7,489.97,0.05,67,Credit Card,Chicago
ORD-105421,1/24/2023,Sunscreen,Beauty,5,450.94,0,18,Cash,Chicago
ORD-106155,10/26/2023,Hoodie,Clothing,2,217.95,0.15,59,Cash,Phoenix
ORD-108358,5/15/2023,Shampoo,Beauty,7,293.85,0.05,33,Cash,Houston
ORD-108965,5/2/2023,History Book,Books,6,367.85,0.15,34,Credit Card,Chicago
ORD-108466,9/16/2023,Biography,Books,9,103.79,0.2,26,Debit Card,NEW YORK
ORD-104168,12/1/2023,History Book,Books,9,148.99,0.05,26,PayPal,Los Angeles
ORD-103789,1/21/2023,Headphones,Electronics,9,219.74,0.2,23,,Phoenix
ORD-108587,3/28/2023,Air Fryer,Home & Kitchen,5,142.48,0.1,23,Credit Card,Houston
ORD-100584,Invalid_Date,Shampoo,Beauty,4,107.46,0.2,55,Apple Pay,Online
ORD-107908,11/4/2023,Mechanical Keyboard,Electronics,8,213.31,0.2,53,Cash,Online
ORD-103502,6/15/2023,Jeans,Clothing,N/A,218.87,0.05,25,PayPal,Houston
ORD-100117,4/27/2023,Cookware Set,Home & Kitchen,9,434.96,0.05,61,apple pay,Phoenix
ORD-106645,6/13/2023,Python Guide,Books,2,93.83,0,39,PayPal,Houston
ORD-109303,5/11/2023,Air Fryer,Home & Kitchen,2,9999.99,0.15,52,Debit Card,Phoenix
ORD-103016,6/21/2023,T-Shirt,Clothing,4,247.85,0.15,30,Credit Card,New York
ORD-109227,4/10/2023,Coffee Maker,Home & Kitchen,8,428.83,0.15,70,Cash,Chicago
ORD-108713,7/22/2023,Jeans,Clothing,4,421.22,0.05,56,,Chicago
ORD-101764,5/21/2023,Monitor,Electronics,8,72.57,0.1,64,Apple Pay,Houston
ORD-101876,10/2/2023,Fiction Novel,Books,5,35.5,,43,Apple Pay,Phoenix
ORD-103225,8/7/2023,Mug,Home & Kitchen,2,240.78,0.1,150,Apple Pay,Chicago
ORD-100527,2/1/2023,Wireless Mouse,Electronics,3,394.21,0.2,37,PayPal,Houston
ORD-107726,5/4/2023,Sunscreen,Beauty,8,18.82,0.15,23,Apple Pay,Chicago
ORD-102947,12/21/2023,Monitor,Electronics,3,-1,0.15,49,Debit Card,Houston
ORD-104474,10/28/2023,Fiction Novel,Books,6,289.7,0.2,51,Apple Pay,Houston
ORD-105656,2/1/2023,Perfume,Beauty,8,439.83,,31,PayPal,Online
ORD-106060,12/25/2023,Wireless Mouse,Electronics,1,149.83,0.1,55,Apple Pay,Houston
ORD-100960,7/7/2023,Moisturizer,Beauty,2,370.74,0.1,47,Cash,Chicago
ORD-106343,2/24/2023,Moisturizer,Beauty,4,384.46,0,47,Debit Card,Online
ORD-103634,6/13/2023,Mug,Home & Kitchen,5,316.03,0.1,47,Apple Pay,Phoenix
ORD-101051,7/9/2023,Air Fryer,Home & Kitchen,3,78.37,0.2,37,CREDIT CARD,Houston
ORD-108783,10/31/2023,Socks,Clothing,1,0,0.2,38,Credit Card,Chicago
ORD-108712,10/5/2023,Coffee Maker,Home & Kitchen,3,0,0.2,43,Cash,New York
ORD-103381,3/20/2023,Jeans,Clothing,8,480.65,0.2,24,Credit Card,Online
ORD-103677,6/7/2023,Perfume,Beauty,9,162.76,0.15,65,Credit Card,Chicago
ORD-105777,12/19/2023,T-Shirt,Clothing,1,471.09,0,44,PayPal,Houston
ORD-109315,6/17/2023,Monitor,Electronics,4,103.75,0.05,61,PayPal,New York
ORD-106574,6/17/2023,Mechanical Keyboard,Electronics,9,391.82,0.1,69,Debit Card,Online
ORD-105180,3/13/2023,Data Science 101,Books,5,36.41,0.1,54,PayPal,Chicago
ORD-101608,11/8/2023,History Book,Books,5,125.35,0,73,cash,Houston
ORD-103611,5/17/2023,Socks,Clothing,2,178.18,0.1,59,Apple Pay,HOUSTON
ORD-102305,4/28/2023,Coffee Maker,Home & Kitchen,5,314.39,0.2,49,Apple Pay,Online
ORD-106636,2/4/2023,Wireless Mouse,Electronics,7,208.29,0.2,42,Apple Pay,Los Angeles
ORD-106164,9/18/2023,Python Guide,Books,8,114.06,0,20,Debit Card,Los Angeles
ORD-100792,5/31/2023,Monitor,Electronics,7,103.64,0.15,64,Credit Card,Houston
ORD-103057,10/17/2023,T-Shirt,Clothing,7,107.39,0.2,56,PayPal,Online
ORD-101981,12/14/2023,Wireless Mouse,Electronics,5,57.96,0.15,47,Credit Card,Phoenix
ORD-103599,10/9/2023,Socks,Clothing,7,35.27,0.15,60,PayPal,CHICAGO
ORD-100934,12/10/2023,Moisturizer,Beauty,3,212.2,0,38,Apple Pay,New York
ORD-107425,11/20/2023,Coffee Maker,Home & Kitchen,5,470.25,0.05,61,Apple Pay,Online
ORD-105627,10/15/2023,Headphones,Electronics,4,372.38,0.15,46,Apple Pay,Los Angeles
ORD-101683,5/20/2023,History Book,Books,2,474.19,0,48,PayPal,Los Angeles
ORD-104180,8/27/2023,Monitor,Electronics,6,446.37,0.05,23,Cash,Phoenix
ORD-106447,9/18/2023,Biography,Books,4,86.36,,71,Credit Card,Houston
ORD-104117,1/2/2023,Monitor,Electronics,3,412.2,0.15,66,Apple Pay,Houston
ORD-100989,11/19/2023,Mechanical Keyboard,Electronics,6,165.98,0.05,999,PayPal,Online
ORD-102897,12/7/2023,Moisturizer,Beauty,3,380.14,0.1,32,credit card,Los Angeles
ORD-103779,3/12/2023,Mug,Home & Kitchen,4,471.69,0.05,46,PayPal,Phoenix
ORD-105659,3/26/2023,Jeans,Clothing,6,83.48,0,30,Apple Pay,Chicago
ORD-103094,5/14/2023,Air Fryer,Home & Kitchen,5,298.67,0,39,Credit Card,Chicago
ORD-103156,5/5/2023,Wireless Mouse,Electronics,1,391.58,0.2,74,Cash,Online
ORD-101824,7/15/2023,USB-C Cable,Electronics,7,443.87,0,54,Credit Card,New York
ORD-109912,2/21/2023,Mug,home & kitchen,3,88.44,0,74,Cash,New York
ORD-101099,2/24/2023,Monitor,Electronics,7,301.29,0.1,33,Cash,Online
ORD-102845,11/2/2023,Jeans,Clothing,3,37.49,0.05,43,PayPal,Phoenix
ORD-103343,3/14/2023,Wireless Mouse,Electronics,0,178.88,0,57,PayPal,Phoenix
ORD-100039,8/12/2023,Jeans,Clothing,6,21.36,0,,Debit Card,Los Angeles
ORD-106541,10/29/2023,Wireless Mouse,Electronics,2,,0.15,19,Debit Card,Phoenix
ORD-109626,10/5/2023,Blender,Home & Kitchen,8,497.84,0.1,59,PayPal,Online
ORD-108708,12/2/2023,Jacket,Clothing,6,-5,0.15,38,Cash,Chicago
ORD-103357,6/19/2023,Moisturizer,Beauty,2,364.6,0.05,57,Apple Pay,Chicago
ORD-107814,12/9/2023,Mug,Home & Kitchen,5,129.71,0,64,PayPal,Chicago
ORD-108221,10/2/2023,Coffee Maker,Home & Kitchen,6,358.45,0,72,PayPal,Phoenix
ORD-109502,2/13/2023,USB-C Cable,Electronics,7,50000,0.2,33,PayPal,Houston
ORD-102429,11/10/2023,Jeans,Clothing,5,80.94,0.15,41,Credit Card,Los Angeles
ORD-105044,8/20/2023,Headphones,Electronics,8,163.92,0.1,36,PayPal,Houston
ORD-105347,7/7/2023,Shampoo,Beauty,2,397.76,0.1,22,Apple Pay,Phoenix
ORD-104812,12/9/2023,Mechanical Keyboard,Electronics,8,127.61,0.1,52,Credit Card,Chicago
ORD-108477,3/18/2023,History Book,Books,1,487.81,0.1,31,Credit Card,Phoenix
ORD-100687,7/6/2023,Headphones,Electronics,6,13.39,0,51,Apple Pay,Houston
ORD-104800,9/4/2023,Cookware Set,Home & Kitchen,1,249.65,0.1,58,Debit Card,Los Angeles
ORD-107438,11/8/2023,History Book,Books,8,,0.2,38,Apple Pay,Phoenix
ORD-102354,1/4/2023,Wireless Mouse,Electronics,4,323.62,0.15,73,PayPal,Houston
ORD-106354,2/10/2023,Hoodie,Clothing,6,126.03,0.05,22,Credit Card,Phoenix
ORD-104570,6/4/2023,Python Guide,Books,9,240.61,0.1,200,Cash,Chicago
ORD-108214,10/13/2023,Mug,Home & Kitchen,1,386.63,0,28,Debit Card,Los Angeles
ORD-102753,1/14/2023,Data Science 101,Books,2,249.16,0.2,28,Debit Card,New York
ORD-108074,9/17/2023,Jacket,Clothing,4,414.87,0,59,PayPal,CHICAGO
ORD-101041,2/5/2023,Jeans,Clothing,6,75.92,0.2,53,Debit Card,Online
ORD-107492,11/10/2023,Moisturizer,Beauty,6,322.77,0.05,71,Apple Pay,Houston
ORD-101266,8/10/2023,Coffee Maker,Home & Kitchen,4,408.79,0.2,68,Apple Pay,Online
ORD-109540,5/29/2023,Cookware Set,Home & Kitchen,2,6.74,0.1,,Cash,New York
ORD-107060,10/5/2023,Cookware Set,Home & Kitchen,4,442.23,0.05,39,Debit Card,Houston
ORD-100278,8/29/2023,Blender,Home & Kitchen,2,195.12,0.05,20,Credit Card,Houston
ORD-105085,4/10/2023,Mug,Home & Kitchen,7,105.76,0.2,30,DEBIT CARD,Houston
ORD-102383,7/10/2023,Wireless Mouse,Electronics,3,150.53,0,48,Cash,Houston
ORD-100572,7/20/2023,Biography,Books,1,370.1,0.2,26,Cash,Chicago
ORD-101436,7/31/2023,Headphones,Electronics,7,475.4,0,18,Cash,Los Angeles
ORD-105353,11/5/2023,Cookware Set,home & kitchen,9,353,0.15,70,Credit Card,Chicago
ORD-105446,5/3/2023,Coffee Maker,Home & Kitchen,4,347.28,0.2,N/A,Debit Card,Phoenix
ORD-101008,10/20/2023,Wireless Mouse,Electronics,4,248.81,0.2,20,Cash,Phoenix
ORD-104544,10/14/2023,Sunscreen,Beauty,1,135.55,0,72,PayPal,Los Angeles
ORD-109079,1/12/2023,Blender,Home & Kitchen,4,258.49,0,42,Apple Pay,Chicago
ORD-102065,11/6/2023,Data Science 101,Books,7,159.82,0,65,PayPal,Los Angeles
ORD-101137,2023-13-45,Perfume,Beauty,9,95.46,0.05,58,Cash,Los Angeles
ORD-105344,12/6/2023,Mug,Home & Kitchen,5,50000,0.1,38,Credit Card,Houston
ORD-100295,3/23/2023,Fiction Novel,Books,5,373.04,0.15,19,Credit Card,PHOENIX
ORD-108781,7/18/2023,T-Shirt,Clothing,6,371.92,0,26,,Houston
ORD-102404,6/12/2023,Jeans,Clothing,9,403.14,0,63,paypal,New York
ORD-103999,1/30/2023,Blender,Home & Kitchen,1,360.37,0,20,Apple Pay,Phoenix
ORD-103742,8/5/2023,Biography,Books,7,341.42,0,45,Debit Card,Houston
ORD-109497,12/17/2023,Wireless Mouse,Electronics,9,143.06,,20,PayPal,New York
ORD-102720,10/3/2023,Coffee Maker,Home & Kitchen,1,51.96,0.05,150,Apple Pay,New York
ORD-109474,6/16/2023,Fiction Novel,Books,5,189.07,0.1,70,Credit Card,Houston
ORD-105151,10/14/2023,Coffee Maker,Home & Kitchen,4,223.49,0.05,42,Apple Pay,Online
ORD-102809,3/24/2023,Jeans,Clothing,5,456.24,0.05,-1,Cash,New York
ORD-100557,2/8/2023,Biography,Books,4,,0,52,Debit Card,Phoenix
ORD-109192,10/13/2023,Perfume,Beauty,9,,0.15,64,Credit Card,Chicago
ORD-104796,9/7/2023,USB-C Cable,Electronics,6,128.64,0,39,Debit Card,Los Angeles
ORD-102470,7/24/2023,Moisturizer,Beauty,6,336.81,0,24,Cash,Los Angeles
ORD-103739,10/5/2023,Sunscreen,Beauty,6,286.27,0.2,36,Apple Pay,Houston
ORD-104287,4/6/2023,Air Fryer,Home & Kitchen,8,451.94,0.05,28,CASH,Los Angeles
ORD-102605,9/7/2023,Cookware Set,Home & Kitchen,5,201.99,0.15,47,PayPal,Los Angeles
ORD-100363,6/27/2023,Lip Balm,Beauty,8,260.22,0.15,55,Apple Pay,New York
ORD-106925,4/1/2023,Socks,Clothing,6,,0,54,Credit Card,Online
ORD-101705,7/30/2023,Socks,Clothing,1,443.99,0.2,34,Apple Pay,chicago
ORD-102140,10/30/2023,Mug,Home & Kitchen,4,490.42,0.1,40,Cash,Los Angeles
ORD-103240,8/14/2023,Headphones,Electronics,7,153.04,0.1,24,Credit Card,Online
ORD-102384,5/6/2023,Headphones,Electronics,1,206.55,0,38,Debit Card,Chicago
ORD-107315,Invalid_Date,Headphones,Electronics,7,21.1,0.2,41,Debit Card,Los Angeles
ORD-104312,4/29/2023,Python Guide,Books,6,,0.15,44,Cash,Chicago
ORD-101313,11/29/2023,Mug,Home & Kitchen,2,468.02,0.05,62,Apple Pay,Houston
ORD-103931,3/30/2023,USB-C Cable,Electronics,6,149.55,0,64,Debit Card,phoenix
ORD-106184,4/30/2023,Cookware Set,Home & Kitchen,4,455.36,0.1,47,Cash,Los Angeles
ORD-101592,7/19/2023,Hoodie,Clothing,2,-1,0.2,71,Apple Pay,Los Angeles
ORD-109665,11/20/2023,Python Guide,Books,1,185.17,0,18,,Phoenix
ORD-102163,5/5/2023,Mug,Home & Kitchen,1,300.11,0,38,Credit Card,Chicago
ORD-102397,8/7/2023,History Book,Books,9,413.47,0,50,Apple Pay,Phoenix
ORD-100318,6/15/2023,Mug,Home & Kitchen,4,218,0,39,,Phoenix
ORD-105234,12/27/2023,T-Shirt,Clothing,9,288.61,0.15,29,PayPal,Houston
ORD-105069,10/2/2023,Socks,Clothing,8,119.02,0.1,72,Cash,Online
ORD-104037,1/15/2023,Data Science 101,Books,6,135.1,0.15,18,PayPal,New York
ORD-103021,9/20/2023,Jeans,Clothing,4,448.38,0.05,,Debit Card,Los Angeles
ORD-108229,5/30/2023,Jacket,CLOTHING,9,373.31,0.2,38,PayPal,Online
ORD-105296,9/1/2023,USB-C Cable,Electronics,7,234.54,0.2,42,Cash,Online
ORD-103973,1/9/2023,Shampoo,Beauty,6,327.13,0.2,41,Credit Card,Phoenix
ORD-105371,4/4/2023,History Book,Books,9,108.65,0.1,53,PayPal,Los Angeles
ORD-104134,4/17/2023,Mechanical Keyboard,Electronics,1,454.65,0,51,Credit Card,Los Angeles
ORD-100975,3/4/2023,Monitor,Electronics,7,258.59,0.1,64,Credit Card,Chicago
ORD-107292,7/31/2023,T-Shirt,Clothing,7,374.45,0,51,,Houston
ORD-100955,5/31/2023,Shampoo,Beauty,3,285.47,0.1,57,Credit Card,Chicago
ORD-109584,8/24/2023,History Book,Books,6,206.05,0.05,26,Apple Pay,Chicago
ORD-105017,8/17/2023,Shampoo,Beauty,0,266.43,0.15,72,Cash,Los Angeles
ORD-109897,5/5/2023,Jacket,Clothing,5,233.77,0.1,32,PayPal,New York
ORD-107491,5/4/2023,Socks,Clothing,3,430.77,0.1,38,CASH,Phoenix
ORD-101641,7/9/2023,Jacket,Clothing,6,399.24,0.05,53,Debit Card,Online
ORD-101291,2023-13-45,Mechanical Keyboard,Electronics,2,134.89,0.05,37,Cash,Houston
ORD-101381,1/4/2023,Python Guide,books,5,198.5,0.1,52,Cash,Online
ORD-101934,2/2/2023,History Book,Books,9,366.11,0,39,Debit Card,Los Angeles
ORD-104676,8/30/2023,Blender,Home & Kitchen,1,70.88,0.15,51,PayPal,Houston
ORD-100893,10/23/2023,Perfume,Beauty,9,484.04,0.15,73,PayPal,Online
ORD-107288,7/12/2023,T-Shirt,Clothing,4,297.86,0.2,62,PayPal,Phoenix
ORD-104877,12/2/2023,T-Shirt,Clothing,2,301.07,0.05,66,Cash,Chicago
ORD-107907,5/16/2023,Coffee Maker,Home & Kitchen,7,127.18,0.05,200,Credit Card,Los Angeles
ORD-108195,7/23/2023,Fiction Novel,Books,6,168.51,0.1,32,Credit Card,Chicago
ORD-109657,10/12/2023,Wireless Mouse,Electronics,3,307.6,0,69,PayPal,Online
ORD-102467,8/17/2023,Shampoo,Beauty,3,421.8,0.1,35,Credit Card,Chicago
ORD-107658,9/29/2023,Blender,Home & Kitchen,7,255.09,0.1,43,PayPal,Phoenix
ORD-101914,9/15/2023,Shampoo,Beauty,9,149.75,0.1,63,Credit Card,New York
ORD-102737,9/2/2023,Biography,Books,8,69.7,0.05,18,Debit Card,Chicago
ORD-100727,4/9/2023,History Book,Books,8,292.14,0.15,43,Credit Card,Online
ORD-107215,2/7/2023,Shampoo,Beauty,6,88.94,0.1,63,credit card,Online
ORD-108246,3/25/2023,Air Fryer,Home & Kitchen,4,83.31,0.1,74,,New York
ORD-101797,6/1/2023,Jeans,Clothing,2,325.81,0.2,41,Apple Pay,New York
ORD-103846,5/2/2023,Perfume,Beauty,7,156.05,0.05,33,PayPal,Phoenix
ORD-106403,Invalid_Date,Mug,Home & Kitchen,4,28.38,0.05,57,Debit Card,Phoenix
ORD-100937,9/1/2023,Cookware Set,Home & Kitchen,6,473.84,0.15,150,Debit Card,Los Angeles
ORD-102266,3/4/2023,Shampoo,Beauty,4,364.92,0.05,69,PayPal,new york
ORD-100825,11/13/2023,Hoodie,Clothing,1,250.37,0.2,56,Cash,Chicago
ORD-107275,7/10/2023,Blender,Home & Kitchen,1,85.64,0.05,41,Apple Pay,New York
ORD-101390,12/2/2023,Cookware Set,Home & Kitchen,1,201.41,0.2,52,Apple Pay,Phoenix
ORD-103565,3/1/2023,Mechanical Keyboard,Electronics,6,Unknown,0.2,36,Debit Card,Chicago
ORD-105430,12/1/2023,History Book,Books,8,49.79,0,,Debit Card,New York
ORD-107828,12/19/2023,Cookware Set,Home & Kitchen,5,275.72,0.2,31,Cash,Los Angeles
ORD-105691,6/2/2023,Wireless Mouse,Electronics,7,408.87,0.15,69,Apple Pay,Online
ORD-107879,5/24/2023,Fiction Novel,Books,2,250.17,0.1,18,Debit Card,New York
ORD-101869,11/18/2023,Air Fryer,Home & Kitchen,4,198.09,0,999,PayPal,Online
ORD-108203,2/27/2023,Cookware Set,Home & Kitchen,7,334.73,0,59,Apple Pay,Chicago
ORD-107487,1/18/2023,Mechanical Keyboard,Electronics,4,289.88,0,37,Cash,Online
ORD-100807,5/13/2023,Perfume,Beauty,6,83.95,0,27,PayPal,Phoenix
ORD-104806,3/7/2023,Air Fryer,Home & Kitchen,6,84.38,0.05,23,Credit Card,Los Angeles
ORD-109424,4/21/2023,Cookware Set,Home & Kitchen,5,50000,0.15,69,Apple Pay,Online
ORD-107512,7/4/2023,Hoodie,Clothing,4,312.09,0.2,72,Cash,Houston
ORD-108057,8/22/2023,Monitor,Electronics,1,39.54,,53,Cash,Chicago
ORD-104495,11/15/2023,Moisturizer,Beauty,2,420.1,0.2,56,Apple Pay,Chicago
ORD-102633,1/21/2023,Fiction Novel,Books,6,431.73,0.1,65,Apple Pay,Los Angeles
ORD-109165,12/1/2023,Python Guide,Books,7,72.51,0.2,66,Debit Card,Chicago
ORD-108897,3/19/2023,Python Guide,Books,7,119.48,0.15,58,Apple Pay,Houston
ORD-108624,8/23/2023,Air Fryer,Home & Kitchen,6,422.6,0.05,19,,Phoenix
ORD-107833,9/19/2023,Air Fryer,Home & Kitchen,7,467.08,0.1,42,Debit Card,Online
ORD-104389,3/8/2023,Fiction Novel,Books,7,449.4,0.2,27,Debit Card,Phoenix
ORD-100146,5/20/2023,Jacket,Clothing,8,27.7,0.2,19,Cash,New York
ORD-106468,10/12/2023,Shampoo,Beauty,2,281.31,0,70,PayPal,Chicago
ORD-102034,9/6/2023,Headphones,Electronics,1,461.67,0.15,999,Credit Card,Los Angeles
ORD-109398,6/13/2023,Headphones,Electronics,8,191.08,0.2,31,Debit Card,New York
ORD-101166,8/20/2023,Biography,Books,9,50000,0.1,25,Apple Pay,Chicago
ORD-102051,9/20/2023,Coffee Maker,Home & Kitchen,8,12.35,0,33,Debit Card,Phoenix
ORD-103761,5/13/2023,Air Fryer,Home & Kitchen,4,126.95,0.05,50,Debit Card,Houston
ORD-104436,11/30/2023,Cookware Set,Home & Kitchen,9,306.73,0.05,73,Debit Card,Los Angeles
ORD-103431,8/16/2023,Wireless Mouse,Electronics,9,352.11,0.1,36,Cash,New York
ORD-108191,1/29/2023,Lip Balm,Beauty,7,435.5,0.05,51,Debit Card,New York
ORD-109013,1/21/2023,Hoodie,Clothing,2,419.86,0.05,22,PayPal,New York
ORD-107070,12/3/2023,USB-C Cable,Electronics,5,404.02,0.2,71,Debit Card,Chicago
ORD-104362,2/27/2023,Mechanical Keyboard,electronics,1,371.56,0,30,Cash,Phoenix
ORD-101772,12/9/2023,Moisturizer,Beauty,9,422.05,0.2,150,Apple Pay,Online
ORD-103512,11/27/2023,Headphones,Electronics,7,-5,0.05,74,Cash,Online
ORD-100272,Invalid_Date,Mechanical Keyboard,Electronics,1,59.68,0.05,21,Cash,Online
ORD-108437,8/20/2023,T-Shirt,Clothing,5,279.51,0.2,200,Apple Pay,Houston
ORD-102033,12/28/2023,Air Fryer,Home & Kitchen,9,361.53,0.1,46,Debit Card,New York
ORD-109955,5/14/2023,Socks,Clothing,9,189.54,0.15,74,PayPal,Los Angeles
ORD-103811,6/10/2023,Jeans,Clothing,8,47.6,0,60,Debit Card,Los Angeles
ORD-104347,2/9/2023,Perfume,Beauty,4,498.6,,25,Credit Card,New York
ORD-100546,5/14/2023,Moisturizer,Beauty,9,410.44,0.1,61,Debit Card,Phoenix
ORD-103242,8/22/2023,Monitor,Electronics,2,103.21,0.2,47,Cash,Phoenix
ORD-108931,9/30/2023,Lip Balm,Beauty,1,199.8,0.05,41,PAYPAL,Online
ORD-108503,11/1/2023,T-Shirt,Clothing,8,,0.1,46,Cash,Phoenix
ORD-109784,3/29/2023,Wireless Mouse,Electronics,2,14.25,0.2,54,Cash,Chicago
ORD-107565,2/21/2023,Jeans,Clothing,8,170.67,0.05,32,Credit Card,Los Angeles
ORD-100921,6/5/2023,Fiction Novel,Books,7,8.19,0,33,Credit Card,Phoenix
ORD-109389,7/15/2023,Air Fryer,Home & Kitchen,3,242.38,0.2,66,PayPal,New York
ORD-106641,7/19/2023,Jacket,Clothing,7,331.9,,44,Credit Card,Chicago
ORD-107695,3/9/2023,Blender,Home & Kitchen,-1,468.05,0.15,45,Cash,Online
ORD-108231,3/25/2023,Headphones,Electronics,4,484,0.1,23,Debit Card,Phoenix
ORD-107127,10/30/2023,History Book,Books,7,10.14,0.05,999,Debit Card,Phoenix
ORD-104279,5/20/2023,Data Science 101,Books,1,130.84,0.1,37,Debit Card,New York
ORD-102984,12/19/2023,Moisturizer,Beauty,4,378.46,0,18,apple pay,Houston
ORD-100131,11/7/2023,T-Shirt,Clothing,1,11.77,0.15,34,Debit Card,Phoenix
ORD-107981,6/24/2023,Hoodie,Clothing,4,31.15,0.1,61,PayPal,Chicago
ORD-102668,1/27/2023,Headphones,Electronics,8,301.56,0.15,28,Debit Card,Chicago
ORD-107139,11/26/2023,Mechanical Keyboard,Electronics,5,409.19,0.1,74,PayPal,Los Angeles
ORD-103224,9/11/2023,Lip Balm,Beauty,8,27.62,0.05,52,Debit Card,Los Angeles
ORD-107694,6/30/2023,Shampoo,Beauty,1,148.26,0,29,PayPal,Los Angeles
ORD-105393,5/22/2023,Shampoo,Beauty,5,254.35,0,69,Apple Pay,Online
ORD-100615,12/29/2023,Socks,Clothing,4,54.15,0.1,59,Apple Pay,Chicago
ORD-103161,8/17/2023,Mechanical Keyboard,Electronics,8,94.84,0.05,29,Debit Card,Phoenix
ORD-101467,10/27/2023,Hoodie,Clothing,4,458.33,0.05,61,Debit Card,Chicago
ORD-104498,5/4/2023,Air Fryer,Home & Kitchen,9,330.76,0.15,37,Debit Card,New York
ORD-103043,1/7/2023,Shampoo,Beauty,6,363.34,0.15,21,Cash,Online
ORD-102420,3/6/2023,Jeans,Clothing,8,53.51,0.1,44,Cash,Online
ORD-105086,12/19/2023,Socks,Clothing,9,349.78,0.2,70,PayPal,Phoenix
ORD-103295,9/8/2023,Python Guide,Books,4,37.31,0,32,Debit Card,Chicago
ORD-106738,3/28/2023,Moisturizer,Beauty,8,394.56,0,31,Apple Pay,Phoenix
ORD-101501,3/4/2023,Jeans,Clothing,1,338.34,0.2,35,Debit Card,Chicago
ORD-109019,1/7/2023,Data Science 101,Books,5,6.59,0.05,18,Credit Card,Houston
ORD-101522,4/4/2023,Moisturizer,Beauty,3,323.32,0.2,51,Apple Pay,Phoenix
ORD-109388,3/1/2023,Cookware Set,Home & Kitchen,3,481.61,0,46,Debit Card,Online
ORD-104233,7/11/2023,Sunscreen,Beauty,4,366.03,0,51,Credit Card,Online
ORD-107687,12/3/2023,Python Guide,Books,4,149.61,0.2,39,Apple Pay,Phoenix
ORD-108821,11/14/2023,History Book,Books,1,115.58,0.1,46,Apple Pay,Chicago
ORD-104431,2023-13-45,Coffee Maker,Home & Kitchen,1,498.15,0.15,33,Cash,Phoenix
ORD-100391,3/12/2023,Socks,Clothing,7,264.96,0,59,Apple Pay,Houston
ORD-103818,6/9/2023,Hoodie,Clothing,2,401.97,0.2,50,Apple Pay,Online
ORD-107125,11/18/2023,Monitor,Electronics,1,365.57,0.1,72,Apple Pay,Houston
ORD-105914,11/5/2023,Hoodie,Clothing,1,95.71,0.15,22,Cash,Los Angeles
ORD-108593,9/29/2023,Headphones,Electronics,9,155.27,0.15,49,Debit Card,Phoenix
ORD-104807,4/3/2023,Data Science 101,Books,8,98.16,0.15,39,Debit Card,Chicago
ORD-109221,12/27/2023,Mug,Home & Kitchen,9,419.91,0,68,Apple Pay,Houston
ORD-108239,1/29/2023,T-Shirt,Clothing,1,12.28,0.2,43,PayPal,New York
ORD-108045,1/20/2023,Lip Balm,BEAUTY,9,249.22,0.2,60,PayPal,New York
ORD-102928,9/17/2023,Sunscreen,Beauty,3,426.46,0.15,,Apple Pay,Los Angeles
ORD-103994,10/2/2023,Mechanical Keyboard,Electronics,9,334.36,,20,Apple Pay,Chicago
ORD-109836,6/29/2023,Air Fryer,Home & Kitchen,4,42.13,0.1,69,Debit Card,Los Angeles
ORD-106610,12/3/2023,T-Shirt,Clothing,3,297.23,0.05,36,Apple Pay,Online
ORD-105320,7/4/2023,Air Fryer,Home & Kitchen,3,447.46,0.2,44,Debit Card,Phoenix
ORD-100097,7/11/2023,Blender,Home & Kitchen,4,92.83,0.1,66,Cash,Phoenix
ORD-107120,1/5/2023,Headphones,Electronics,5,498.53,0.15,30,Apple Pay,Online
ORD-102422,Invalid_Date,T-Shirt,Clothing,1,57.93,0.05,22,Debit Card,New York
ORD-105605,1/3/2023,Hoodie,Clothing,3,155.91,0.05,19,Debit Card,Chicago
ORD-101751,1/31/2023,Hoodie,Clothing,2,244.28,0.05,57,,Houston
ORD-109285,5/10/2023,Air Fryer,Home & Kitchen,1,65.46,0.1,54,Cash,Phoenix
ORD-106364,12/28/2023,Wireless Mouse,Electronics,3,237,0.15,35,PayPal,Los Angeles
ORD-100339,6/8/2023,Shampoo,Beauty,1,434.79,0.05,200,Cash,Online
ORD-108408,6/27/2023,Data Science 101,Books,8,289.97,0,,PayPal,Los Angeles
ORD-101342,5/27/2023,Jacket,Clothing,6,231.24,0.15,67,Cash,Online
ORD-109829,11/18/2023,Mug,Home & Kitchen,1,36.01,0.2,59,Apple Pay,Phoenix
ORD-107983,8/16/2023,Wireless Mouse,Electronics,9,456.14,0.15,45,Apple Pay,New York
ORD-103641,12/8/2023,Jacket,Clothing,2,,0.1,36,Debit Card,Houston
ORD-100330,12/14/2023,Sunscreen,Beauty,8,473.94,0.15,64,Debit Card,Los Angeles
ORD-109091,9/29/2023,Jacket,Clothing,5,339.26,0,32,Cash,Chicago
ORD-103005,2/15/2023,T-Shirt,Clothing,7,318.85,0.05,30,Cash,New York
ORD-106961,3/1/2023,Data Science 101,Books,7,124.4,0.05,35,Cash,Houston
ORD-104091,5/31/2023,Python Guide,Books,2,83.72,0.1,66,PayPal,houston
ORD-102323,11/27/2023,Jacket,Clothing,1,322.22,0.2,200,Cash,Online
ORD-106668,7/26/2023,Coffee Maker,Home & Kitchen,6,-1,0,65,Cash,Chicago
ORD-107010,10/15/2023,Mechanical Keyboard,Electronics,9,310.87,0.05,42,Apple Pay,Los Angeles
ORD-104198,11/2/2023,Biography,Books,9,266.08,0,47,Debit Card,New York
ORD-103550,4/28/2023,Air Fryer,Home & Kitchen,8,376.44,0.05,20,Cash,Chicago
ORD-108364,5/21/2023,Socks,Clothing,8,495.15,0,52,PayPal,Houston
ORD-104204,8/14/2023,Mug,Home & Kitchen,6,114.58,0.1,63,Apple Pay,Los Angeles
ORD-109588,1/17/2023,Moisturizer,Beauty,7,202.1,0.1,37,Credit Card,Los Angeles
ORD-109203,7/15/2023,Headphones,Electronics,8,141.4,0.15,62,Cash,New York
ORD-106186,12/24/2023,Air Fryer,Home & Kitchen,4,415.85,0.1,25,Credit Card,New York
ORD-101640,2023-13-45,Lip Balm,Beauty,1,384.34,0.05,28,Credit Card,Los Angeles
ORD-100061,1/17/2023,Coffee Maker,Home & Kitchen,3,385.43,0.15,0,PayPal,Los Angeles
ORD-101241,1/15/2023,Shampoo,Beauty,9,174.71,0.2,67,Apple Pay,Los Angeles
ORD-105761,5/17/2023,Mechanical Keyboard,Electronics,2,209.61,0.05,22,Credit Card,Chicago
ORD-105137,9/27/2023,Jeans,Clothing,9,131.78,0.15,999,Credit Card,Los Angeles
ORD-102344,5/26/2023,Hoodie,Clothing,6,73.88,,63,Apple Pay,Chicago
ORD-102121,10/31/2023,Python Guide,Books,9,290.01,0.15,999,PayPal,Online
ORD-101525,1/16/2023,Sunscreen,Beauty,8,275.72,,69,Credit Card,Online
ORD-107618,1/5/2023,Mechanical Keyboard,ELECTRONICS,1,314.41,0.2,21,Cash,New York
ORD-100154,11/15/2023,History Book,Books,8,437.42,0.2,34,Credit Card,chicago
ORD-100482,3/7/2023,Air Fryer,Home & Kitchen,7,309.41,0,Unknown,Cash,Phoenix
ORD-106123,8/13/2023,History Book,Books,5,218.99,0.05,59,Cash,Los Angeles
ORD-107675,7/27/2023,T-Shirt,Clothing,8,409.56,0.05,52,Cash,Los Angeles
ORD-107102,6/10/2023,USB-C Cable,Electronics,6,301.06,0.1,72,PayPal,Chicago
ORD-101763,3/25/2023,Air Fryer,Home & Kitchen,1,271.15,0,34,Debit Card,Chicago
ORD-108943,7/27/2023,Fiction Novel,Books,8,101.21,0.05,71,Credit Card,Houston
ORD-107716,12/26/2023,Fiction Novel,Books,4,223.94,0.2,45,PayPal,Los Angeles
ORD-109351,8/9/2023,Hoodie,Clothing,8,365.37,0.05,62,Credit Card,Online
ORD-107480,6/25/2023,Air Fryer,Home & Kitchen,7,,0,27,PayPal,Phoenix
ORD-106213,11/23/2023,Jacket,Clothing,5,493.28,0,31,Apple Pay,Online
ORD-104854,10/8/2023,Headphones,Electronics,5,30.23,0.2,55,Credit Card,new york
ORD-102712,1/14/2023,Air Fryer,Home & Kitchen,2,477.77,0.2,70,Cash,Online
ORD-106767,8/14/2023,Python Guide,Books,8,273.15,0.15,,PayPal,New York
ORD-104151,5/10/2023,Wireless Mouse,Electronics,2,13.33,0.2,50,PayPal,los angeles
ORD-101334,7/25/2023,Lip Balm,Beauty,3,155.93,0.15,53,Debit Card,Chicago
ORD-108379,8/10/2023,History Book,Books,9,276.5,0.1,61,Debit Card,Houston
ORD-109667,2023-13-45,Mug,Home & Kitchen,6,299.15,0.1,18,Apple Pay,Houston
ORD-109998,3/19/2023,Jeans,Clothing,5,17.27,0.05,35,Credit Card,Houston
ORD-109392,2/11/2023,T-Shirt,Clothing,8,125.34,0.15,72,Apple Pay,ONLINE
ORD-103851,8/4/2023,Moisturizer,Beauty,9,446.33,0.2,53,PayPal,Los Angeles
ORD-108341,5/20/2023,Jacket,Clothing,6,441.79,0.15,26,Apple Pay,Los Angeles
ORD-104125,1/15/2023,Mechanical Keyboard,Electronics,7,394.46,0,65,Apple Pay,New York
ORD-109231,8/11/2023,Socks,Clothing,2,164.32,0.15,150,Cash,Houston
ORD-104789,6/20/2023,Moisturizer,Beauty,2,9999.99,0.2,35,PayPal,New York
ORD-102867,7/10/2023,T-Shirt,Clothing,1,75.43,0.2,40,Debit Card,Chicago
ORD-101387,11/19/2023,Mug,Home & Kitchen,6,155.53,0.1,29,Cash,Online
ORD-105942,2/17/2023,Socks,Clothing,3,18.83,0.2,65,PayPal,Phoenix
ORD-103068,4/2/2023,Monitor,Electronics,2,104.75,0.1,50,Cash,New York
ORD-109328,4/16/2023,USB-C Cable,Electronics,6,128.58,0.05,39,PAYPAL,Online
ORD-103630,Invalid_Date,Sunscreen,Beauty,8,403.52,0.05,72,Debit Card,Online
ORD-109738,1/16/2023,Headphones,Electronics,3,196.72,0.2,70,Debit Card,New York
ORD-109216,11/5/2023,T-Shirt,Clothing,3,426.54,,74,Debit Card,New York
ORD-103029,1/7/2023,USB-C Cable,Electronics,9,50000,0.2,44,Credit Card,Houston
ORD-102970,5/30/2023,History Book,Books,3,250.28,0.05,40,Apple Pay,Los Angeles
ORD-108647,6/28/2023,Data Science 101,Books,9,425.17,0.2,62,Debit Card,Phoenix
ORD-106137,12/6/2023,Lip Balm,Beauty,4,195.72,0.05,29,Debit Card,Phoenix
ORD-108802,8/1/2023,History Book,Books,7,247.32,0.1,51,PayPal,Phoenix
ORD-104264,12/5/2023,History Book,Books,9,325.54,0,71,Apple Pay,Los Angeles
ORD-100646,7/7/2023,Moisturizer,Beauty,8,468.86,0,18,Credit Card,Los Angeles
ORD-109944,7/5/2023,Monitor,Electronics,2,171.99,0.15,74,Debit Card,Online
ORD-102075,9/29/2023,Moisturizer,Beauty,4,67.47,0.1,70,Credit Card,Online
ORD-100342,8/16/2023,Python Guide,Books,5,200.78,0.05,,Credit Card,Chicago
ORD-108042,9/2/2023,Jacket,Clothing,9,437.09,0.05,58,Credit Card,Online
ORD-101623,10/25/2023,Moisturizer,Beauty,1,348.23,0.15,65,PayPal,Phoenix
ORD-107142,3/17/2023,Perfume,Beauty,5,33.52,0,51,Credit Card,Online
ORD-105797,6/5/2023,Perfume,Beauty,1,484.78,0,74,,New York
ORD-107185,10/5/2023,Wireless Mouse,Electronics,6,-1,0.15,70,Debit Card,New York
ORD-108233,2/27/2023,Mechanical Keyboard,Electronics,4,319.25,0.05,46,Credit Card,Phoenix
ORD-105476,1/15/2023,Hoodie,Clothing,9,434.65,0.05,43,Apple Pay,Chicago
ORD-109527,1/15/2023,Python Guide,Books,2,472.73,0.15,52,Credit Card,New York
ORD-100075,9/19/2023,Headphones,Electronics,5,231.35,0.2,49,Credit Card,Los Angeles
ORD-100714,4/11/2023,Jacket,Clothing,5,9.47,0.15,45,Apple Pay,Houston
ORD-108634,11/10/2023,Moisturizer,Beauty,1,,0.1,46,Apple Pay,Online
ORD-109504,7/22/2023,Headphones,Electronics,6,448.48,0.05,32,Debit Card,Online
ORD-102052,12/9/2023,Data Science 101,Books,1,108.61,0.05,28,Apple Pay,Online
ORD-102542,11/24/2023,Mug,Home & Kitchen,8,468.49,0.05,Unknown,Debit Card,New York
ORD-101302,5/31/2023,Cookware Set,Home & Kitchen,8,176.2,0.15,26,PayPal,New York
ORD-105878,7/27/2023,Lip Balm,Beauty,3,98.01,0,22,Debit Card,Chicago
ORD-107369,5/18/2023,USB-C Cable,Electronics,8,20.9,0.05,53,Credit Card,Los Angeles
ORD-101305,12/21/2023,Headphones,Electronics,7,381.4,0.15,38,Apple Pay,New York
ORD-108429,8/27/2023,Data Science 101,Books,7,9999.99,0.05,52,Debit Card,Los Angeles
ORD-109364,4/17/2023,Hoodie,Clothing,2,398.14,0.2,45,,Los Angeles
ORD-102600,10/24/2023,Python Guide,Books,5,54.12,,67,Credit Card,Online
ORD-102574,10/4/2023,History Book,Books,9,423.32,0.05,56,Cash,Phoenix
ORD-103187,2023-13-45,Python Guide,Books,5,341.54,0.15,72,Cash,Phoenix
ORD-102769,5/22/2023,USB-C Cable,Electronics,7,7.83,0.15,999,Cash,Los Angeles
ORD-104832,9/10/2023,Headphones,ELECTRONICS,2,490.4,0.15,18,Credit Card,Chicago
ORD-104224,3/7/2023,Socks,Clothing,8,470.8,0.05,24,Credit Card,New York
ORD-109940,9/12/2023,Jacket,Clothing,8,23.63,0.2,66,Debit Card,Phoenix
ORD-102107,5/19/2023,Wireless Mouse,Electronics,6,295.96,0.2,29,PayPal,Los Angeles
ORD-102680,1/15/2023,Wireless Mouse,Electronics,9,274.25,0.05,43,PayPal,Houston
ORD-101388,4/13/2023,Python Guide,Books,8,455.32,0.2,58,Cash,Phoenix
ORD-109198,2023-13-45,Mechanical Keyboard,Electronics,7,120.39,0.15,49,Debit Card,Los Angeles
ORD-109950,3/27/2023,Wireless Mouse,Electronics,1,,0.05,70,Apple Pay,Chicago
ORD-107084,10/5/2023,Coffee Maker,Home & Kitchen,5,108.19,0.15,999,PayPal,Los Angeles
ORD-101280,7/31/2023,Python Guide,Books,4,102.79,0.15,46,PayPal,New York
ORD-100805,7/26/2023,USB-C Cable,Electronics,6,19.01,0,72,Credit Card,Los Angeles
ORD-101556,2/28/2023,Biography,Books,2,60.45,0.05,68,Apple Pay,Online
ORD-109769,6/19/2023,Cookware Set,Home & Kitchen,8,-1,0.15,56,Apple Pay,Chicago
ORD-104567,11/26/2023,Fiction Novel,Books,5,465.72,0.1,63,Cash,Los Angeles
ORD-109960,9/4/2023,Shampoo,Beauty,2,430.35,0.15,N/A,Cash,Online
ORD-104842,1/16/2023,Shampoo,Beauty,2,104.18,0.2,30,PayPal,Los Angeles
ORD-103595,7/20/2023,Perfume,Beauty,7,389.99,0.15,43,Credit Card,Online
ORD-106036,11/4/2023,Sunscreen,Beauty,3,415.14,0.1,73,Debit Card,Chicago
ORD-106853,3/16/2023,Coffee Maker,Home & Kitchen,1,309.43,0.1,69,PayPal,Chicago
ORD-108706,5/12/2023,T-Shirt,Clothing,2,164.74,0.15,35,PayPal,Los Angeles
ORD-104178,4/4/2023,History Book,Books,7,285.88,0.05,41,Cash,Los Angeles
ORD-101309,6/8/2023,Shampoo,Beauty,4,420.11,0.2,59,Debit Card,Phoenix
ORD-109107,3/21/2023,Shampoo,Beauty,3,171.13,0.05,150,Debit Card,New York
ORD-103453,Invalid_Date,Lip Balm,Beauty,2,71.11,0.15,50,PayPal,Houston
ORD-103696,9/13/2023,Mechanical Keyboard,Electronics,6,174.09,0,30,Debit Card,Houston
ORD-104243,3/25/2023,Socks,Clothing,6,191.78,0.2,61,PayPal,Los Angeles
ORD-102199,2/13/2023,Biography,Books,3,,0.05,51,Cash,Chicago
ORD-108967,2/8/2023,USB-C Cable,Electronics,1,489.3,0.05,60,PayPal,Houston
ORD-104426,9/20/2023,Jeans,Clothing,4,357.2,0.1,38,Credit Card,New York
ORD-106151,6/10/2023,Biography,Books,-5,51.63,0.15,35,Credit Card,New York
ORD-100944,5/20/2023,Blender,Home & Kitchen,3,127.1,0.05,26,PayPal,Los Angeles
ORD-100823,6/24/2023,Socks,Clothing,3,341.09,0.05,18,Debit Card,Chicago
ORD-105006,6/30/2023,Biography,Books,5,358.81,0,38,Credit Card,New York
ORD-106613,8/3/2023,Perfume,Beauty,2,113.92,0.1,32,PayPal,Chicago
ORD-108357,10/16/2023,Headphones,Electronics,1,12.29,0.05,47,PayPal,Online
ORD-105620,9/29/2023,Mechanical Keyboard,Electronics,9,330.96,0.15,34,Debit Card,Online
ORD-104548,11/21/2023,USB-C Cable,Electronics,4,482.41,0.1,49,Apple Pay,Chicago
ORD-102539,3/24/2023,Blender,Home & Kitchen,9,-5,0.15,21,Credit Card,Houston
ORD-105208,2/10/2023,Socks,Clothing,7,343.66,0.15,19,Credit Card,New York
ORD-109797,12/10/2023,Fiction Novel,Books,7,470.61,0,999,Credit Card,Los Angeles
ORD-109279,2/10/2023,Moisturizer,Beauty,9,365.89,0.05,34,Cash,New York
ORD-103055,2023-13-45,Python Guide,Books,1,172.65,0.2,44,Credit Card,Los Angeles
ORD-103676,8/28/2023,Mug,Home & Kitchen,5,435.67,0.05,36,PayPal,Los Angeles
ORD-107777,9/16/2023,Sunscreen,Beauty,7,333.65,0.1,40,,New York
ORD-107219,3/3/2023,Headphones,Electronics,7,50000,0,32,Credit Card,Houston
ORD-106723,5/4/2023,Sunscreen,Beauty,5,231.77,0.2,27,Apple Pay,Houston
ORD-103301,9/7/2023,Monitor,Electronics,4,187.5,0.05,39,Credit Card,Phoenix
ORD-103311,2023-13-45,Air Fryer,Home & Kitchen,1,92.65,0.2,43,Apple Pay,Houston
ORD-107222,4/13/2023,Cookware Set,Home & Kitchen,4,33.56,0.15,71,Cash,Online
ORD-108520,11/15/2023,Python Guide,Books,9,23.09,0.2,69,Cash,Online
ORD-105955,8/11/2023,History Book,Books,-1,445.63,0.2,57,Debit Card,New York
ORD-100833,5/19/2023,Wireless Mouse,Electronics,9,441.87,0.2,63,Credit Card,Los Angeles
ORD-103463,6/6/2023,USB-C Cable,Electronics,4,280.69,0.05,65,Debit Card,Houston
ORD-107644,1/10/2023,USB-C Cable,Electronics,4,310.45,0,28,apple pay,Phoenix
ORD-100055,6/12/2023,Cookware Set,Home & Kitchen,2,245.38,0.2,58,PayPal,Phoenix
ORD-103452,5/24/2023,Shampoo,Beauty,2,158.08,0.2,68,Cash,Chicago
ORD-106306,12/25/2023,Mechanical Keyboard,Electronics,6,89.17,0.05,999,Apple Pay,Phoenix
ORD-101482,9/18/2023,Hoodie,Clothing,8,432.58,0.1,32,Cash,Los Angeles
ORD-104874,2/25/2023,Headphones,Electronics,3,69.13,0,35,Credit Card,Phoenix
ORD-108039,1/15/2023,Jeans,Clothing,9,315.97,0.2,62,Apple Pay,Houston
ORD-103336,11/6/2023,Cookware Set,Home & Kitchen,1,178.57,0.05,,Debit Card,Phoenix
ORD-106017,7/9/2023,Jacket,Clothing,7,497.21,0.05,43,Apple Pay,Phoenix
ORD-104927,2/23/2023,Shampoo,Beauty,3,9.02,0.05,21,Cash,Los Angeles
ORD-109139,12/12/2023,Lip Balm,Beauty,4,26.23,0.15,24,Debit Card,Los Angeles
ORD-105798,7/31/2023,Data Science 101,Books,6,180.01,0.2,29,Cash,Chicago
ORD-104696,4/29/2023,Moisturizer,Beauty,4,373.38,0,66,Cash,Phoenix
ORD-105084,11/8/2023,History Book,Books,2,441.35,0.2,20,Debit Card,Chicago
ORD-106646,9/6/2023,Python Guide,Books,2,169.46,0.05,58,,Chicago
ORD-105491,3/2/2023,Wireless Mouse,Electronics,9,-1,0,65,Cash,Chicago
ORD-100769,1/14/2023,Mechanical Keyboard,Electronics,7,317.98,0.1,0,PayPal,Phoenix
ORD-102066,3/26/2023,Cookware Set,Home & Kitchen,2,494.72,0.1,56,Cash,Chicago
ORD-109783,5/20/2023,Headphones,Electronics,2,117.79,0.2,54,Debit Card,Los Angeles
ORD-107312,2/21/2023,History Book,Books,2,17.46,0.15,54,Credit Card,Los Angeles
ORD-108478,6/28/2023,Socks,Clothing,7,285.73,0.2,34,Cash,Los Angeles
ORD-104525,1/16/2023,History Book,Books,8,439.7,0,64,Apple Pay,Chicago
ORD-102718,2/25/2023,Jacket,Clothing,2,382.23,0,53,Cash,Houston
ORD-102080,12/7/2023,Sunscreen,Beauty,1,366.6,0,64,,Online
ORD-108915,4/30/2023,Data Science 101,Books,2,325.54,0.15,999,Apple Pay,Phoenix
ORD-100952,1/25/2023,Jeans,clothing,4,368.27,0.2,41,Debit Card,Online
ORD-108059,9/23/2023,Mechanical Keyboard,Electronics,9,134.4,0,18,Cash,New York
ORD-102483,1/1/2023,History Book,Books,4,288.71,0.15,74,PayPal,Houston
ORD-109182,4/11/2023,Shampoo,Beauty,1,349.03,0.15,30,Cash,Chicago
ORD-101760,2/8/2023,History Book,Books,6,328.77,0.15,36,Debit Card,Phoenix
ORD-104423,12/7/2023,Jeans,Clothing,8,266.13,0,49,Debit Card,New York
ORD-106705,9/17/2023,History Book,Books,2,298.94,0.05,41,PayPal,Online
ORD-105183,11/18/2023,Headphones,Electronics,8,30.75,0.2,63,credit card,New York
ORD-108534,3/6/2023,Jeans,Clothing,2,24.73,0.2,40,Debit Card,Phoenix
ORD-103702,12/6/2023,Mug,Home & Kitchen,8,82.18,0,33,Debit Card,Phoenix
ORD-104244,5/13/2023,Sunscreen,Beauty,6,430.3,0.15,62,Apple Pay,Chicago
ORD-100689,1/7/2023,Perfume,Beauty,1,370.82,0.15,74,Credit Card,New York
ORD-103433,3/22/2023,Headphones,Electronics,7,97.59,0.05,60,PayPal,Chicago
ORD-104945,3/6/2023,Python Guide,Books,6,182.01,0.05,63,PayPal,Los Angeles
ORD-100967,9/30/2023,T-Shirt,Clothing,8,83.36,0,150,Debit Card,Houston
ORD-109767,1/9/2023,Headphones,Electronics,1,398.87,0,43,Cash,New York
ORD-102714,2/5/2023,Cookware Set,Home & Kitchen,9,70.83,0.05,20,PayPal,Phoenix
ORD-104758,12/4/2023,Headphones,Electronics,9,0,0.2,68,PayPal,Phoenix
ORD-109830,5/4/2023,Jeans,Clothing,3,425.92,0.2,48,Cash,Online
ORD-106321,2/13/2023,Data Science 101,Books,1,304.08,0.15,40,Cash,Online
ORD-105976,3/27/2023,Hoodie,Clothing,9,150.45,0.15,50,PayPal,New York
ORD-103573,3/29/2023,Mug,Home & Kitchen,1,25.45,0,67,Cash,Phoenix
ORD-105300,9/16/2023,USB-C Cable,Electronics,7,409.43,0.05,35,Cash,Phoenix
ORD-101991,5/20/2023,Python Guide,Books,9,286.32,0.2,52,PayPal,Chicago
ORD-101206,12/29/2023,Coffee Maker,Home & Kitchen,1,429.48,0.2,38,Apple Pay,Chicago
ORD-104972,9/19/2023,Air Fryer,Home & Kitchen,3,31.22,,22,PayPal,New York
ORD-100583,5/22/2023,Cookware Set,home & kitchen,1,313.15,0.1,65,PayPal,Los Angeles
ORD-106784,10/11/2023,Air Fryer,Home & Kitchen,4,23.45,0.15,47,Debit Card,Los Angeles
ORD-103601,10/28/2023,Cookware Set,Home & Kitchen,1,363.38,0,29,PayPal,Los Angeles
ORD-106491,7/6/2023,Hoodie,Clothing,5,426.97,0.2,200,Credit Card,Los Angeles
ORD-108610,7/16/2023,Air Fryer,Home & Kitchen,8,6.5,,61,Debit Card,New York
ORD-107418,7/3/2023,Fiction Novel,Books,1,256.4,0.15,39,Credit Card,New York
ORD-108071,5/24/2023,Coffee Maker,Home & Kitchen,3,Unknown,0.15,36,Credit Card,Online
ORD-108578,5/7/2023,Shampoo,Beauty,4,248.26,0,46,PayPal,Houston
ORD-107974,11/12/2023,Monitor,Electronics,2,273.79,0.2,72,Apple Pay,Los Angeles
ORD-101626,2023-13-45,Shampoo,Beauty,8,16.68,0.2,46,Cash,Phoenix
ORD-100537,12/31/2023,Socks,Clothing,2,161.8,0.1,44,apple pay,Houston
ORD-108767,2/7/2023,Python Guide,Books,7,418.32,0.1,57,Debit Card,Houston
ORD-107971,3/5/2023,Wireless Mouse,Electronics,4,354.23,0.15,18,Debit Card,Phoenix
ORD-104213,3/29/2023,Fiction Novel,Books,7,444.89,0,34,Credit Card,Chicago
ORD-106457,12/29/2023,Headphones,Electronics,2,7.97,0.2,48,Debit Card,Los Angeles
ORD-103508,1/15/2023,Mug,Home & Kitchen,9,496.49,0,59,Debit Card,Phoenix
ORD-108394,5/23/2023,Monitor,Electronics,2,206.03,0,46,Apple Pay,Houston
ORD-107113,6/11/2023,Data Science 101,Books,6,20.06,0,19,Debit Card,Los Angeles
ORD-102709,8/29/2023,Hoodie,Clothing,7,75.82,0,65,Apple Pay,Los Angeles
ORD-105032,6/27/2023,Wireless Mouse,Electronics,3,Unknown,0,22,Debit Card,Los Angeles
ORD-106515,10/25/2023,Jacket,Clothing,7,22.28,0.2,21,Cash,Houston
ORD-104663,5/2/2023,Wireless Mouse,Electronics,6,331.24,0.2,43,Cash,Phoenix
ORD-104022,7/25/2023,Biography,Books,3,492.75,0,999,Apple Pay,Los Angeles
ORD-101855,10/20/2023,USB-C Cable,ELECTRONICS,4,204.18,0.05,32,Cash,Houston
ORD-109705,12/11/2023,Cookware Set,Home & Kitchen,3,341.56,0.15,68,Cash,Online
ORD-102873,10/29/2023,Air Fryer,Home & Kitchen,1,-1,0.1,18,Credit Card,Chicago
ORD-103031,4/1/2023,Cookware Set,Home & Kitchen,6,142.47,,70,PayPal,Los Angeles
ORD-101646,6/13/2023,Shampoo,Beauty,7,112.76,0.2,54,Apple Pay,Phoenix
ORD-103418,10/7/2023,Socks,Clothing,9,170.25,0,70,Debit Card,Online
ORD-103477,4/14/2023,Coffee Maker,Home & Kitchen,7,489.72,0.1,63,Cash,Chicago
ORD-109837,11/24/2023,Lip Balm,Beauty,4,177.51,0.05,57,PayPal,Phoenix
ORD-101793,11/24/2023,Lip Balm,Beauty,3,263.26,0.15,40,Debit Card,CHICAGO
ORD-103798,3/13/2023,Jacket,Clothing,5,444.86,0,42,Credit Card,Los Angeles
ORD-103369,12/31/2023,Lip Balm,Beauty,5,396.13,0.2,41,Apple Pay,New York
ORD-107197,4/22/2023,History Book,Books,8,356.3,0.15,19,DEBIT CARD,New York
ORD-109932,12/13/2023,USB-C Cable,Electronics,6,253.05,0.05,59,Cash,Phoenix
ORD-105110,5/10/2023,Moisturizer,Beauty,7,293.88,0.1,65,Cash,New York
ORD-106025,9/18/2023,Biography,Books,4,166.44,0.1,200,Apple Pay,Houston
ORD-108796,1/31/2023,T-Shirt,Clothing,2,317.09,0.05,37,Credit Card,New York
ORD-109569,1/11/2023,Python Guide,BOOKS,7,449.73,0.05,49,PayPal,Houston
ORD-100127,11/8/2023,Monitor,Electronics,9,212.03,0.05,62,Debit Card,Los Angeles
ORD-105960,8/21/2023,Hoodie,Clothing,2,484.2,0.1,74,Apple Pay,Houston
ORD-103877,8/28/2023,T-Shirt,Clothing,4,118.02,0.05,65,PayPal,Online
ORD-104452,1/14/2023,Blender,Home & Kitchen,9,430.48,0.1,21,PayPal,Houston
ORD-107148,9/23/2023,USB-C Cable,Electronics,6,289.27,0.15,30,PayPal,Houston
ORD-103532,5/18/2023,Hoodie,Clothing,1,N/A,0.2,65,Debit Card,Phoenix
ORD-100828,3/3/2023,History Book,Books,5,389.36,0,60,Credit Card,Houston
ORD-107791,8/23/2023,Wireless Mouse,Electronics,5,490.89,0.2,46,credit card,Online
ORD-100985,2023-13-45,USB-C Cable,Electronics,7,367.09,0.2,40,Apple Pay,Phoenix
ORD-107784,7/12/2023,Monitor,ELECTRONICS,2,105.68,0.2,19,Apple Pay,Houston
ORD-102444,9/19/2023,Shampoo,Beauty,2,70.42,0.05,38,Cash,Phoenix
ORD-108555,6/5/2023,Lip Balm,Beauty,1,252.87,0.2,57,PayPal,Online
ORD-100346,3/28/2023,Cookware Set,Home & Kitchen,8,205.63,0.05,61,Apple Pay,Phoenix
ORD-100815,11/9/2023,Blender,Home & Kitchen,7,419.76,0,46,Cash,Houston
ORD-106167,8/19/2023,Sunscreen,Beauty,5,348.73,0.15,39,Credit Card,Los Angeles
ORD-105780,5/17/2023,Python Guide,Books,4,333.75,0.1,65,,Chicago
ORD-102117,12/5/2023,Biography,Books,5,37.18,0.2,33,Cash,Phoenix
ORD-100794,3/2/2023,Perfume,Beauty,2,35.95,0.05,999,Cash,Online
ORD-106899,5/27/2023,Fiction Novel,Books,9,67,0.05,33,Debit Card,New York
ORD-102675,9/3/2023,Sunscreen,Beauty,5,433.39,0.1,62,PayPal,Houston
ORD-100095,7/15/2023,Wireless Mouse,Electronics,2,134.04,0.05,70,Cash,Chicago
ORD-104226,9/7/2023,Jeans,Clothing,3,77.09,0.1,63,Credit Card,Chicago
ORD-103757,3/14/2023,Hoodie,Clothing,8,347.76,0.2,34,PayPal,Chicago
ORD-102892,4/30/2023,Data Science 101,Books,8,0,0.05,58,PayPal,Los Angeles
ORD-102372,10/25/2023,Headphones,Electronics,8,368.84,0.1,56,Apple Pay,Chicago
ORD-109666,11/15/2023,Wireless Mouse,Electronics,5,425.22,0,52,Apple Pay,New York
ORD-103229,4/27/2023,Fiction Novel,Books,9,350.63,0.1,43,PayPal,Online
ORD-107864,8/14/2023,Mug,Home & Kitchen,N/A,280.02,0.15,71,Credit Card,Phoenix
ORD-106360,1/5/2023,Jeans,Clothing,1,50000,0.1,45,Credit Card,Chicago
ORD-109470,6/14/2023,Sunscreen,Beauty,4,436.99,0.05,56,Credit Card,Chicago
ORD-107327,4/6/2023,Blender,Home & Kitchen,5,189.01,0.2,200,Debit Card,Houston
ORD-106029,3/17/2023,Lip Balm,Beauty,9,368.4,,72,Debit Card,Houston
ORD-101866,10/29/2023,History Book,Books,3,280.56,0,52,Credit Card,Houston
ORD-104613,2/8/2023,Lip Balm,BEAUTY,3,284.92,0.2,48,PayPal,Houston
ORD-102646,6/6/2023,Perfume,Beauty,9,336.83,0.05,39,PayPal,Los Angeles
ORD-102244,1/25/2023,Biography,Books,4,124.75,0.05,-1,Cash,Online
ORD-105374,12/12/2023,Data Science 101,Books,5,331.32,0.1,41,Credit Card,Houston
ORD-102337,12/21/2023,Python Guide,Books,6,454.91,0.1,49,Apple Pay,Los Angeles
ORD-100951,10/21/2023,Python Guide,Books,1,412.13,0.2,32,Debit Card,Phoenix
ORD-101121,8/26/2023,T-Shirt,Clothing,7,50000,0.2,61,PayPal,New York
ORD-102205,3/28/2023,Moisturizer,Beauty,1,269.19,0.15,30,Credit Card,Chicago
ORD-100420,Invalid_Date,Moisturizer,Beauty,6,83.86,0.15,50,Debit Card,Chicago
ORD-100923,8/9/2023,Mechanical Keyboard,Electronics,7,467.91,0.05,30,Cash,Los Angeles
ORD-108670,5/30/2023,Coffee Maker,HOME & KITCHEN,5,72.49,0.2,19,Credit Card,Online
ORD-105409,1/6/2023,Lip Balm,Beauty,2,276.23,0.05,,PayPal,Los Angeles
ORD-105789,Invalid_Date,Headphones,Electronics,2,327.46,0,18,Credit Card,Chicago
ORD-105743,11/10/2023,Headphones,Electronics,2,239.13,0,60,Debit Card,Chicago
ORD-107668,5/10/2023,History Book,Books,9,473.59,0.05,52,Cash,Phoenix
ORD-105568,7/12/2023,USB-C Cable,Electronics,5,9999.99,0.2,46,Apple Pay,Chicago
ORD-108136,5/31/2023,Shampoo,Beauty,6,280.72,0,19,PayPal,Online
ORD-101203,9/7/2023,Hoodie,Clothing,6,9.91,0.05,21,Apple Pay,Los Angeles
ORD-105766,5/12/2023,Hoodie,Clothing,5,459.29,0.15,23,Debit Card,houston
ORD-108390,4/25/2023,Python Guide,BOOKS,3,121.77,0.05,51,Credit Card,Online
ORD-101971,10/15/2023,Blender,Home & Kitchen,7,314.23,0.1,74,Cash,Phoenix
ORD-104019,4/13/2023,Coffee Maker,Home & Kitchen,1,332.75,0,73,Apple Pay,New York
ORD-103688,10/30/2023,Biography,Books,9,460.18,0.05,999,Cash,Houston
ORD-101998,5/7/2023,Cookware Set,Home & Kitchen,2,176.19,0,24,Apple Pay,Online
ORD-104034,11/23/2023,USB-C Cable,Electronics,1,314.76,0,45,Cash,Houston
ORD-101249,6/30/2023,Moisturizer,Beauty,1,225.2,0.1,19,Debit Card,Online
ORD-102193,8/19/2023,History Book,Books,9,431.86,0.1,71,Apple Pay,Chicago
ORD-102713,5/20/2023,Socks,Clothing,8,484.09,0.15,63,Cash,New York
ORD-109185,12/3/2023,Lip Balm,Beauty,8,461.47,0,50,Apple Pay,Houston
ORD-102191,3/1/2023,Python Guide,Books,5,55.6,0.1,45,Credit Card,Houston
ORD-104671,12/13/2023,Monitor,Electronics,4,298.26,0.15,42,PayPal,Houston
ORD-105143,9/1/2023,USB-C Cable,Electronics,7,458.83,0.05,35,PayPal,Online
ORD-105985,3/24/2023,Monitor,Electronics,6,186.44,0.15,71,Apple Pay,Online
ORD-106566,12/22/2023,Headphones,Electronics,3,462.06,0.1,38,PayPal,Phoenix
ORD-107805,2/11/2023,Air Fryer,Home & Kitchen,8,378.99,0.05,39,Cash,Online
ORD-106944,12/25/2023,Perfume,Beauty,1,207.39,0.05,19,Credit Card,Los Angeles
ORD-102137,2/14/2023,Sunscreen,Beauty,6,466.11,0.2,43,Apple Pay,Los Angeles
ORD-101066,6/3/2023,Cookware Set,Home & Kitchen,7,120.7,0.05,44,Debit Card,Chicago
ORD-100601,12/16/2023,Socks,Clothing,6,-1,0.05,34,Debit Card,Online
ORD-104228,5/23/2023,Coffee Maker,Home & Kitchen,2,396.98,0.15,60,Cash,Houston
ORD-107578,1/15/2023,Air Fryer,Home & Kitchen,6,234.52,0.1,25,Debit Card,Los Angeles
ORD-100078,4/2/2023,Hoodie,Clothing,8,-5,0.05,72,Apple Pay,New York
ORD-107547,10/3/2023,History Book,Books,7,469.83,,25,Credit Card,Los Angeles
ORD-102899,4/29/2023,Wireless Mouse,Electronics,6,416.51,0,21,Apple Pay,Houston
ORD-104821,4/19/2023,Wireless Mouse,Electronics,8,364.46,0.2,24,Credit Card,Online
ORD-109579,9/27/2023,Air Fryer,Home & Kitchen,8,412.23,0.2,40,Cash,Chicago
ORD-106414,8/18/2023,Headphones,Electronics,2,324.14,0.1,18,Cash,New York
ORD-109065,2/12/2023,Wireless Mouse,Electronics,7,228.15,0.15,31,Debit Card,Online
ORD-108008,9/9/2023,T-Shirt,Clothing,3,115.96,0.15,53,Cash,Los Angeles
ORD-105469,9/23/2023,Moisturizer,Beauty,0,269.47,0.1,56,Credit Card,Phoenix
ORD-105952,1/28/2023,Air Fryer,Home & Kitchen,7,270.66,0.15,39,Apple Pay,Online
ORD-103392,6/25/2023,Blender,Home & Kitchen,6,6.29,0.2,72,Debit Card,Phoenix
ORD-105416,5/29/2023,History Book,Books,5,26.32,0,20,Credit Card,New York
ORD-102561,12/3/2023,Sunscreen,Beauty,1,,0.05,69,PayPal,Online
ORD-108163,1/31/2023,Fiction Novel,Books,3,321.36,0.05,41,PayPal,Chicago
ORD-102636,8/14/2023,Monitor,Electronics,5,274.95,0.05,68,Apple Pay,Houston
ORD-105257,6/3/2023,Moisturizer,Beauty,3,76.73,0.15,69,Cash,Online
ORD-103531,8/28/2023,Monitor,Electronics,5,226.18,0.1,51,Debit Card,Online
ORD-108568,12/7/2023,Jacket,Clothing,4,177.76,0.05,200,PayPal,Los Angeles
ORD-101909,8/6/2023,T-Shirt,Clothing,3,165.68,0,59,Credit Card,Chicago
ORD-100236,9/3/2023,Mechanical Keyboard,Electronics,9,132.65,0.1,63,Apple Pay,Phoenix
ORD-101605,10/29/2023,Coffee Maker,Home & Kitchen,4,182.91,0.05,26,Cash,Houston
ORD-107985,5/9/2023,USB-C Cable,Electronics,2,50.26,0.15,48,Debit Card,Online
ORD-109311,2/20/2023,Monitor,Electronics,6,21.49,0.1,30,Apple Pay,Chicago
ORD-103491,1/31/2023,Mechanical Keyboard,Electronics,8,144.66,0.2,57,DEBIT CARD,Chicago
ORD-101995,1/15/2023,Socks,Clothing,5,213.45,0.2,57,Debit Card,Online
ORD-102825,3/28/2023,Headphones,Electronics,8,185.45,0.05,23,Cash,Phoenix
ORD-109560,4/16/2023,Socks,clothing,9,361.52,0.2,33,Cash,Phoenix
ORD-101343,4/7/2023,Biography,Books,1,60.41,0.2,60,Credit Card,Houston
ORD-108513,7/21/2023,Coffee Maker,Home & Kitchen,7,216.77,0.2,999,Credit Card,Los Angeles
ORD-101620,6/5/2023,USB-C Cable,Electronics,6,302.26,0.1,42,Apple Pay,New York
ORD-105288,1/30/2023,Jeans,Clothing,6,417.21,0.15,53,Credit Card,Chicago
ORD-102061,11/20/2023,Moisturizer,Beauty,9,28.47,0.15,24,Apple Pay,Houston
ORD-109421,1/1/2023,T-Shirt,CLOTHING,2,464.15,0.15,63,Apple Pay,New York
ORD-102220,9/11/2023,Shampoo,Beauty,3,212.29,0.05,68,Cash,Online
ORD-106039,7/11/2023,T-Shirt,Clothing,2,263.68,0.2,32,Credit Card,Los Angeles
ORD-100261,8/3/2023,Coffee Maker,Home & Kitchen,8,485.67,0.2,35,Debit Card,Online
ORD-109643,10/3/2023,Jeans,Clothing,8,282.2,0.1,23,Apple Pay,Phoenix
ORD-109094,9/22/2023,Moisturizer,Beauty,8,281.72,0.05,53,,Phoenix
ORD-103745,1/2/2023,Moisturizer,Beauty,8,70.91,0,29,Debit Card,Chicago
ORD-102027,8/9/2023,Jacket,Clothing,6,104.17,0.1,44,Cash,Houston
ORD-106989,12/2/2023,Jeans,Clothing,7,325.02,0,45,Apple Pay,Online
ORD-104235,6/1/2023,Jeans,Clothing,Unknown,392.4,0.05,48,PayPal,Los Angeles
ORD-101918,6/22/2023,Cookware Set,Home & Kitchen,5,227.55,0.15,39,Debit Card,Phoenix
ORD-101829,1/23/2023,Jeans,Clothing,8,Unknown,0.2,57,Apple Pay,Online
ORD-106234,7/25/2023,Biography,Books,3,251.52,0.2,200,Debit Card,New York
ORD-109610,1/30/2023,Jacket,Clothing,9,N/A,0.1,60,Credit Card,Los Angeles
ORD-106284,11/4/2023,Sunscreen,Beauty,1,124.86,0,50,PayPal,chicago
ORD-104209,6/18/2023,Jeans,Clothing,4,328.3,0.15,33,Debit Card,New York
ORD-100225,7/1/2023,Jacket,Clothing,4,472.48,0.2,31,Debit Card,Online
ORD-108916,5/20/2023,Perfume,Beauty,5,36.96,0.2,58,Credit Card,New York
ORD-109334,4/28/2023,Jacket,Clothing,5,438.07,0,40,Apple Pay,CHICAGO
ORD-106470,10/10/2023,Coffee Maker,Home & Kitchen,3,Unknown,0.15,40,Credit Card,Chicago
ORD-105197,7/26/2023,Socks,Clothing,5,333.63,0.15,41,PayPal,New York
ORD-100847,4/14/2023,Jeans,Clothing,6,196.17,0.1,74,Debit Card,Online
ORD-104290,8/24/2023,Biography,Books,1,215.41,0.1,43,Cash,Chicago
ORD-105561,4/16/2023,Shampoo,Beauty,6,9999.99,0.05,39,PayPal,New York
ORD-102552,8/7/2023,Sunscreen,Beauty,5,306.22,0.2,30,Debit Card,Los Angeles
ORD-100118,8/1/2023,USB-C Cable,Electronics,5,26.48,0.1,54,Apple Pay,Los Angeles
ORD-108838,6/1/2023,History Book,Books,1,319.39,0.2,36,Apple Pay,Phoenix
ORD-105967,5/20/2023,Data Science 101,Books,6,401.47,0.1,54,PayPal,New York
ORD-108196,4/25/2023,Cookware Set,Home & Kitchen,5,274.34,0.2,58,PayPal,Phoenix
ORD-108660,2/17/2023,Monitor,Electronics,1,26.08,0.15,27,PayPal,Chicago
ORD-107490,1/10/2023,T-Shirt,Clothing,3,181.06,0,63,Apple Pay,Chicago
ORD-100006,2/28/2023,Moisturizer,Beauty,9,149.16,0.05,45,Apple Pay,Houston
ORD-105343,5/23/2023,Fiction Novel,Books,4,11.6,0,21,Cash,Los Angeles
ORD-109112,10/22/2023,Fiction Novel,Books,9,429.91,0.2,59,PayPal,Los Angeles
ORD-104325,10/29/2023,Blender,Home & Kitchen,9,479.12,0.15,62,Apple Pay,Houston
ORD-101064,10/26/2023,Moisturizer,Beauty,3,241.85,0.2,45,Debit Card,Online
ORD-102591,5/5/2023,Jeans,Clothing,7,351.61,,37,Cash,New York
ORD-108435,10/25/2023,Jacket,Clothing,8,484.62,0.15,38,Credit Card,Los Angeles
ORD-109353,5/20/2023,Air Fryer,Home & Kitchen,1,245.13,0.15,50,Apple Pay,Houston
ORD-103736,10/23/2023,USB-C Cable,Electronics,3,57.26,0.1,26,Credit Card,Houston
ORD-103518,7/24/2023,Headphones,Electronics,6,286.74,0,71,Debit Card,Chicago
ORD-106987,2/28/2023,T-Shirt,Clothing,5,396.89,0,69,Apple Pay,Chicago
ORD-106768,2/12/2023,Lip Balm,Beauty,9,191.68,0.2,N/A,Credit Card,Phoenix
ORD-105623,5/8/2023,Fiction Novel,Books,7,477.24,0.2,33,Cash,Los Angeles
ORD-101606,1/12/2023,Biography,Books,1,161.13,0.05,42,Credit Card,Phoenix
ORD-101734,1/15/2023,Socks,Clothing,8,466.11,0.2,61,Credit Card,Online
ORD-109619,11/15/2023,USB-C Cable,Electronics,2,446.6,0,71,Cash,Phoenix
ORD-103813,8/5/2023,Coffee Maker,Home & Kitchen,3,359.9,0.05,18,PayPal,Houston
ORD-109914,5/2/2023,Mug,Home & Kitchen,6,418.79,0.2,61,Credit Card,Phoenix
ORD-101762,7/24/2023,Cookware Set,Home & Kitchen,N/A,194.45,0.05,26,Apple Pay,Online
ORD-105402,5/20/2023,Blender,Home & Kitchen,2,31.75,0.1,54,Debit Card,Los Angeles
ORD-102740,1/31/2023,Wireless Mouse,Electronics,7,330.65,0.15,68,Credit Card,Online
ORD-102473,1/9/2023,Fiction Novel,Books,1,39.6,0,70,Credit Card,Chicago
ORD-106739,11/7/2023,Headphones,Electronics,1,30.01,0.15,66,Apple Pay,Los Angeles
ORD-106892,10/19/2023,Coffee Maker,Home & Kitchen,1,46.25,0.05,40,Cash,Phoenix
ORD-107944,10/5/2023,Biography,Books,4,371.13,0.1,18,Cash,Los Angeles
ORD-104207,8/14/2023,Shampoo,Beauty,6,304.59,0.1,31,PayPal,Houston
ORD-106372,1/15/2023,Cookware Set,Home & Kitchen,4,104.32,0.15,63,Credit Card,New York
ORD-109362,7/20/2023,Sunscreen,Beauty,6,327.67,0.05,57,Credit Card,Los Angeles
ORD-100233,4/30/2023,Perfume,Beauty,1,434.89,0.1,63,Cash,New York
ORD-108259,10/28/2023,Biography,Books,1,337.49,0.15,32,Apple Pay,Houston
ORD-107562,9/26/2023,T-Shirt,Clothing,2,240.21,0.2,58,Credit Card,New York
ORD-106169,3/25/2023,Blender,Home & Kitchen,5,360,0,30,Debit Card,Chicago
ORD-103597,2/9/2023,Mechanical Keyboard,Electronics,4,303.11,0,47,Debit Card,Houston
ORD-106289,2/8/2023,Mechanical Keyboard,Electronics,5,404.45,0.1,55,Cash,Phoenix
ORD-104633,8/9/2023,Coffee Maker,Home & Kitchen,8,44.71,0.2,55,Cash,Chicago
ORD-100126,3/23/2023,Shampoo,Beauty,3,412.16,0.1,22,Cash,Phoenix
ORD-107642,11/2/2023,Coffee Maker,Home & Kitchen,4,147.53,0,55,Credit Card,Phoenix
ORD-106230,2/18/2023,Mechanical Keyboard,Electronics,7,310.25,0,49,PayPal,new york
ORD-101297,5/20/2023,Hoodie,Clothing,6,89.03,0.05,70,Apple Pay,New York
ORD-101977,1/21/2023,History Book,Books,6,252.65,0,36,Credit Card,Los Angeles
ORD-100622,2/11/2023,Mug,Home & Kitchen,5,417.66,0.05,49,Cash,New York
ORD-109717,5/31/2023,Wireless Mouse,Electronics,6,133.75,0.2,47,PayPal,Phoenix
ORD-105751,7/2/2023,History Book,Books,4,77.41,0.05,49,Debit Card,New York
ORD-108153,2/16/2023,Perfume,Beauty,1,129.91,0.15,47,Cash,Chicago
ORD-103087,10/16/2023,Mug,Home & Kitchen,2,293.95,0.1,31,Cash,Chicago
ORD-109573,2/21/2023,Headphones,Electronics,8,247.93,0.15,42,Apple Pay,Los Angeles
ORD-106883,5/11/2023,History Book,Books,8,297.91,0.1,47,credit card,New York
ORD-109583,9/29/2023,USB-C Cable,Electronics,8,279.38,0.05,26,Apple Pay,Chicago
ORD-107674,5/20/2023,Headphones,Electronics,9,480.72,0,24,Apple Pay,Houston
ORD-103346,6/21/2023,Headphones,Electronics,6,40.98,0.2,23,Cash,Online
ORD-108173,8/13/2023,Socks,Clothing,1,376.2,0.15,69,Cash,New York
ORD-109701,10/17/2023,Air Fryer,Home & Kitchen,2,40.97,0.2,30,Cash,Phoenix
ORD-105871,7/30/2023,Mechanical Keyboard,Electronics,9,61.68,0.05,999,Debit Card,Houston
ORD-106507,8/14/2023,Perfume,Beauty,8,27.81,0.15,29,Apple Pay,Online
ORD-102798,5/15/2023,T-Shirt,Clothing,9,51.26,0.1,61,Credit Card,New York
ORD-100919,9/30/2023,Mechanical Keyboard,Electronics,4,231.87,0.05,25,Credit Card,New York
ORD-101647,1/25/2023,Mechanical Keyboard,Electronics,4,189.06,,34,Apple Pay,Online
ORD-105123,1/22/2023,Jeans,Clothing,8,117.9,0.1,26,Apple Pay,Houston
ORD-105127,3/13/2023,USB-C Cable,Electronics,5,125.12,0.2,68,Credit Card,Chicago
ORD-104622,1/28/2023,Air Fryer,Home & Kitchen,6,77.12,0,61,Cash,Online
ORD-106810,11/1/2023,Data Science 101,Books,3,238.22,0,24,PayPal,Online
ORD-100365,1/8/2023,Air Fryer,Home & Kitchen,2,104.92,0.05,38,Debit Card,Chicago
ORD-102126,1/24/2023,T-Shirt,Clothing,9,499.86,0,33,Debit Card,Chicago
ORD-108151,9/5/2023,History Book,Books,4,311.33,0,73,Apple Pay,Chicago
ORD-108718,5/2/2023,Jacket,Clothing,4,254.12,0.05,63,Debit Card,Houston
ORD-100056,10/16/2023,Hoodie,Clothing,4,357.53,0.2,65,Apple Pay,Houston
ORD-100639,1/13/2023,Data Science 101,Books,3,226.92,0.2,48,PayPal,Houston
ORD-100303,7/11/2023,Shampoo,Beauty,2,436.41,0.2,29,Apple Pay,Phoenix
ORD-105812,5/20/2023,Blender,Home & Kitchen,8,57.74,0.2,62,Credit Card,Chicago
ORD-101277,11/26/2023,Mechanical Keyboard,Electronics,2,65.1,0.05,23,Cash,Chicago
ORD-104433,6/13/2023,Jacket,Clothing,8,461.33,0.1,32,,Online
ORD-103645,9/12/2023,Perfume,Beauty,9,132.7,0.1,48,Apple Pay,Houston
ORD-104144,5/20/2023,USB-C Cable,Electronics,1,463.46,0.05,33,Debit Card,Online
ORD-102879,3/20/2023,Monitor,Electronics,1,482.35,0.1,44,PayPal,Los Angeles
ORD-106494,5/20/2023,Socks,Clothing,9,268.29,0.1,60,Credit Card,Los Angeles
ORD-105241,8/15/2023,Data Science 101,Books,7,227.02,0,52,Credit Card,New York
ORD-109687,7/9/2023,Fiction Novel,Books,5,420.82,0.1,40,PayPal,Chicago
ORD-106938,4/13/2023,Blender,Home & Kitchen,5,420.01,0,57,Credit Card,Phoenix
ORD-107241,9/26/2023,Sunscreen,Beauty,8,285.03,0.05,39,Debit Card,Los Angeles
ORD-102594,9/8/2023,Hoodie,Clothing,2,354.86,0.05,62,Apple Pay,Online
ORD-102394,1/13/2023,History Book,Books,7,486.22,0.15,58,Credit Card,Phoenix
ORD-100524,1/22/2023,Biography,Books,5,74.78,0,19,Credit Card,Houston
ORD-106377,6/27/2023,Python Guide,Books,6,347.07,0.2,22,Cash,Houston
ORD-106982,4/22/2023,Perfume,Beauty,9,367.86,0.15,26,Cash,Phoenix
ORD-106678,12/25/2023,Python Guide,Books,7,323.29,0.15,62,Credit Card,Houston
ORD-103901,10/1/2023,Air Fryer,Home & Kitchen,5,76.49,0.15,30,Credit Card,Houston
ORD-109924,5/16/2023,Socks,Clothing,8,491.34,0.1,43,Debit Card,Houston
ORD-105586,3/30/2023,Moisturizer,Beauty,6,109.01,0.05,37,Credit Card,Chicago
ORD-100036,4/23/2023,Socks,Clothing,8,352.99,0,69,Credit Card,Online
ORD-107957,2/26/2023,Jeans,Clothing,1,257.16,0.2,19,Debit Card,Online
ORD-107571,8/17/2023,Mug,Home & Kitchen,8,38.57,0,19,Credit Card,Chicago
ORD-106778,10/22/2023,Headphones,Electronics,N/A,239.03,0.15,29,Cash,New York
ORD-100672,10/31/2023,Python Guide,Books,1,183.22,0.15,58,Cash,Chicago
ORD-104189,10/1/2023,Data Science 101,Books,6,222.95,0.1,56,PayPal,Chicago
ORD-100667,8/6/2023,USB-C Cable,Electronics,5,62.43,0.2,50,PayPal,Online
ORD-103267,1/21/2023,Moisturizer,Beauty,5,366.31,0.1,48,debit card,Houston
ORD-101888,7/8/2023,Air Fryer,Home & Kitchen,9,143.4,,43,Cash,Houston
ORD-108473,2/23/2023,Moisturizer,Beauty,9,98.72,0.15,62,Cash,New York
ORD-109092,12/16/2023,Sunscreen,Beauty,2,188.62,0.05,21,Cash,New York
ORD-107688,2/27/2023,Python Guide,Books,2,485.58,0.1,35,Cash,Chicago
ORD-106032,8/16/2023,History Book,Books,6,388.37,0.1,21,PayPal,Chicago
ORD-106091,3/15/2023,Jeans,Clothing,7,48.54,0.05,71,Apple Pay,Online
ORD-106239,9/22/2023,Jeans,Clothing,2,92.13,0.2,28,Debit Card,Phoenix
ORD-107351,10/27/2023,Lip Balm,Beauty,5,314.59,,73,Cash,Houston
ORD-107831,11/30/2023,Sunscreen,Beauty,9,156.85,0,73,Cash,Houston
ORD-100761,5/31/2023,Moisturizer,Beauty,9,82.85,0.05,73,Debit Card,New York
ORD-106255,6/30/2023,T-Shirt,Clothing,5,205.32,,63,Apple Pay,Chicago
ORD-101907,8/6/2023,Moisturizer,Beauty,7,480.99,0.05,48,Apple Pay,Chicago
ORD-103819,7/15/2023,Sunscreen,Beauty,9,74.65,0.15,40,PayPal,Los Angeles
ORD-106270,4/5/2023,Sunscreen,Beauty,5,386.31,0,31,Cash,New York
ORD-104301,1/3/2023,Cookware Set,Home & Kitchen,3,485.36,0.05,200,Credit Card,Chicago
ORD-105570,5/28/2023,Hoodie,Clothing,3,210.05,0.15,20,PayPal,Los Angeles
ORD-107942,10/29/2023,Sunscreen,Beauty,8,309.45,0.15,33,Apple Pay,Chicago
ORD-104165,5/7/2023,Jeans,Clothing,9,375.4,0,66,Apple Pay,Los Angeles
ORD-105972,10/30/2023,Sunscreen,Beauty,6,465.76,0.2,55,Credit Card,Houston
ORD-103580,5/20/2023,Jeans,Clothing,3,376.12,0.2,28,PayPal,Chicago
ORD-102833,1/10/2023,Shampoo,Beauty,7,472.1,0.05,59,Debit Card,New York
ORD-105450,7/29/2023,Wireless Mouse,Electronics,5,384.34,0.1,71,PayPal,Houston
ORD-103473,8/26/2023,Socks,Clothing,1,,0.05,51,Credit Card,New York
ORD-106328,8/11/2023,Lip Balm,Beauty,-5,317.17,0.1,38,Debit Card,Online
ORD-100138,11/2/2023,Wireless Mouse,Electronics,6,416.53,0.15,18,Cash,Los Angeles
ORD-107044,2/16/2023,Mechanical Keyboard,Electronics,3,100.56,0.1,44,Credit Card,Los Angeles
ORD-104893,1/27/2023,USB-C Cable,Electronics,2,88.69,0.1,38,PayPal,Online
ORD-102181,7/31/2023,Sunscreen,Beauty,2,331.37,0.15,43,Debit Card,houston
ORD-107731,8/14/2023,T-Shirt,Clothing,6,224.66,,72,Credit Card,New York
ORD-103178,6/15/2023,Python Guide,Books,7,116.3,0.2,68,PayPal,Phoenix
ORD-104855,2/28/2023,Socks,Clothing,2,471.28,0,56,Credit Card,New York
ORD-104638,3/7/2023,Monitor,Electronics,6,48.41,0,20,Debit Card,Chicago
ORD-105116,2/28/2023,Wireless Mouse,Electronics,1,492.55,0.1,65,paypal,Chicago
ORD-109578,10/12/2023,USB-C Cable,Electronics,6,48.01,0.05,20,Debit Card,Online
ORD-107649,6/16/2023,Lip Balm,Beauty,4,14.75,0.15,67,Cash,Houston
ORD-104262,5/16/2023,Wireless Mouse,Electronics,1,91.16,0.05,23,Apple Pay,New York
ORD-101332,3/25/2023,Moisturizer,Beauty,7,83.43,0.15,33,Apple Pay,new york
ORD-107003,10/7/2023,Jacket,Clothing,8,359.35,0.05,27,Cash,Online
ORD-109551,11/1/2023,Cookware Set,Home & Kitchen,4,410.41,0.2,35,PayPal,Online
ORD-106942,7/27/2023,Headphones,Electronics,2,388.27,,27,PayPal,Houston
ORD-108018,2/10/2023,Blender,Home & Kitchen,7,196.1,0.05,73,Apple Pay,Online
ORD-106242,5/22/2023,Fiction Novel,Books,6,224.28,0,38,Apple Pay,houston
ORD-109522,1/26/2023,Air Fryer,HOME & KITCHEN,3,18.77,0,47,Cash,Phoenix
ORD-102234,9/19/2023,Monitor,Electronics,3,248.87,0.15,56,Cash,New York
ORD-106882,6/3/2023,USB-C Cable,Electronics,3,228.41,0.05,44,Credit Card,Online
ORD-104531,5/18/2023,Socks,Clothing,9,,0.15,23,Cash,Houston
ORD-104674,8/12/2023,Shampoo,Beauty,6,309.96,0.15,64,Cash,Online
ORD-106997,12/15/2023,Jeans,Clothing,1,371.3,0,71,Apple Pay,Chicago
ORD-101253,2/15/2023,Mug,Home & Kitchen,5,302.69,0.15,33,Apple Pay,Houston
ORD-103375,5/20/2023,History Book,Books,4,74.78,0.2,65,Debit Card,Houston
ORD-102815,4/20/2023,USB-C Cable,Electronics,3,50000,0.2,68,Credit Card,Houston
ORD-104720,7/8/2023,USB-C Cable,Electronics,2,351.07,0.2,43,PayPal,Houston
ORD-106545,2023-13-45,Data Science 101,Books,1,493.48,0.15,43,Apple Pay,Chicago
ORD-104859,1/15/2023,Python Guide,Books,2,338.92,0.1,34,Debit Card,Online
ORD-107902,5/20/2023,Wireless Mouse,Electronics,2,81.47,0.15,48,Debit Card,Los Angeles
ORD-108581,9/5/2023,Mug,Home & Kitchen,Unknown,459.27,0,20,Cash,Chicago
ORD-108428,9/23/2023,Lip Balm,Beauty,4,39.68,0.15,71,Cash,Houston
ORD-101078,12/24/2023,Python Guide,Books,8,492.97,0.05,64,PayPal,Phoenix
ORD-104364,1/31/2023,Hoodie,Clothing,3,5.99,0.15,43,PayPal,New York
ORD-100771,8/6/2023,Perfume,Beauty,9,9999.99,0.2,27,Cash,Los Angeles
ORD-108866,11/30/2023,History Book,Books,6,434.49,0,20,PayPal,New York
ORD-100250,3/14/2023,Moisturizer,Beauty,2,313.55,0,57,Debit Card,Houston
ORD-107240,7/5/2023,Wireless Mouse,Electronics,4,108.68,0.2,58,Cash,Houston
ORD-103420,11/22/2023,Socks,Clothing,8,21.99,0.1,65,Cash,Phoenix
ORD-104977,8/9/2023,Moisturizer,Beauty,5,183.27,0.05,51,Debit Card,Phoenix
ORD-104545,10/30/2023,History Book,Books,2,,0,27,Credit Card,Chicago
ORD-105566,11/14/2023,Socks,Clothing,3,493.84,0,70,Debit Card,Chicago
ORD-107940,1/4/2023,Jeans,Clothing,2,113.86,0,25,Cash,New York
ORD-100717,12/30/2023,T-Shirt,Clothing,9,204.37,0.2,62,Credit Card,Chicago
ORD-109943,5/3/2023,History Book,Books,4,86.58,0.15,40,Credit Card,New York
ORD-102049,10/22/2023,Cookware Set,Home & Kitchen,9,167.25,0.15,69,PayPal,houston
ORD-105998,5/28/2023,Moisturizer,Beauty,2,368.24,0.15,53,PayPal,Los Angeles
ORD-106601,1/15/2023,Python Guide,Books,6,304.48,0.2,65,PayPal,Online
ORD-107246,11/26/2023,Cookware Set,Home & Kitchen,8,9999.99,0,18,Debit Card,Los Angeles
ORD-104179,3/9/2023,Python Guide,Books,6,408.73,0.1,200,Debit Card,New York
ORD-104810,2/6/2023,Cookware Set,Home & Kitchen,6,117.73,0.2,31,Debit Card,Chicago
ORD-109765,4/22/2023,Sunscreen,Beauty,3,287.8,0,57,Debit Card,Chicago
ORD-107141,9/12/2023,Fiction Novel,Books,6,158.62,0.2,18,Debit Card,Online
ORD-107191,1/2/2023,Headphones,Electronics,7,60.22,0,29,Cash,Houston
ORD-101461,5/26/2023,Socks,Clothing,1,239.67,0,74,Debit Card,Chicago
ORD-105990,2/22/2023,Jeans,Clothing,9,119.57,0,42,PayPal,Phoenix
ORD-102001,9/1/2023,USB-C Cable,Electronics,4,116.02,0.05,28,Debit Card,Los Angeles
ORD-108176,12/10/2023,Mechanical Keyboard,electronics,5,479.27,0,56,Debit Card,Phoenix
ORD-100405,1/19/2023,Wireless Mouse,Electronics,8,68.56,0.15,43,Debit Card,Chicago
ORD-100385,2/20/2023,USB-C Cable,Electronics,9,329.07,0.15,38,Credit Card,Houston
ORD-109730,4/6/2023,Headphones,Electronics,3,400.56,0.1,55,Credit Card,Online
ORD-109770,12/1/2023,Air Fryer,home & kitchen,7,146.16,0,52,Apple Pay,Chicago
ORD-101634,7/11/2023,Python Guide,Books,6,138.09,0.1,37,Debit Card,Chicago
ORD-109840,11/4/2023,History Book,Books,7,310.17,0,72,Credit Card,Phoenix
ORD-104785,10/31/2023,USB-C Cable,Electronics,2,79.09,0.05,48,Credit Card,HOUSTON
ORD-109739,1/15/2023,Mechanical Keyboard,Electronics,5,240.83,0.1,67,Cash,Online
ORD-106971,6/18/2023,Shampoo,Beauty,-5,14.7,0.05,55,Debit Card,Houston
ORD-103926,3/13/2023,Blender,Home & Kitchen,8,271.42,0.1,20,PayPal,Phoenix
ORD-104159,12/16/2023,USB-C Cable,Electronics,6,0,0.2,53,Credit Card,Online
ORD-107450,9/29/2023,Headphones,Electronics,2,N/A,0.05,25,Debit Card,Houston
ORD-108416,7/30/2023,Moisturizer,Beauty,1,350.37,0.1,67,Cash,Chicago
ORD-102194,6/15/2023,Blender,home & kitchen,6,447.83,0.2,63,PayPal,Los Angeles
ORD-101016,10/15/2023,History Book,Books,9,74.85,0.15,67,Apple Pay,Phoenix
ORD-105125,6/22/2023,Air Fryer,Home & Kitchen,4,439.27,0.15,64,PayPal,Houston
ORD-107419,9/1/2023,Jacket,Clothing,9,366.74,0.05,73,Debit Card,Houston
ORD-107410,11/2/2023,Shampoo,Beauty,4,301.09,0,71,PayPal,Los Angeles
ORD-108990,10/12/2023,Headphones,Electronics,1,91.06,0.15,58,PayPal,Phoenix
ORD-102872,8/31/2023,Data Science 101,Books,9,354.9,0.1,20,Debit Card,Phoenix
ORD-100010,2023-13-45,Wireless Mouse,Electronics,5,119.29,0.15,24,Cash,New York
ORD-101839,6/6/2023,Air Fryer,Home & Kitchen,1,407.14,0,18,PayPal,Houston
ORD-104805,4/13/2023,Cookware Set,Home & Kitchen,3,103.56,0.15,,PayPal,Chicago
ORD-100256,5/29/2023,Mug,Home & Kitchen,8,380.4,0,40,Debit Card,Houston
ORD-107027,7/1/2023,Socks,Clothing,1,250.59,0.05,49,Cash,Houston
ORD-105714,12/1/2023,Mechanical Keyboard,Electronics,2,473.55,0.1,64,Cash,Phoenix
ORD-103325,5/11/2023,Mechanical Keyboard,Electronics,1,,0,65,Apple Pay,Houston
ORD-107715,4/9/2023,Hoodie,Clothing,2,471.07,0.15,N/A,Cash,Online
ORD-101582,12/26/2023,Lip Balm,beauty,4,83.78,0.1,40,Apple Pay,Phoenix
ORD-100925,7/20/2023,Python Guide,Books,3,50000,0.15,27,PayPal,Phoenix
ORD-102780,2/11/2023,Cookware Set,Home & Kitchen,1,204.77,0.05,53,Apple Pay,Online
ORD-107892,11/28/2023,Hoodie,Clothing,4,56.78,0.1,60,Credit Card,Online
ORD-106133,11/3/2023,Jacket,Clothing,6,141.99,0.15,48,PayPal,New York
ORD-105321,12/29/2023,USB-C Cable,Electronics,6,50000,0,33,Cash,New York
ORD-107313,9/9/2023,Mug,Home & Kitchen,7,387.08,0.2,58,Apple Pay,Houston
ORD-107103,2/23/2023,History Book,Books,8,405.82,,70,Debit Card,Phoenix
ORD-106043,12/21/2023,Jacket,Clothing,8,426.67,0.2,48,Apple Pay,Chicago
ORD-103776,4/3/2023,Fiction Novel,Books,2,84.26,0.15,46,Credit Card,Houston
ORD-104836,5/16/2023,Fiction Novel,Books,7,352.73,0.1,33,Debit Card,Phoenix
ORD-104965,2/15/2023,USB-C Cable,ELECTRONICS,8,247.59,0,25,Apple Pay,Phoenix
ORD-100540,9/3/2023,Jeans,Clothing,4,400.3,0.1,49,Apple Pay,Chicago
ORD-107484,6/29/2023,Socks,Clothing,4,,0.2,74,Debit Card,Chicago
ORD-102746,6/18/2023,Headphones,Electronics,6,256.07,0.1,62,PayPal,Online
ORD-103720,7/21/2023,Sunscreen,Beauty,1,157.19,0.1,39,PayPal,Chicago
ORD-106820,2/13/2023,Perfume,Beauty,7,342.33,0.2,34,Cash,Phoenix
ORD-109338,5/30/2023,Python Guide,Books,3,339.59,0.15,61,debit card,Online
ORD-104469,8/22/2023,Sunscreen,Beauty,2,21.29,0.05,54,Credit Card,Houston
ORD-100668,6/24/2023,Moisturizer,Beauty,9,353.41,0.2,38,Cash,Los Angeles
ORD-107576,12/5/2023,History Book,Books,1,45.99,0.2,41,PAYPAL,Chicago
ORD-108550,1/27/2023,Moisturizer,Beauty,8,-1,0.05,45,Debit Card,Phoenix
ORD-105064,2/24/2023,Moisturizer,Beauty,4,99.77,0,38,Cash,Phoenix
ORD-101354,4/28/2023,T-Shirt,Clothing,3,474.44,0.05,59,credit card,New York
ORD-107115,1/9/2023,History Book,Books,9,201.59,0.05,27,Cash,Chicago
ORD-108188,2/26/2023,Biography,Books,5,346.86,0,41,PayPal,Online
ORD-108663,10/17/2023,Headphones,Electronics,1,171.95,0.05,,Credit Card,Houston
ORD-102704,9/15/2023,Hoodie,Clothing,1,441.61,0.2,44,Cash,Online
ORD-103331,1/15/2023,Headphones,Electronics,5,328.63,0.15,23,Credit Card,Los Angeles
ORD-108054,4/16/2023,Wireless Mouse,Electronics,1,17.35,0.15,22,Apple Pay,Houston
ORD-109589,10/14/2023,Socks,clothing,7,61.37,0.15,35,Debit Card,Chicago
ORD-103585,3/21/2023,USB-C Cable,Electronics,6,161.06,0.15,52,Apple Pay,Online
ORD-109723,Invalid_Date,Headphones,Electronics,2,30.47,0.05,30,Debit Card,Phoenix
ORD-105646,4/25/2023,Hoodie,Clothing,5,484.5,0.1,23,Cash,Chicago
ORD-103377,9/4/2023,Mechanical Keyboard,Electronics,3,102.84,0,62,Debit Card,Houston
ORD-101257,5/1/2023,Mug,Home & Kitchen,7,50000,0.2,37,Credit Card,Online
ORD-106191,8/22/2023,Perfume,Beauty,6,357.63,0.05,47,Cash,Houston
ORD-109443,4/28/2023,Python Guide,Books,4,456.96,0.05,31,PayPal,Phoenix
ORD-105349,5/23/2023,Wireless Mouse,Electronics,4,242.74,0.1,35,Cash,Phoenix
ORD-104176,12/30/2023,Jacket,Clothing,5,193.48,0.1,25,Apple Pay,Chicago
ORD-104911,4/30/2023,Mug,Home & Kitchen,2,63.82,0.15,44,Debit Card,Online
ORD-101853,3/2/2023,Blender,Home & Kitchen,1,218.01,0,66,Credit Card,Online
ORD-106317,9/30/2023,Sunscreen,Beauty,6,253.69,0.2,30,Credit Card,Chicago
ORD-101348,7/17/2023,Fiction Novel,Books,5,292.02,0,46,Credit Card,Phoenix
ORD-102106,9/22/2023,Jacket,Clothing,1,93.75,0.1,56,Debit Card,Phoenix
ORD-100134,3/19/2023,Wireless Mouse,Electronics,3,127.44,0,63,PayPal,Houston
ORD-105030,7/3/2023,Mechanical Keyboard,Electronics,5,422.05,0.15,59,Apple Pay,Online
ORD-100929,3/13/2023,Data Science 101,Books,9,306.12,0.1,0,Credit Card,Phoenix
ORD-100824,5/21/2023,Air Fryer,Home & Kitchen,2,167.14,0,51,Apple Pay,Phoenix
ORD-107577,3/3/2023,Mechanical Keyboard,Electronics,3,203.98,0.1,20,Cash,Los Angeles
ORD-101532,10/6/2023,Mechanical Keyboard,Electronics,9,99.88,0,60,Apple Pay,Los Angeles
ORD-101215,2023-13-45,Wireless Mouse,Electronics,2,455.17,0.2,46,PayPal,Chicago
ORD-100505,3/31/2023,Python Guide,Books,5,354.48,0.15,56,Debit Card,Phoenix
ORD-106531,8/6/2023,Blender,Home & Kitchen,6,449.69,0.1,0,Credit Card,Houston
ORD-103073,5/16/2023,Socks,Clothing,2,489.83,0.05,68,Credit Card,Phoenix
ORD-109577,7/2/2023,Hoodie,Clothing,5,152.35,0.05,-5,Cash,Chicago
ORD-109087,1/23/2023,Fiction Novel,Books,4,317.34,0,70,Debit Card,Chicago
ORD-108648,11/18/2023,Headphones,Electronics,3,498.29,0.15,999,Apple Pay,Los Angeles
ORD-106620,3/2/2023,History Book,Books,4,283.64,0.1,69,Cash,Phoenix
ORD-109274,12/4/2023,Lip Balm,Beauty,1,205.32,0,46,Cash,Houston
ORD-103710,7/10/2023,Hoodie,Clothing,1,9999.99,0.05,68,Debit Card,Los Angeles
ORD-109869,11/20/2023,Data Science 101,Books,1,461.73,0.2,27,Apple Pay,Los Angeles
ORD-104850,6/27/2023,Blender,Home & Kitchen,2,340.75,0.05,54,Apple Pay,Phoenix
ORD-104749,12/26/2023,Biography,Books,7,381,0.2,63,PayPal,New York
ORD-104269,5/17/2023,Cookware Set,Home & Kitchen,5,9999.99,0.05,20,PayPal,New York
ORD-100959,3/14/2023,Lip Balm,Beauty,6,111.27,0.1,65,Debit Card,Los Angeles
ORD-108906,5/25/2023,Mug,Home & Kitchen,6,68.41,0.1,26,PayPal,New York
ORD-104187,12/6/2023,Jacket,Clothing,5,123.32,0.15,28,Apple Pay,Houston
ORD-105302,4/26/2023,Fiction Novel,Books,1,407.74,0.15,43,Cash,Phoenix
ORD-102924,8/16/2023,Monitor,ELECTRONICS,7,468.22,0.2,33,Credit Card,Chicago
ORD-106589,12/9/2023,Mechanical Keyboard,Electronics,7,73.93,0.2,41,PayPal,Houston
ORD-101811,4/6/2023,T-Shirt,Clothing,9,361.38,0.2,38,PayPal,Online
ORD-103487,8/18/2023,Headphones,Electronics,2,290.75,0,60,Cash,Chicago
ORD-107420,1/7/2023,USB-C Cable,Electronics,7,15.2,0.2,43,Apple Pay,Phoenix
ORD-103142,9/18/2023,Monitor,Electronics,8,477.46,0.2,52,Debit Card,Online
ORD-109348,10/15/2023,Sunscreen,Beauty,4,293.73,0.15,54,Debit Card,Chicago
ORD-101325,5/20/2023,Socks,Clothing,6,398.85,0,26,Cash,New York
ORD-104313,8/14/2023,Python Guide,Books,6,330.22,0.15,23,Apple Pay,Chicago
ORD-107495,5/20/2023,Shampoo,Beauty,8,272.46,0.2,24,PayPal,Los Angeles
ORD-108703,3/11/2023,Hoodie,Clothing,3,165.23,0.1,73,Credit Card,Los Angeles
ORD-108692,5/19/2023,Monitor,Electronics,2,377.5,0.2,43,PayPal,Online
ORD-109786,5/20/2023,Python Guide,Books,5,493.43,0.15,21,Cash,Chicago
ORD-109581,1/28/2023,Fiction Novel,Books,2,246.77,0.2,73,Debit Card,New York
ORD-105542,4/23/2023,Mug,Home & Kitchen,5,342.65,0.15,34,PayPal,Chicago
ORD-106173,11/11/2023,Wireless Mouse,Electronics,7,362.27,0.2,48,Debit Card,Chicago
ORD-101541,9/30/2023,Shampoo,Beauty,-1,167.74,0,23,Credit Card,Houston
ORD-109410,9/28/2023,Socks,Clothing,5,345.52,0.1,28,Cash,Phoenix
ORD-102682,6/10/2023,Python Guide,Books,6,412.74,0.15,24,Cash,Online
ORD-108966,3/30/2023,Air Fryer,Home & Kitchen,6,428.69,0.05,20,,Online
ORD-106314,2/22/2023,Cookware Set,Home & Kitchen,1,430.06,0.05,72,Cash,Los Angeles
ORD-101192,3/26/2023,T-Shirt,Clothing,7,377.3,0.05,47,PayPal,Chicago
ORD-105294,1/6/2023,Mechanical Keyboard,Electronics,4,115.56,0.15,N/A,Debit Card,Chicago
ORD-101543,9/16/2023,Air Fryer,Home & Kitchen,5,15.47,0.15,23,Credit Card,New York
ORD-107057,10/28/2023,Shampoo,Beauty,7,9999.99,0.1,54,Credit Card,Houston
ORD-102540,5/12/2023,Coffee Maker,Home & Kitchen,-5,443.61,0,25,Cash,Los Angeles
ORD-100954,1/18/2023,Hoodie,Clothing,7,50000,0.2,45,PayPal,New York
ORD-107242,8/26/2023,Air Fryer,Home & Kitchen,8,18.4,0.1,69,Cash,New York
ORD-106732,2/7/2023,USB-C Cable,Electronics,9,196.67,0.1,58,Credit Card,Chicago
ORD-104847,12/26/2023,Mechanical Keyboard,Electronics,0,194.94,0.1,68,Cash,Chicago
ORD-106802,7/10/2023,Monitor,Electronics,5,154.46,0.2,42,Apple Pay,Houston
ORD-108011,4/16/2023,Air Fryer,Home & Kitchen,7,100,0.1,19,APPLE PAY,New York
ORD-104331,Invalid_Date,Perfume,Beauty,3,481.32,0.05,35,Apple Pay,Online
ORD-108925,1/25/2023,Wireless Mouse,Electronics,9,318.34,0,53,Credit Card,New York
ORD-105335,10/7/2023,History Book,Books,5,469.92,0,74,PayPal,Online
ORD-107331,8/10/2023,Lip Balm,Beauty,5,78.62,0.1,0,Debit Card,Online
ORD-109349,6/22/2023,Shampoo,Beauty,8,311.58,0,28,Cash,houston
ORD-104730,5/26/2023,Moisturizer,Beauty,8,194.95,0.15,53,Credit Card,New York
ORD-106542,2023-13-45,Jeans,Clothing,5,306.53,0.1,32,PayPal,Houston
ORD-105306,3/17/2023,Lip Balm,Beauty,7,244.02,0.1,26,PayPal,Online
ORD-105162,8/23/2023,Shampoo,Beauty,7,289.58,,20,Cash,Chicago
ORD-107861,4/22/2023,Cookware Set,home & kitchen,7,219.24,0.15,70,Debit Card,Houston
ORD-102157,1/13/2023,Lip Balm,Beauty,8,466.41,0.1,61,PayPal,Houston
ORD-101063,7/19/2023,Data Science 101,Books,6,120.11,0.05,43,Debit Card,Online
ORD-101168,2/3/2023,Jeans,Clothing,7,429.33,0.15,42,PayPal,Phoenix
ORD-103637,7/2/2023,Jacket,Clothing,3,480.98,0,69,APPLE PAY,Online
ORD-107652,5/20/2023,Python Guide,Books,3,246.61,0.2,23,Cash,New York
ORD-105589,12/16/2023,Wireless Mouse,Electronics,3,155.44,0.05,34,debit card,Los Angeles
ORD-107193,6/13/2023,Jeans,Clothing,8,419.65,0.2,40,Debit Card,Online
ORD-104492,9/28/2023,Blender,Home & Kitchen,2,74.56,0,20,Debit Card,Phoenix
ORD-107267,5/1/2023,Biography,Books,4,65.4,0,36,Debit Card,Los Angeles
ORD-104981,3/19/2023,Lip Balm,Beauty,8,217.99,0.1,24,Debit Card,Phoenix
ORD-108336,2/7/2023,Moisturizer,Beauty,9,384.08,0.15,150,Credit Card,New York
ORD-104823,9/18/2023,Headphones,Electronics,4,43.32,0.05,63,Credit Card,Phoenix
ORD-104947,11/4/2023,Air Fryer,Home & Kitchen,6,138.3,0.05,24,Apple Pay,New York
ORD-102783,11/26/2023,Hoodie,CLOTHING,6,330.46,0,39,PayPal,Online
ORD-100718,9/5/2023,Socks,Clothing,4,148,0.1,51,PayPal,Online
ORD-102503,10/23/2023,Sunscreen,Beauty,0,455.84,0.1,45,Credit Card,Chicago
ORD-104361,5/9/2023,History Book,Books,3,478.98,0.2,38,Cash,Los Angeles
ORD-104172,1/19/2023,Jeans,Clothing,6,86.19,0.1,55,Apple Pay,Los Angeles
ORD-108083,1/15/2023,Blender,Home & Kitchen,6,235.7,0.05,69,Debit Card,Los Angeles
ORD-104994,5/4/2023,Fiction Novel,Books,2,231.44,0.2,53,Cash,New York
ORD-100396,2/18/2023,Jeans,Clothing,8,-5,0.05,44,Credit Card,Los Angeles
ORD-107187,4/7/2023,Mechanical Keyboard,Electronics,6,393.83,0.1,36,PayPal,Online
ORD-107641,7/8/2023,USB-C Cable,Electronics,9,246.37,0.1,73,Cash,Phoenix
ORD-104493,3/8/2023,T-Shirt,Clothing,4,178.9,0.2,42,Credit Card,Los Angeles
ORD-101366,6/11/2023,Shampoo,Beauty,6,,0.15,35,PayPal,Phoenix
ORD-109809,1/26/2023,Air Fryer,Home & Kitchen,1,443.95,0.05,35,Cash,New York
ORD-108788,4/19/2023,Monitor,Electronics,8,169.83,0.15,64,Debit Card,Phoenix
ORD-105918,Invalid_Date,Mug,Home & Kitchen,9,444.3,0.1,55,Cash,Los Angeles
ORD-104969,7/13/2023,Monitor,ELECTRONICS,9,218.34,0.1,28,Credit Card,Houston
ORD-102915,8/14/2023,Cookware Set,Home & Kitchen,8,86.94,0.15,44,PayPal,Chicago
ORD-105645,3/8/2023,Jacket,Clothing,3,166.02,0.05,66,Apple Pay,Los Angeles
ORD-103767,5/26/2023,Cookware Set,Home & Kitchen,5,346.65,0.1,61,Cash,Chicago
ORD-103441,9/20/2023,T-Shirt,Clothing,7,217.38,0.15,55,Debit Card,Online
ORD-107358,5/1/2023,Socks,Clothing,6,6.08,0.1,19,Debit Card,Chicago
ORD-106807,6/20/2023,Lip Balm,beauty,2,117.67,0.05,21,Apple Pay,Houston
ORD-102144,1/11/2023,Shampoo,Beauty,1,50000,0.2,25,Apple Pay,Chicago
ORD-105105,3/23/2023,Fiction Novel,books,6,308.73,0.05,65,PayPal,New York
ORD-105074,6/17/2023,Sunscreen,Beauty,9,120.55,0.05,58,PayPal,Los Angeles
ORD-101572,10/1/2023,Data Science 101,Books,6,74.92,0.15,29,Apple Pay,Phoenix
ORD-104080,2/22/2023,History Book,Books,2,436.15,0.05,49,Debit Card,Chicago
ORD-101123,10/2/2023,Data Science 101,Books,6,94.54,0.05,29,Apple Pay,Houston
ORD-102787,10/14/2023,Headphones,Electronics,8,453.52,0.1,74,Apple Pay,Los Angeles
ORD-102968,12/25/2023,T-Shirt,Clothing,4,134.26,0.2,48,PAYPAL,New York
ORD-102505,10/16/2023,Moisturizer,Beauty,7,33.79,0.05,47,Cash,Los Angeles
ORD-105989,3/8/2023,Data Science 101,Books,6,350.12,0.1,66,Cash,Houston
ORD-108868,3/1/2023,Perfume,Beauty,5,497.89,0.2,24,Debit Card,Chicago
ORD-107165,3/2/2023,Biography,Books,8,116.57,0.05,64,Credit Card,New York
ORD-100729,Invalid_Date,Socks,Clothing,5,212.63,0.05,37,PayPal,Los Angeles
ORD-107588,11/7/2023,Cookware Set,Home & Kitchen,7,375.17,0.2,30,Apple Pay,Chicago
ORD-107544,3/30/2023,Wireless Mouse,Electronics,7,438.77,0.05,46,Cash,houston
ORD-100413,10/13/2023,History Book,Books,1,497.76,0.15,25,Apple Pay,Phoenix
ORD-109709,3/24/2023,Perfume,Beauty,8,164.84,0,74,Debit Card,Chicago
ORD-105746,9/24/2023,Cookware Set,Home & Kitchen,1,359.05,0.2,23,CREDIT CARD,Houston
ORD-107669,9/14/2023,Moisturizer,Beauty,1,74.43,0.2,47,,Chicago
ORD-100826,3/12/2023,Wireless Mouse,Electronics,8,347.58,0.2,22,Credit Card,ONLINE
ORD-103268,1/27/2023,Fiction Novel,Books,7,215.63,0,74,PayPal,New York
ORD-103975,3/24/2023,Headphones,Electronics,5,6.67,0.1,999,Credit Card,Phoenix
ORD-108809,8/31/2023,Monitor,Electronics,8,127.41,0.15,67,Cash,Online
ORD-108307,2/28/2023,Perfume,Beauty,9,472.01,0,68,Apple Pay,Online
ORD-100418,11/17/2023,Fiction Novel,Books,8,385.46,0,47,Debit Card,Online
ORD-109818,7/4/2023,Moisturizer,Beauty,3,24.02,0.1,39,Debit Card,New York
ORD-106749,2/5/2023,Air Fryer,Home & Kitchen,3,212.54,0.05,59,Apple Pay,Phoenix
ORD-108968,10/12/2023,Perfume,Beauty,4,346.85,0,74,Apple Pay,New York
ORD-102083,5/2/2023,Air Fryer,Home & Kitchen,7,106.33,0.15,27,Apple Pay,Online
ORD-108946,5/20/2023,USB-C Cable,Electronics,9,253.74,0.15,40,Apple Pay,Los Angeles
ORD-103374,1/15/2023,Headphones,Electronics,6,318.73,0.05,46,Apple Pay,Chicago
ORD-105727,4/9/2023,Jeans,Clothing,8,429.38,0,25,PayPal,Houston
ORD-104108,5/12/2023,Socks,Clothing,5,495.02,0.05,68,Credit Card,New York
ORD-104381,12/6/2023,Lip Balm,Beauty,6,233.18,0.1,Unknown,Apple Pay,Online
ORD-107724,7/21/2023,Python Guide,Books,2,25.61,0.05,40,Credit Card,Chicago
ORD-101067,10/2/2023,Mug,Home & Kitchen,6,263.99,,55,Debit Card,Houston
ORD-103914,2/17/2023,Perfume,Beauty,6,300.59,0,51,Credit Card,Phoenix
ORD-105537,10/17/2023,Coffee Maker,Home & Kitchen,3,322.46,0.2,150,Cash,New York
ORD-108003,8/16/2023,Hoodie,Clothing,4,98.08,0.1,33,Apple Pay,Online
ORD-105388,6/14/2023,Shampoo,Beauty,2,9.88,0.2,36,Credit Card,Houston
ORD-105733,5/11/2023,Socks,Clothing,6,428.07,0.1,68,Credit Card,New York
ORD-102739,3/11/2023,Monitor,Electronics,6,,0.1,27,Cash,Chicago
ORD-105053,3/7/2023,Mug,Home & Kitchen,7,N/A,0.1,60,Debit Card,Online
ORD-104001,10/10/2023,Moisturizer,Beauty,2,130.15,0.15,26,Apple Pay,Chicago
ORD-109761,12/1/2023,Coffee Maker,Home & Kitchen,3,,0.15,66,Debit Card,Los Angeles
ORD-102428,3/26/2023,Jacket,Clothing,3,N/A,0.1,58,Apple Pay,Los Angeles
ORD-106834,11/21/2023,Wireless Mouse,Electronics,7,-5,0.1,44,PayPal,Phoenix
ORD-101688,5/20/2023,Data Science 101,Books,8,217.31,0.05,60,Debit Card,Chicago
ORD-100852,6/5/2023,Fiction Novel,Books,1,266.72,0.2,63,Credit Card,Los Angeles
ORD-106304,5/29/2023,Mug,Home & Kitchen,7,50000,0,42,Cash,Chicago
ORD-109088,7/29/2023,Wireless Mouse,Electronics,4,154.66,0.05,74,Cash,Houston
ORD-105879,1/26/2023,T-Shirt,Clothing,8,401.5,0.15,42,PayPal,Chicago
ORD-108528,9/4/2023,Shampoo,Beauty,4,166.09,0,45,Credit Card,Phoenix
ORD-102840,3/27/2023,Socks,Clothing,5,305.2,0.05,63,PayPal,Chicago
ORD-104612,1/15/2023,Jeans,Clothing,1,494.24,0,46,Debit Card,Los Angeles
ORD-109541,12/31/2023,Monitor,Electronics,9,199.62,0.2,21,Apple Pay,Phoenix
ORD-109208,Invalid_Date,Coffee Maker,Home & Kitchen,2,351.77,0.1,56,Debit Card,Los Angeles
ORD-109824,12/11/2023,Jacket,Clothing,5,134.91,0.1,68,PayPal,Houston
ORD-102490,3/20/2023,Jeans,Clothing,4,140.97,0.2,27,Debit Card,Online
ORD-106906,5/24/2023,Mechanical Keyboard,Electronics,9,13.44,0.1,28,PayPal,Houston
ORD-107391,12/8/2023,T-Shirt,Clothing,8,99.04,0,20,PayPal,Chicago
ORD-102850,9/19/2023,Python Guide,Books,2,337.12,0.1,22,Apple Pay,Los Angeles
ORD-106666,Invalid_Date,Mechanical Keyboard,Electronics,8,55.24,0.15,44,PayPal,Houston
ORD-105882,1/19/2023,Cookware Set,Home & Kitchen,2,434.72,0,57,PayPal,Los Angeles
ORD-104453,6/24/2023,Blender,Home & Kitchen,4,303.01,0.15,26,Apple Pay,New York
ORD-107422,4/24/2023,Shampoo,Beauty,3,128.3,0.1,38,Cash,Houston
ORD-109828,5/27/2023,Blender,Home & Kitchen,2,187.58,0.15,67,Cash,Los Angeles
ORD-106485,1/8/2023,USB-C Cable,Electronics,6,18.3,0.15,32,Credit Card,New York
ORD-102480,4/15/2023,Mug,Home & Kitchen,9,273.47,0.15,70,Credit Card,Phoenix
ORD-106618,7/30/2023,Moisturizer,Beauty,3,178.42,0.15,71,Credit Card,Chicago
ORD-102142,7/16/2023,Socks,Clothing,9,79.18,0.15,,Debit Card,Online
ORD-105189,3/25/2023,Sunscreen,Beauty,9,450.51,0.05,26,Debit Card,Houston
ORD-109995,11/22/2023,USB-C Cable,Electronics,2,50000,0.05,72,Debit Card,Phoenix
ORD-102745,1/20/2023,Lip Balm,Beauty,2,206.96,0.05,26,Credit Card,Houston
ORD-107254,10/30/2023,Wireless Mouse,ELECTRONICS,3,55.06,0,41,PayPal,Phoenix
ORD-103507,1/31/2023,History Book,Books,7,8.66,0,40,Cash,Chicago
ORD-101680,2/5/2023,Blender,Home & Kitchen,1,410.09,0.05,29,Apple Pay,New York
ORD-104250,2/17/2023,Lip Balm,Beauty,6,402.77,0.05,45,Cash,Los Angeles
ORD-103148,2/20/2023,T-Shirt,Clothing,8,272.83,0.1,66,PAYPAL,Houston
ORD-108131,6/3/2023,Blender,Home & Kitchen,8,247.84,0.15,,Credit Card,Online
ORD-107005,5/11/2023,Hoodie,Clothing,7,211.94,0.2,150,Credit Card,Online
ORD-100581,9/19/2023,Jacket,Clothing,1,24.68,0.05,44,Credit Card,Chicago
ORD-109663,5/30/2023,Perfume,Beauty,8,242.47,0.15,66,Debit Card,Phoenix
ORD-104071,1/1/2023,Air Fryer,Home & Kitchen,9,314.25,0,18,Cash,Houston
ORD-103344,3/27/2023,Lip Balm,Beauty,5,425.32,0,20,Apple Pay,Online
ORD-107405,5/27/2023,Biography,Books,3,474.9,0,20,Debit Card,Houston
ORD-103673,8/12/2023,Headphones,Electronics,5,44.86,0.05,64,PayPal,Los Angeles
ORD-100560,5/27/2023,Monitor,Electronics,8,68.78,0.1,37,Debit Card,Online
ORD-105238,5/21/2023,Coffee Maker,Home & Kitchen,9,32.02,0.2,42,Apple Pay,New York
ORD-107806,8/8/2023,Shampoo,Beauty,7,62.99,0.1,25,Cash,Online
ORD-100513,12/29/2023,Biography,Books,4,311.75,0,38,Credit Card,New York
ORD-101082,11/4/2023,Mug,Home & Kitchen,2,203.72,0,18,PayPal,New York
ORD-101665,12/8/2023,Shampoo,Beauty,9,204.67,0.2,21,Credit Card,Phoenix
ORD-109205,7/5/2023,Perfume,Beauty,6,365.92,0.15,59,Cash,New York
ORD-101932,3/17/2023,Air Fryer,home & kitchen,4,321.08,0,54,Cash,Phoenix
ORD-109957,1/7/2023,Fiction Novel,Books,9,175.37,0.15,36,Apple Pay,Houston
ORD-101151,9/18/2023,Wireless Mouse,Electronics,4,354.97,0.15,32,PayPal,Houston
ORD-102839,6/24/2023,Fiction Novel,Books,5,246.59,0.05,37,Apple Pay,Phoenix
ORD-105950,4/21/2023,T-Shirt,Clothing,4,194.29,0.05,66,Credit Card,Los Angeles
ORD-108309,1/4/2023,Hoodie,Clothing,4,441.16,0.15,25,PayPal,Chicago
ORD-108933,7/4/2023,Biography,Books,5,10.03,0,57,Apple Pay,New York
ORD-109055,9/1/2023,T-Shirt,Clothing,8,302.25,0.2,,Debit Card,Online
ORD-105178,9/27/2023,Sunscreen,Beauty,5,77.82,0.05,65,Debit Card,Houston
ORD-100831,12/30/2023,Monitor,Electronics,9,437.71,0.1,71,PayPal,New York
ORD-108312,12/4/2023,Moisturizer,Beauty,5,276.28,0.1,150,PayPal,Los Angeles
ORD-104753,5/17/2023,Lip Balm,Beauty,6,142.23,0.05,51,Credit Card,Chicago
ORD-103724,3/10/2023,Monitor,Electronics,9,288.96,0,18,Apple Pay,New York
ORD-107488,8/21/2023,Sunscreen,Beauty,6,230.93,0.15,64,Debit Card,Phoenix
ORD-100636,8/27/2023,Biography,Books,3,303.05,0.15,24,PayPal,Online
ORD-104466,12/26/2023,Shampoo,Beauty,3,27.44,0.1,66,Apple Pay,Chicago
ORD-106800,1/27/2023,Coffee Maker,Home & Kitchen,1,0,0,43,PayPal,Houston
ORD-107988,11/1/2023,Mug,Home & Kitchen,6,,0.1,73,Apple Pay,Houston
ORD-107080,9/23/2023,History Book,Books,3,169.28,0.2,40,Debit Card,Chicago
ORD-106967,1/31/2023,Cookware Set,Home & Kitchen,-1,301.92,0.1,40,Credit Card,Chicago
ORD-104143,6/11/2023,Jeans,Clothing,5,469.05,0.1,74,credit card,Online
ORD-107028,6/30/2023,Jacket,Clothing,7,496.04,0,66,Apple Pay,New York
ORD-109184,8/9/2023,Python Guide,Books,7,71.85,0.05,44,PayPal,Phoenix
ORD-100877,7/28/2023,Biography,Books,6,291.96,0.2,150,Debit Card,New York
ORD-104870,4/21/2023,Lip Balm,Beauty,2,89.26,0.15,72,PayPal,Houston
ORD-105316,5/16/2023,Mechanical Keyboard,Electronics,3,473.81,,54,Apple Pay,Phoenix
ORD-105223,11/27/2023,Perfume,Beauty,9,357.77,0,52,Credit Card,Houston
ORD-100005,1/22/2023,Hoodie,Clothing,1,155.6,0.2,61,Apple Pay,New York
ORD-103052,2/9/2023,USB-C Cable,Electronics,2,40.05,0.05,33,PayPal,New York
ORD-105692,1/15/2023,USB-C Cable,Electronics,6,406.99,0,46,Apple Pay,Chicago
ORD-103125,5/16/2023,Jeans,Clothing,4,336.39,0.05,24,,Online
ORD-102492,5/20/2023,Mug,Home & Kitchen,4,441.67,0,33,Credit Card,Los Angeles
ORD-103855,8/9/2023,Blender,Home & Kitchen,9,48.82,0.1,69,Debit Card,Chicago
ORD-104778,10/4/2023,Air Fryer,Home & Kitchen,3,363.14,0.15,71,CREDIT CARD,Chicago
ORD-109908,1/13/2023,Fiction Novel,Books,3,299.58,0.2,72,Apple Pay,Houston
ORD-107510,6/26/2023,Moisturizer,Beauty,6,334.22,0.1,28,Apple Pay,Houston
ORD-106458,2/18/2023,Blender,Home & Kitchen,9,437.82,0.05,23,Credit Card,Phoenix
ORD-106294,4/29/2023,Headphones,Electronics,8,357.78,0,40,Apple Pay,Chicago
ORD-101149,1/9/2023,T-Shirt,Clothing,4,326.44,0.2,26,Debit Card,Chicago
ORD-100575,11/4/2023,Data Science 101,Books,9,173.7,0.2,39,PayPal,Chicago
ORD-103770,7/30/2023,Wireless Mouse,Electronics,7,388.24,0.2,37,PayPal,Los Angeles
ORD-104147,10/5/2023,Mug,home & kitchen,1,44.62,0.2,52,Credit Card,Houston
ORD-100854,11/22/2023,Biography,Books,4,233.45,0.15,54,Credit Card,Phoenix
ORD-105920,9/23/2023,Jacket,Clothing,4,460.65,0.15,50,Debit Card,Chicago
ORD-109359,7/12/2023,Headphones,Electronics,9,440.41,0.15,27,Apple Pay,Chicago
ORD-106615,10/18/2023,Blender,Home & Kitchen,7,263.73,0.1,59,PayPal,New York
ORD-106003,8/17/2023,USB-C Cable,Electronics,9,223.55,0.1,72,Cash,Houston
ORD-109164,12/2/2023,History Book,Books,3,271.84,0.2,30,Debit Card,Los Angeles
ORD-104496,10/16/2023,USB-C Cable,Electronics,5,86.93,0.2,28,Cash,Chicago
ORD-108174,5/28/2023,Wireless Mouse,Electronics,6,9999.99,0.15,40,Debit Card,Houston
ORD-106656,2/12/2023,USB-C Cable,electronics,5,132.88,0.1,46,Credit Card,Phoenix
ORD-102369,9/3/2023,T-Shirt,Clothing,1,165.71,0.1,65,Apple Pay,Los Angeles
ORD-104781,3/2/2023,Socks,Clothing,9,50000,0.1,30,PayPal,Chicago
ORD-107993,4/9/2023,Sunscreen,Beauty,3,445.37,0.1,,Apple Pay,Phoenix
ORD-102951,12/19/2023,Fiction Novel,Books,7,142.14,0.15,150,Credit Card,Phoenix
ORD-105626,6/3/2023,Fiction Novel,Books,7,N/A,0.2,30,Cash,Phoenix
ORD-106972,5/12/2023,Shampoo,Beauty,9,387.92,0.05,55,Credit Card,Online
ORD-108717,7/27/2023,Coffee Maker,Home & Kitchen,1,430.32,0.05,45,debit card,Los Angeles
ORD-101842,3/11/2023,Jeans,Clothing,9,131.86,0,71,CREDIT CARD,Houston
ORD-105987,7/19/2023,Lip Balm,Beauty,5,15.85,0.2,71,Credit Card,New York
ORD-100538,8/8/2023,Fiction Novel,Books,2,50000,0,72,Cash,New York
ORD-102807,6/2/2023,Wireless Mouse,Electronics,5,327.34,0.2,38,PayPal,Online
ORD-105802,11/20/2023,T-Shirt,Clothing,7,309.4,0,48,Apple Pay,Online
ORD-105597,3/4/2023,Air Fryer,Home & Kitchen,6,406.24,0.1,40,Apple Pay,Phoenix
ORD-107207,9/23/2023,Blender,Home & Kitchen,6,75.75,0,53,PayPal,Los Angeles
ORD-107344,9/17/2023,USB-C Cable,Electronics,1,441.29,0,29,Credit Card,Chicago
ORD-107561,2/28/2023,Blender,Home & Kitchen,2,416.84,0.05,39,Apple Pay,chicago
ORD-108097,11/21/2023,Hoodie,Clothing,7,318.59,0.15,25,Apple Pay,Houston
ORD-100785,2023-13-45,Mechanical Keyboard,Electronics,1,273.29,0,27,Debit Card,New York
ORD-101410,4/12/2023,Shampoo,Beauty,5,206.91,0.05,44,Debit Card,Houston
ORD-100155,4/23/2023,Cookware Set,Home & Kitchen,4,,0.1,69,Cash,Phoenix
ORD-107807,1/15/2023,Fiction Novel,Books,9,246.09,0.1,71,Credit Card,Online
ORD-103010,3/30/2023,Python Guide,Books,6,140.14,0.2,18,Apple Pay,Houston
ORD-101687,3/23/2023,Python Guide,Books,2,48.94,0.15,58,Debit Card,Houston
ORD-104015,6/28/2023,Perfume,Beauty,7,471.01,0.15,63,Debit Card,Houston
ORD-107456,9/4/2023,Fiction Novel,Books,4,338.66,0.05,39,Credit Card,Online
ORD-103864,4/17/2023,Perfume,Beauty,9,134.11,0.15,33,Cash,Los Angeles
ORD-102734,5/11/2023,Biography,Books,2,253.69,0,28,Debit Card,New York
ORD-101896,10/12/2023,Sunscreen,Beauty,7,170.4,0.2,23,Debit Card,Houston
ORD-105443,1/30/2023,Perfume,Beauty,4,216.91,,38,Apple Pay,Phoenix
ORD-100570,2/19/2023,Python Guide,Books,3,137.55,0.2,38,PayPal,Phoenix
ORD-106710,2/4/2023,Socks,Clothing,2,79.99,0.05,27,Cash,Online
ORD-105855,10/20/2023,Jacket,Clothing,9,71.37,0.15,36,Cash,Los Angeles
ORD-101817,7/5/2023,Headphones,Electronics,6,379.34,0.2,30,Apple Pay,Los Angeles
ORD-108320,11/20/2023,Fiction Novel,Books,5,301.71,0,49,PayPal,New York
ORD-103395,10/17/2023,USB-C Cable,Electronics,5,,0.05,59,Cash,Houston
ORD-103328,1/15/2023,Monitor,Electronics,2,456.16,0,56,Apple Pay,Online
ORD-108695,9/21/2023,USB-C Cable,Electronics,8,299.83,0,50,Cash,Chicago
ORD-106103,2/21/2023,Mug,Home & Kitchen,9,155.29,0.1,39,Debit Card,Online
ORD-102976,10/1/2023,Headphones,Electronics,4,288.21,0.2,70,,Los Angeles
ORD-100981,10/7/2023,Data Science 101,Books,3,119.53,0.1,48,Credit Card,New York
ORD-100191,10/16/2023,Air Fryer,Home & Kitchen,5,390.39,0.15,39,Debit Card,Chicago
ORD-109332,2/15/2023,Socks,Clothing,2,235.06,0.2,27,Cash,Online
ORD-105089,12/14/2023,Moisturizer,Beauty,2,365.26,0.15,23,Credit Card,Houston
ORD-100700,10/9/2023,History Book,Books,9,346.55,0,67,Debit Card,Phoenix
ORD-108285,9/12/2023,Lip Balm,Beauty,9,N/A,0.15,56,Cash,Phoenix
ORD-100607,12/26/2023,Monitor,Electronics,9,218.34,0.1,65,cash,Los Angeles
ORD-100302,7/12/2023,Data Science 101,Books,1,293.17,0.05,73,PayPal,Los Angeles
ORD-103421,9/12/2023,Data Science 101,Books,1,495.8,0.1,-5,Credit Card,Chicago
ORD-107826,5/20/2023,Air Fryer,Home & Kitchen,1,377.28,0,19,Credit Card,Chicago
ORD-101061,6/22/2023,Mug,Home & Kitchen,6,497.37,0.1,30,Debit Card,Los Angeles
ORD-103445,3/19/2023,Lip Balm,Beauty,2,388.09,0.05,19,PayPal,New York
ORD-101070,6/3/2023,Data Science 101,Books,4,99.02,0.15,60,Apple Pay,NEW YORK
ORD-102206,1/28/2023,Data Science 101,Books,1,171.78,0.1,21,Cash,Houston
ORD-109436,7/9/2023,Fiction Novel,Books,8,239.47,0.1,49,Credit Card,Online
ORD-107340,5/25/2023,Sunscreen,Beauty,6,11.87,0,999,Cash,New York
ORD-108209,4/30/2023,Jacket,Clothing,6,57.27,0.05,69,Credit Card,Phoenix
ORD-107680,9/13/2023,T-Shirt,Clothing,4,57.76,0.2,27,Apple Pay,New York
ORD-104643,12/17/2023,Shampoo,Beauty,6,125.16,0,19,apple pay,Online
ORD-107684,1/10/2023,Cookware Set,Home & Kitchen,9,220.72,0.15,62,PayPal,Online
